/*
 Navicat Premium Data Transfer

 Source Server         : MySQL_81.69.249.173
 Source Server Type    : MySQL
 Source Server Version : 50736
 Source Host           : 81.69.249.173:3307
 Source Schema         : my_blog

 Target Server Type    : MySQL
 Target Server Version : 50736
 File Encoding         : 65001

 Date: 18/10/2022 22:19:47
*/

SET NAMES utf8mb4;
SET FOREIGN_KEY_CHECKS = 0;

-- ----------------------------
-- Table structure for gen_table
-- ----------------------------
DROP TABLE IF EXISTS `gen_table`;
CREATE TABLE `gen_table`  (
  `table_id` bigint(20) NOT NULL AUTO_INCREMENT COMMENT '编号',
  `table_name` varchar(200) CHARACTER SET utf8mb4 COLLATE utf8mb4_general_ci NULL DEFAULT '' COMMENT '表名称',
  `table_comment` varchar(500) CHARACTER SET utf8mb4 COLLATE utf8mb4_general_ci NULL DEFAULT '' COMMENT '表描述',
  `sub_table_name` varchar(64) CHARACTER SET utf8mb4 COLLATE utf8mb4_general_ci NULL DEFAULT NULL COMMENT '关联子表的表名',
  `sub_table_fk_name` varchar(64) CHARACTER SET utf8mb4 COLLATE utf8mb4_general_ci NULL DEFAULT NULL COMMENT '子表关联的外键名',
  `class_name` varchar(100) CHARACTER SET utf8mb4 COLLATE utf8mb4_general_ci NULL DEFAULT '' COMMENT '实体类名称',
  `tpl_category` varchar(200) CHARACTER SET utf8mb4 COLLATE utf8mb4_general_ci NULL DEFAULT 'crud' COMMENT '使用的模板（crud单表操作 tree树表操作）',
  `package_name` varchar(100) CHARACTER SET utf8mb4 COLLATE utf8mb4_general_ci NULL DEFAULT NULL COMMENT '生成包路径',
  `module_name` varchar(30) CHARACTER SET utf8mb4 COLLATE utf8mb4_general_ci NULL DEFAULT NULL COMMENT '生成模块名',
  `business_name` varchar(30) CHARACTER SET utf8mb4 COLLATE utf8mb4_general_ci NULL DEFAULT NULL COMMENT '生成业务名',
  `function_name` varchar(50) CHARACTER SET utf8mb4 COLLATE utf8mb4_general_ci NULL DEFAULT NULL COMMENT '生成功能名',
  `function_author` varchar(50) CHARACTER SET utf8mb4 COLLATE utf8mb4_general_ci NULL DEFAULT NULL COMMENT '生成功能作者',
  `gen_type` char(1) CHARACTER SET utf8mb4 COLLATE utf8mb4_general_ci NULL DEFAULT '0' COMMENT '生成代码方式（0zip压缩包 1自定义路径）',
  `gen_path` varchar(200) CHARACTER SET utf8mb4 COLLATE utf8mb4_general_ci NULL DEFAULT '/' COMMENT '生成路径（不填默认项目路径）',
  `options` varchar(1000) CHARACTER SET utf8mb4 COLLATE utf8mb4_general_ci NULL DEFAULT NULL COMMENT '其它生成选项',
  `create_by` varchar(64) CHARACTER SET utf8mb4 COLLATE utf8mb4_general_ci NULL DEFAULT '' COMMENT '创建者',
  `create_time` datetime(0) NULL DEFAULT NULL COMMENT '创建时间',
  `update_by` varchar(64) CHARACTER SET utf8mb4 COLLATE utf8mb4_general_ci NULL DEFAULT '' COMMENT '更新者',
  `update_time` datetime(0) NULL DEFAULT NULL COMMENT '更新时间',
  `remark` varchar(500) CHARACTER SET utf8mb4 COLLATE utf8mb4_general_ci NULL DEFAULT NULL COMMENT '备注',
  PRIMARY KEY (`table_id`) USING BTREE
) ENGINE = InnoDB AUTO_INCREMENT = 6 CHARACTER SET = utf8mb4 COLLATE = utf8mb4_general_ci COMMENT = '代码生成业务表' ROW_FORMAT = Dynamic;

-- ----------------------------
-- Records of gen_table
-- ----------------------------
INSERT INTO `gen_table` VALUES (1, 'portal_article', '文章信息表', NULL, NULL, 'Article', 'crud', 'com.dragon.portal', 'portal', 'article', '文章信息', 'dragon', '0', '/', '{}', 'admin', '2022-05-08 21:45:47', '', '2022-05-15 22:10:22', NULL);
INSERT INTO `gen_table` VALUES (2, 'sys_job', '定时任务调度表', NULL, NULL, 'SysJob', 'crud', 'com.dragon.system', 'system', 'job', '定时任务调度', 'dragon', '0', '/', NULL, 'admin', '2022-07-16 04:38:32', '', NULL, NULL);
INSERT INTO `gen_table` VALUES (3, 'sys_job_log', '定时任务调度日志表', NULL, NULL, 'SysJobLog', 'crud', 'com.dragon.system', 'system', 'log', '定时任务调度日志', 'dragon', '0', '/', NULL, 'admin', '2022-07-16 04:38:32', '', NULL, NULL);
INSERT INTO `gen_table` VALUES (4, 'sys_logininfor', '系统访问记录', NULL, NULL, 'SysLogininfor', 'crud', 'com.dragon.system', 'system', 'logininfor', '系统访问记录', 'dragon', '0', '/', NULL, 'admin', '2022-07-16 04:38:32', '', NULL, NULL);
INSERT INTO `gen_table` VALUES (5, 'sys_menu', '菜单权限表', NULL, NULL, 'SysMenu', 'crud', 'com.dragon.system', 'system', 'menu', '菜单权限', 'dragon', '0', '/', NULL, 'admin', '2022-07-16 04:38:32', '', NULL, NULL);

-- ----------------------------
-- Table structure for gen_table_column
-- ----------------------------
DROP TABLE IF EXISTS `gen_table_column`;
CREATE TABLE `gen_table_column`  (
  `column_id` bigint(20) NOT NULL AUTO_INCREMENT COMMENT '编号',
  `table_id` varchar(64) CHARACTER SET utf8mb4 COLLATE utf8mb4_general_ci NULL DEFAULT NULL COMMENT '归属表编号',
  `column_name` varchar(200) CHARACTER SET utf8mb4 COLLATE utf8mb4_general_ci NULL DEFAULT NULL COMMENT '列名称',
  `column_comment` varchar(500) CHARACTER SET utf8mb4 COLLATE utf8mb4_general_ci NULL DEFAULT NULL COMMENT '列描述',
  `column_type` varchar(100) CHARACTER SET utf8mb4 COLLATE utf8mb4_general_ci NULL DEFAULT NULL COMMENT '列类型',
  `java_type` varchar(500) CHARACTER SET utf8mb4 COLLATE utf8mb4_general_ci NULL DEFAULT NULL COMMENT 'JAVA类型',
  `java_field` varchar(200) CHARACTER SET utf8mb4 COLLATE utf8mb4_general_ci NULL DEFAULT NULL COMMENT 'JAVA字段名',
  `is_pk` char(1) CHARACTER SET utf8mb4 COLLATE utf8mb4_general_ci NULL DEFAULT NULL COMMENT '是否主键（1是）',
  `is_increment` char(1) CHARACTER SET utf8mb4 COLLATE utf8mb4_general_ci NULL DEFAULT NULL COMMENT '是否自增（1是）',
  `is_required` char(1) CHARACTER SET utf8mb4 COLLATE utf8mb4_general_ci NULL DEFAULT NULL COMMENT '是否必填（1是）',
  `is_insert` char(1) CHARACTER SET utf8mb4 COLLATE utf8mb4_general_ci NULL DEFAULT NULL COMMENT '是否为插入字段（1是）',
  `is_edit` char(1) CHARACTER SET utf8mb4 COLLATE utf8mb4_general_ci NULL DEFAULT NULL COMMENT '是否编辑字段（1是）',
  `is_list` char(1) CHARACTER SET utf8mb4 COLLATE utf8mb4_general_ci NULL DEFAULT NULL COMMENT '是否列表字段（1是）',
  `is_query` char(1) CHARACTER SET utf8mb4 COLLATE utf8mb4_general_ci NULL DEFAULT NULL COMMENT '是否查询字段（1是）',
  `query_type` varchar(200) CHARACTER SET utf8mb4 COLLATE utf8mb4_general_ci NULL DEFAULT 'EQ' COMMENT '查询方式（等于、不等于、大于、小于、范围）',
  `html_type` varchar(200) CHARACTER SET utf8mb4 COLLATE utf8mb4_general_ci NULL DEFAULT NULL COMMENT '显示类型（文本框、文本域、下拉框、复选框、单选框、日期控件）',
  `dict_type` varchar(200) CHARACTER SET utf8mb4 COLLATE utf8mb4_general_ci NULL DEFAULT '' COMMENT '字典类型',
  `sort` int(11) NULL DEFAULT NULL COMMENT '排序',
  `create_by` varchar(64) CHARACTER SET utf8mb4 COLLATE utf8mb4_general_ci NULL DEFAULT '' COMMENT '创建者',
  `create_time` datetime(0) NULL DEFAULT NULL COMMENT '创建时间',
  `update_by` varchar(64) CHARACTER SET utf8mb4 COLLATE utf8mb4_general_ci NULL DEFAULT '' COMMENT '更新者',
  `update_time` datetime(0) NULL DEFAULT NULL COMMENT '更新时间',
  PRIMARY KEY (`column_id`) USING BTREE
) ENGINE = InnoDB AUTO_INCREMENT = 63 CHARACTER SET = utf8mb4 COLLATE = utf8mb4_general_ci COMMENT = '代码生成业务表字段' ROW_FORMAT = Dynamic;

-- ----------------------------
-- Records of gen_table_column
-- ----------------------------
INSERT INTO `gen_table_column` VALUES (1, '1', 'article_id', '文章ID', 'bigint', 'Long', 'articleId', '1', '1', NULL, '1', NULL, NULL, NULL, 'EQ', 'input', NULL, 1, 'admin', '2022-05-08 21:45:47', NULL, '2022-05-15 22:10:22');
INSERT INTO `gen_table_column` VALUES (2, '1', 'article_title', '文章标题', 'varchar(64)', 'String', 'articleTitle', '0', '0', '1', '1', '1', '1', '1', 'EQ', 'input', '', 2, 'admin', '2022-05-08 21:45:47', NULL, '2022-05-15 22:10:22');
INSERT INTO `gen_table_column` VALUES (3, '1', 'article_type', '文章类型（1：原创，2：转载，3：翻译）', 'char(1)', 'String', 'articleType', '0', '0', '1', '1', '1', '1', '1', 'EQ', 'radio', 'portal_article_type', 3, 'admin', '2022-05-08 21:45:47', NULL, '2022-05-15 22:10:22');
INSERT INTO `gen_table_column` VALUES (4, '1', 'cover', '封面', 'bigint', 'Long', 'cover', '0', '0', '1', '1', '1', '1', NULL, 'EQ', 'imageUpload', '', 4, 'admin', '2022-05-08 21:45:47', NULL, '2022-05-15 22:10:22');
INSERT INTO `gen_table_column` VALUES (5, '1', 'summary', '摘要信息', 'varchar(255)', 'String', 'summary', '0', '0', '1', '1', '1', '1', NULL, 'EQ', 'textarea', '', 5, 'admin', '2022-05-08 21:45:47', NULL, '2022-05-15 22:10:22');
INSERT INTO `gen_table_column` VALUES (6, '1', 'publish_type', '发布形式（1：公开，2：私密，3：VIP可见）', 'char(1)', 'String', 'publishType', '0', '0', '1', '1', '1', '1', '1', 'EQ', 'radio', 'portal_article_publish_type', 6, 'admin', '2022-05-08 21:45:47', NULL, '2022-05-15 22:10:22');
INSERT INTO `gen_table_column` VALUES (7, '1', 'content_level', '内容等级（1：初级，2：中级，3：高级）', 'char(1)', 'String', 'contentLevel', '0', '0', '1', '1', '1', '1', '1', 'EQ', 'radio', 'portal_article_content_level', 7, 'admin', '2022-05-08 21:45:47', NULL, '2022-05-15 22:10:22');
INSERT INTO `gen_table_column` VALUES (8, '1', 'status', '文章状态（0：已发布，1：已删除，2：草稿）', 'char(1)', 'String', 'status', '0', '0', '1', '1', '1', '1', '1', 'EQ', 'radio', 'portal_article_status', 8, 'admin', '2022-05-08 21:45:47', NULL, '2022-05-15 22:10:22');
INSERT INTO `gen_table_column` VALUES (9, '1', 'content', '文章内容', 'longblob', 'String', 'content', '0', '0', '1', '1', '1', '1', NULL, 'EQ', 'editor', '', 9, 'admin', '2022-05-08 21:45:47', NULL, '2022-05-15 22:10:22');
INSERT INTO `gen_table_column` VALUES (10, '1', 'create_by', '创建者', 'varchar(64)', 'String', 'createBy', '0', '0', NULL, '1', NULL, NULL, NULL, 'EQ', 'input', NULL, 10, 'admin', '2022-05-08 21:45:47', NULL, '2022-05-15 22:10:22');
INSERT INTO `gen_table_column` VALUES (11, '1', 'create_time', '创建时间', 'datetime', 'Date', 'createTime', '0', '0', NULL, '1', NULL, NULL, NULL, 'EQ', 'datetime', NULL, 11, 'admin', '2022-05-08 21:45:47', NULL, '2022-05-15 22:10:22');
INSERT INTO `gen_table_column` VALUES (12, '1', 'update_by', '更新者', 'varchar(64)', 'String', 'updateBy', '0', '0', NULL, '1', '1', '1', NULL, 'EQ', 'input', NULL, 12, 'admin', '2022-05-08 21:45:47', NULL, '2022-05-15 22:10:22');
INSERT INTO `gen_table_column` VALUES (13, '1', 'update_time', '更新时间', 'datetime', 'Date', 'updateTime', '0', '0', NULL, '1', '1', '1', NULL, 'EQ', 'datetime', NULL, 13, 'admin', '2022-05-08 21:45:47', NULL, '2022-05-15 22:10:23');
INSERT INTO `gen_table_column` VALUES (14, '2', 'job_id', '任务ID', 'bigint(20)', 'Long', 'jobId', '1', '1', NULL, '1', NULL, NULL, NULL, 'EQ', 'input', '', 1, 'admin', '2022-07-16 04:38:32', '', NULL);
INSERT INTO `gen_table_column` VALUES (15, '2', 'job_name', '任务名称', 'varchar(64)', 'String', 'jobName', '1', '0', NULL, '1', NULL, NULL, NULL, 'LIKE', 'input', '', 2, 'admin', '2022-07-16 04:38:32', '', NULL);
INSERT INTO `gen_table_column` VALUES (16, '2', 'job_group', '任务组名', 'varchar(64)', 'String', 'jobGroup', '1', '0', NULL, '1', NULL, NULL, NULL, 'EQ', 'input', '', 3, 'admin', '2022-07-16 04:38:32', '', NULL);
INSERT INTO `gen_table_column` VALUES (17, '2', 'invoke_target', '调用目标字符串', 'varchar(500)', 'String', 'invokeTarget', '0', '0', '1', '1', '1', '1', '1', 'EQ', 'textarea', '', 4, 'admin', '2022-07-16 04:38:32', '', NULL);
INSERT INTO `gen_table_column` VALUES (18, '2', 'cron_expression', 'cron执行表达式', 'varchar(255)', 'String', 'cronExpression', '0', '0', NULL, '1', '1', '1', '1', 'EQ', 'input', '', 5, 'admin', '2022-07-16 04:38:32', '', NULL);
INSERT INTO `gen_table_column` VALUES (19, '2', 'misfire_policy', '计划执行错误策略（1立即执行 2执行一次 3放弃执行）', 'varchar(20)', 'String', 'misfirePolicy', '0', '0', NULL, '1', '1', '1', '1', 'EQ', 'input', '', 6, 'admin', '2022-07-16 04:38:32', '', NULL);
INSERT INTO `gen_table_column` VALUES (20, '2', 'concurrent', '是否并发执行（0允许 1禁止）', 'char(1)', 'String', 'concurrent', '0', '0', NULL, '1', '1', '1', '1', 'EQ', 'input', '', 7, 'admin', '2022-07-16 04:38:32', '', NULL);
INSERT INTO `gen_table_column` VALUES (21, '2', 'status', '状态（0正常 1暂停）', 'char(1)', 'String', 'status', '0', '0', NULL, '1', '1', '1', '1', 'EQ', 'radio', '', 8, 'admin', '2022-07-16 04:38:32', '', NULL);
INSERT INTO `gen_table_column` VALUES (22, '2', 'create_by', '创建者', 'varchar(64)', 'String', 'createBy', '0', '0', NULL, '1', NULL, NULL, NULL, 'EQ', 'input', '', 9, 'admin', '2022-07-16 04:38:32', '', NULL);
INSERT INTO `gen_table_column` VALUES (23, '2', 'create_time', '创建时间', 'datetime', 'Date', 'createTime', '0', '0', NULL, '1', NULL, NULL, NULL, 'EQ', 'datetime', '', 10, 'admin', '2022-07-16 04:38:32', '', NULL);
INSERT INTO `gen_table_column` VALUES (24, '2', 'update_by', '更新者', 'varchar(64)', 'String', 'updateBy', '0', '0', NULL, '1', '1', NULL, NULL, 'EQ', 'input', '', 11, 'admin', '2022-07-16 04:38:32', '', NULL);
INSERT INTO `gen_table_column` VALUES (25, '2', 'update_time', '更新时间', 'datetime', 'Date', 'updateTime', '0', '0', NULL, '1', '1', NULL, NULL, 'EQ', 'datetime', '', 12, 'admin', '2022-07-16 04:38:32', '', NULL);
INSERT INTO `gen_table_column` VALUES (26, '2', 'remark', '备注信息', 'varchar(500)', 'String', 'remark', '0', '0', NULL, '1', '1', '1', NULL, 'EQ', 'textarea', '', 13, 'admin', '2022-07-16 04:38:32', '', NULL);
INSERT INTO `gen_table_column` VALUES (27, '3', 'job_log_id', '任务日志ID', 'bigint(20)', 'Long', 'jobLogId', '1', '1', NULL, '1', NULL, NULL, NULL, 'EQ', 'input', '', 1, 'admin', '2022-07-16 04:38:32', '', NULL);
INSERT INTO `gen_table_column` VALUES (28, '3', 'job_name', '任务名称', 'varchar(64)', 'String', 'jobName', '0', '0', '1', '1', '1', '1', '1', 'LIKE', 'input', '', 2, 'admin', '2022-07-16 04:38:32', '', NULL);
INSERT INTO `gen_table_column` VALUES (29, '3', 'job_group', '任务组名', 'varchar(64)', 'String', 'jobGroup', '0', '0', '1', '1', '1', '1', '1', 'EQ', 'input', '', 3, 'admin', '2022-07-16 04:38:32', '', NULL);
INSERT INTO `gen_table_column` VALUES (30, '3', 'invoke_target', '调用目标字符串', 'varchar(500)', 'String', 'invokeTarget', '0', '0', '1', '1', '1', '1', '1', 'EQ', 'textarea', '', 4, 'admin', '2022-07-16 04:38:32', '', NULL);
INSERT INTO `gen_table_column` VALUES (31, '3', 'job_message', '日志信息', 'varchar(500)', 'String', 'jobMessage', '0', '0', NULL, '1', '1', '1', '1', 'EQ', 'textarea', '', 5, 'admin', '2022-07-16 04:38:32', '', NULL);
INSERT INTO `gen_table_column` VALUES (32, '3', 'status', '执行状态（0正常 1失败）', 'char(1)', 'String', 'status', '0', '0', NULL, '1', '1', '1', '1', 'EQ', 'radio', '', 6, 'admin', '2022-07-16 04:38:32', '', NULL);
INSERT INTO `gen_table_column` VALUES (33, '3', 'exception_info', '异常信息', 'varchar(2000)', 'String', 'exceptionInfo', '0', '0', NULL, '1', '1', '1', '1', 'EQ', 'textarea', '', 7, 'admin', '2022-07-16 04:38:32', '', NULL);
INSERT INTO `gen_table_column` VALUES (34, '3', 'create_time', '创建时间', 'datetime', 'Date', 'createTime', '0', '0', NULL, '1', NULL, NULL, NULL, 'EQ', 'datetime', '', 8, 'admin', '2022-07-16 04:38:32', '', NULL);
INSERT INTO `gen_table_column` VALUES (35, '4', 'info_id', '访问ID', 'bigint(20)', 'Long', 'infoId', '1', '1', NULL, '1', NULL, NULL, NULL, 'EQ', 'input', '', 1, 'admin', '2022-07-16 04:38:32', '', NULL);
INSERT INTO `gen_table_column` VALUES (36, '4', 'user_name', '用户账号', 'varchar(50)', 'String', 'userName', '0', '0', NULL, '1', '1', '1', '1', 'LIKE', 'input', '', 2, 'admin', '2022-07-16 04:38:32', '', NULL);
INSERT INTO `gen_table_column` VALUES (37, '4', 'ipaddr', '登录IP地址', 'varchar(128)', 'String', 'ipaddr', '0', '0', NULL, '1', '1', '1', '1', 'EQ', 'input', '', 3, 'admin', '2022-07-16 04:38:32', '', NULL);
INSERT INTO `gen_table_column` VALUES (38, '4', 'login_location', '登录地点', 'varchar(255)', 'String', 'loginLocation', '0', '0', NULL, '1', '1', '1', '1', 'EQ', 'input', '', 4, 'admin', '2022-07-16 04:38:32', '', NULL);
INSERT INTO `gen_table_column` VALUES (39, '4', 'browser', '浏览器类型', 'varchar(50)', 'String', 'browser', '0', '0', NULL, '1', '1', '1', '1', 'EQ', 'input', '', 5, 'admin', '2022-07-16 04:38:32', '', NULL);
INSERT INTO `gen_table_column` VALUES (40, '4', 'os', '操作系统', 'varchar(50)', 'String', 'os', '0', '0', NULL, '1', '1', '1', '1', 'EQ', 'input', '', 6, 'admin', '2022-07-16 04:38:32', '', NULL);
INSERT INTO `gen_table_column` VALUES (41, '4', 'status', '登录状态（0成功 1失败）', 'char(1)', 'String', 'status', '0', '0', NULL, '1', '1', '1', '1', 'EQ', 'radio', '', 7, 'admin', '2022-07-16 04:38:32', '', NULL);
INSERT INTO `gen_table_column` VALUES (42, '4', 'msg', '提示消息', 'varchar(255)', 'String', 'msg', '0', '0', NULL, '1', '1', '1', '1', 'EQ', 'input', '', 8, 'admin', '2022-07-16 04:38:32', '', NULL);
INSERT INTO `gen_table_column` VALUES (43, '4', 'login_time', '访问时间', 'datetime', 'Date', 'loginTime', '0', '0', NULL, '1', '1', '1', '1', 'EQ', 'datetime', '', 9, 'admin', '2022-07-16 04:38:32', '', NULL);
INSERT INTO `gen_table_column` VALUES (44, '5', 'menu_id', '菜单ID', 'bigint(20)', 'Long', 'menuId', '1', '1', NULL, '1', NULL, NULL, NULL, 'EQ', 'input', '', 1, 'admin', '2022-07-16 04:38:32', '', NULL);
INSERT INTO `gen_table_column` VALUES (45, '5', 'menu_name', '菜单名称', 'varchar(50)', 'String', 'menuName', '0', '0', '1', '1', '1', '1', '1', 'LIKE', 'input', '', 2, 'admin', '2022-07-16 04:38:32', '', NULL);
INSERT INTO `gen_table_column` VALUES (46, '5', 'parent_id', '父菜单ID', 'bigint(20)', 'Long', 'parentId', '0', '0', NULL, '1', '1', '1', '1', 'EQ', 'input', '', 3, 'admin', '2022-07-16 04:38:32', '', NULL);
INSERT INTO `gen_table_column` VALUES (47, '5', 'order_num', '显示顺序', 'int(11)', 'Long', 'orderNum', '0', '0', NULL, '1', '1', '1', '1', 'EQ', 'input', '', 4, 'admin', '2022-07-16 04:38:32', '', NULL);
INSERT INTO `gen_table_column` VALUES (48, '5', 'path', '路由地址', 'varchar(200)', 'String', 'path', '0', '0', NULL, '1', '1', '1', '1', 'EQ', 'input', '', 5, 'admin', '2022-07-16 04:38:32', '', NULL);
INSERT INTO `gen_table_column` VALUES (49, '5', 'component', '组件路径', 'varchar(255)', 'String', 'component', '0', '0', NULL, '1', '1', '1', '1', 'EQ', 'input', '', 6, 'admin', '2022-07-16 04:38:32', '', NULL);
INSERT INTO `gen_table_column` VALUES (50, '5', 'query', '路由参数', 'varchar(255)', 'String', 'query', '0', '0', NULL, '1', '1', '1', '1', 'EQ', 'input', '', 7, 'admin', '2022-07-16 04:38:32', '', NULL);
INSERT INTO `gen_table_column` VALUES (51, '5', 'is_frame', '是否为外链（0是 1否）', 'int(11)', 'Long', 'isFrame', '0', '0', NULL, '1', '1', '1', '1', 'EQ', 'input', '', 8, 'admin', '2022-07-16 04:38:32', '', NULL);
INSERT INTO `gen_table_column` VALUES (52, '5', 'is_cache', '是否缓存（0缓存 1不缓存）', 'int(11)', 'Long', 'isCache', '0', '0', NULL, '1', '1', '1', '1', 'EQ', 'input', '', 9, 'admin', '2022-07-16 04:38:32', '', NULL);
INSERT INTO `gen_table_column` VALUES (53, '5', 'menu_type', '菜单类型（M目录 C菜单 F按钮）', 'char(1)', 'String', 'menuType', '0', '0', NULL, '1', '1', '1', '1', 'EQ', 'select', '', 10, 'admin', '2022-07-16 04:38:32', '', NULL);
INSERT INTO `gen_table_column` VALUES (54, '5', 'visible', '菜单状态（0显示 1隐藏）', 'char(1)', 'String', 'visible', '0', '0', NULL, '1', '1', '1', '1', 'EQ', 'input', '', 11, 'admin', '2022-07-16 04:38:32', '', NULL);
INSERT INTO `gen_table_column` VALUES (55, '5', 'status', '菜单状态（0正常 1停用）', 'char(1)', 'String', 'status', '0', '0', NULL, '1', '1', '1', '1', 'EQ', 'radio', '', 12, 'admin', '2022-07-16 04:38:32', '', NULL);
INSERT INTO `gen_table_column` VALUES (56, '5', 'perms', '权限标识', 'varchar(100)', 'String', 'perms', '0', '0', NULL, '1', '1', '1', '1', 'EQ', 'input', '', 13, 'admin', '2022-07-16 04:38:32', '', NULL);
INSERT INTO `gen_table_column` VALUES (57, '5', 'icon', '菜单图标', 'varchar(100)', 'String', 'icon', '0', '0', NULL, '1', '1', '1', '1', 'EQ', 'input', '', 14, 'admin', '2022-07-16 04:38:32', '', NULL);
INSERT INTO `gen_table_column` VALUES (58, '5', 'create_by', '创建者', 'varchar(64)', 'String', 'createBy', '0', '0', NULL, '1', NULL, NULL, NULL, 'EQ', 'input', '', 15, 'admin', '2022-07-16 04:38:32', '', NULL);
INSERT INTO `gen_table_column` VALUES (59, '5', 'create_time', '创建时间', 'datetime', 'Date', 'createTime', '0', '0', NULL, '1', NULL, NULL, NULL, 'EQ', 'datetime', '', 16, 'admin', '2022-07-16 04:38:32', '', NULL);
INSERT INTO `gen_table_column` VALUES (60, '5', 'update_by', '更新者', 'varchar(64)', 'String', 'updateBy', '0', '0', NULL, '1', '1', NULL, NULL, 'EQ', 'input', '', 17, 'admin', '2022-07-16 04:38:32', '', NULL);
INSERT INTO `gen_table_column` VALUES (61, '5', 'update_time', '更新时间', 'datetime', 'Date', 'updateTime', '0', '0', NULL, '1', '1', NULL, NULL, 'EQ', 'datetime', '', 18, 'admin', '2022-07-16 04:38:33', '', NULL);
INSERT INTO `gen_table_column` VALUES (62, '5', 'remark', '备注', 'varchar(500)', 'String', 'remark', '0', '0', NULL, '1', '1', '1', NULL, 'EQ', 'textarea', '', 19, 'admin', '2022-07-16 04:38:33', '', NULL);

-- ----------------------------
-- Table structure for portal_article
-- ----------------------------
DROP TABLE IF EXISTS `portal_article`;
CREATE TABLE `portal_article`  (
  `article_id` bigint(20) NOT NULL AUTO_INCREMENT COMMENT '文章ID',
  `article_title` varchar(64) CHARACTER SET utf8mb4 COLLATE utf8mb4_general_ci NOT NULL COMMENT '文章标题',
  `article_type` char(1) CHARACTER SET utf8mb4 COLLATE utf8mb4_general_ci NOT NULL COMMENT '文章类型（1：原创，2：转载，3：翻译）',
  `cover` bigint(20) NOT NULL COMMENT '封面(实际存储sys_file表file_id)',
  `summary` varchar(255) CHARACTER SET utf8mb4 COLLATE utf8mb4_general_ci NOT NULL COMMENT '摘要信息',
  `publish_type` char(1) CHARACTER SET utf8mb4 COLLATE utf8mb4_general_ci NOT NULL COMMENT '发布形式（1：公开，2：私密，3：VIP可见）',
  `content_level` char(1) CHARACTER SET utf8mb4 COLLATE utf8mb4_general_ci NOT NULL COMMENT '内容等级（1：初级，2：中级，3：高级）',
  `status` char(1) CHARACTER SET utf8mb4 COLLATE utf8mb4_general_ci NOT NULL COMMENT '文章状态（0：已发布，1：已删除，2：草稿）',
  `content` longblob NOT NULL COMMENT '文章内容（文本格式）',
  `content_html` longblob NOT NULL COMMENT '文章内容（html格式）',
  `create_by` varchar(64) CHARACTER SET utf8mb4 COLLATE utf8mb4_general_ci NULL DEFAULT NULL COMMENT '创建者',
  `create_time` datetime(0) NULL DEFAULT NULL COMMENT '创建时间',
  `update_by` varchar(64) CHARACTER SET utf8mb4 COLLATE utf8mb4_general_ci NULL DEFAULT NULL COMMENT '更新者',
  `update_time` datetime(0) NULL DEFAULT NULL COMMENT '更新时间',
  PRIMARY KEY (`article_id`) USING BTREE
) ENGINE = InnoDB AUTO_INCREMENT = 17 CHARACTER SET = utf8mb4 COLLATE = utf8mb4_general_ci COMMENT = '文章信息表' ROW_FORMAT = Dynamic;

-- ----------------------------
-- Records of portal_article
-- ----------------------------
INSERT INTO `portal_article` VALUES (1, '走进Linux', '1', 37, '测试发布', '1', '2', '0', 0x312E20E8B5B0E8BF9B4C696E75780A312E3120E585A5E997A8E6A682E8BFB00AE68891E4BBACE4B8BAE4BB80E4B988E8A681E5ADA6E4B9A04C696E75780A0A6C696E7578E8AF9EE7949FE4BA86E8BF99E4B988E5A49AE5B9B4EFBC8CE4BBA5E5898DE8BF98E5968AE79D80E5A682E4BD95E883BDE58F96E4BBA377696E646F7773E7B3BBE7BB9FEFBC8CE78EB0E59CA8E8BF99E4B8AAE58FA3E58FB7E5B7B2E7BB8FE5B08FE5A49AE4BA86EFBC8CE4BBBBE4BD95E4BA8BE789A9E58F91E5B195E983BDE69C89E585B6E5B180E99990E680A7E983BDE69C89E585B6E5A4A9E88AB1E69DBFE38082E5B0B1E5A682E5908CE59CA8E59BBDE58685E5868DE6909EE4B880E4B8AAE7A4BEE4BAA4E8BDAFE4BBB6E58F96E4BBA3E885BEE8AEAFE4B880E6A0B7EFBC8CE683B3E683B3E8808CE5B7B2E59FBAE69CACE4B88DE58FAFE883BDEFBC8CE59BA0E4B8BAE794A8E688B7E5B7B2E7BB8FE4B9A0E683AFE4BA8EE4BDBFE794A8E5BEAEE4BFA1E4BAA4E6B581EFBC8CE4B88DE698AFE8AFB4E68A80E69CAFE4B88AE5AE9EE78EB0E4B88DE4BA86E8A7A3E8808CE698AFE88081E799BEE5A793E5B7B2E7BB8FE4B9A0E683AFE4BA86EFBC8CE683B3E8AEA9E4BB96E4BBACE4B88DE794A8EFBC8CE58DB3E4BDBFE4BB96E4BBACE887AAE5B7B1E4B88DE794A8E4BAB2E6889AE69C8BE58F8BE8BF98E698AFE8A681E794A8EFBC8CE6B2A1E69C89E58A9EE6B395E79A84E4BA8BE68385E380820A0AE794A8E4B9A0E683AFE4BA8677696E646F7773E6938DE4BD9CE7B3BBE7BB9FEFBC8CE5868DE8AEA9E5A4A7E5AEB6E58887E68DA2E588B0E588ABE79A84E6938DE4BD9CE7B3BBE7BB9FE59FBAE69CACE4B88AE698AFE4B88DE58FAFE883BDE79A84E4BA8BE68385EFBC8CE694B9E58F98E4B880E4B8AAE4BABAE5B7B2E7BB8FE585BBE68890E79A84E4B9A0E683AFE5A4AAE99ABEE38082E6B2A1E69C89E58A9EE6B395E6B7B1E585A5E588B0E699AEE9809AE88081E799BEE5A793E79A84E7949FE6B4BBE4B8ADEFBC8CE5B9B6E4B88DE6848FE591B3E79D806C696E7578E5B0B1E6B2A1E69C89E794A8E6ADA6E4B98BE59CB0E4BA86E38082E59CA8E69C8DE58AA1E599A8E7ABAFEFBC8CE59CA8E5BC80E58F91E9A286E59F9F6C696E7578E58092E698AFE8B68AE69DA5E8B68AE58F97E6ACA2E8BF8EEFBC8CE5BE88E5A49AE7A88BE5BA8FE59198E983BDE8A789E5BE97E4B88DE68782E782B96C696E7578E983BDE8A789E5BE97E4B88DE5A5BDE6848FE6809DEFBC8C6C696E7578E59CA8E5BC80E6BA90E7A4BEE58CBAE79A84E59CB0E4BD8DE4BE9DE784B6E5B2BFE784B6E4B88DE58AA8E380820A0AE5B0A4E585B6E698AFE4BD9CE4B8BAE4B880E4B8AAE5908EE7ABAFE7A88BE5BA8FE59198EFBC8CE698AFE5BF85E9A1BBE8A681E68E8CE68FA14C696E7578E79A84EFBC8CE59BA0E4B8BAE8BF99E983BDE68890E4B8BAE4BA86E4BDA0E689BEE5B7A5E4BD9CE79A84E59FBAE7A180E997A8E6A79BE4BA86EFBC8CE68980E4BBA5E4B88DE5BE97E4B88DE5ADA6E4B9A0EFBC810A0A4C696E757820E7AE80E4BB8B0A0A4C696E757820E58685E6A0B8E69C80E5889DE58FAAE698AFE794B1E88AACE585B0E4BABAE69E97E7BAB3E696AFC2B7E68998E793A6E585B9EFBC884C696E757320546F7276616C6473EFBC89E59CA8E8B5ABE5B094E8BE9BE59FBAE5A4A7E5ADA6E4B88AE5ADA6E697B6E587BAE4BA8EE4B8AAE4BABAE788B1E5A5BDE8808CE7BC96E58699E79A84E380820A0A4C696E757820E698AFE4B880E5A597E5858DE8B4B9E4BDBFE794A8E5928CE887AAE794B1E4BCA0E692ADE79A84E7B1BB20556E697820E6938DE4BD9CE7B3BBE7BB9FEFBC8CE698AFE4B880E4B8AAE59FBAE4BA8E20504F534958EFBC88E58FAFE7A7BBE6A48DE6938DE4BD9CE7B3BBE7BB9FE68EA5E58FA3EFBC8920E5928C20554E495820E79A84E5A49AE794A8E688B7E38081E5A49AE4BBBBE58AA1E38081E694AFE68C81E5A49AE7BABFE7A88BE5928CE5A49A2043505520E79A84E6938DE4BD9CE7B3BBE7BB9FE380820A0A4C696E757820E883BDE8BF90E8A18CE4B8BBE8A681E79A8420554E495820E5B7A5E585B7E8BDAFE4BBB6E38081E5BA94E794A8E7A88BE5BA8FE5928CE7BD91E7BB9CE58D8FE8AEAEE38082E5AE83E694AFE68C8120333220E4BD8DE5928C20363420E4BD8DE7A1ACE4BBB6E380824C696E757820E7BBA7E689BFE4BA8620556E697820E4BBA5E7BD91E7BB9CE4B8BAE6A0B8E5BF83E79A84E8AEBEE8AEA1E6809DE683B3EFBC8CE698AFE4B880E4B8AAE680A7E883BDE7A8B3E5AE9AE79A84E5A49AE794A8E688B7E7BD91E7BB9CE6938DE4BD9CE7B3BBE7BB9FE380820A0A4C696E757820E58F91E8A18CE789880A0A4C696E757820E79A84E58F91E8A18CE78988E8AFB4E7AE80E58D95E782B9E5B0B1E698AFE5B086204C696E757820E58685E6A0B8E4B88EE5BA94E794A8E8BDAFE4BBB6E5819AE4B880E4B8AAE68993E58C85E380820A0AE79BAEE5898DE5B882E99DA2E4B88AE8BE83E79FA5E5908DE79A84E58F91E8A18CE78988E69C89EFBC9A5562756E7475E38081526564486174E3808143656E744F53E3808144656269616EE380814665646F7261E3808153755345E380814F70656E53555345E3808141726368204C696E7578E38081536F6C75734F5320E7AD89E38082, 0x3C6F6C3E0A3C6C693EE8B5B0E8BF9B4C696E75783C6272202F3E0A312E3120E585A5E997A8E6A682E8BFB03C6272202F3E0AE68891E4BBACE4B8BAE4BB80E4B988E8A681E5ADA6E4B9A04C696E75783C2F6C693E0A3C2F6F6C3E0A3C703E6C696E7578E8AF9EE7949FE4BA86E8BF99E4B988E5A49AE5B9B4EFBC8CE4BBA5E5898DE8BF98E5968AE79D80E5A682E4BD95E883BDE58F96E4BBA377696E646F7773E7B3BBE7BB9FEFBC8CE78EB0E59CA8E8BF99E4B8AAE58FA3E58FB7E5B7B2E7BB8FE5B08FE5A49AE4BA86EFBC8CE4BBBBE4BD95E4BA8BE789A9E58F91E5B195E983BDE69C89E585B6E5B180E99990E680A7E983BDE69C89E585B6E5A4A9E88AB1E69DBFE38082E5B0B1E5A682E5908CE59CA8E59BBDE58685E5868DE6909EE4B880E4B8AAE7A4BEE4BAA4E8BDAFE4BBB6E58F96E4BBA3E885BEE8AEAFE4B880E6A0B7EFBC8CE683B3E683B3E8808CE5B7B2E59FBAE69CACE4B88DE58FAFE883BDEFBC8CE59BA0E4B8BAE794A8E688B7E5B7B2E7BB8FE4B9A0E683AFE4BA8EE4BDBFE794A8E5BEAEE4BFA1E4BAA4E6B581EFBC8CE4B88DE698AFE8AFB4E68A80E69CAFE4B88AE5AE9EE78EB0E4B88DE4BA86E8A7A3E8808CE698AFE88081E799BEE5A793E5B7B2E7BB8FE4B9A0E683AFE4BA86EFBC8CE683B3E8AEA9E4BB96E4BBACE4B88DE794A8EFBC8CE58DB3E4BDBFE4BB96E4BBACE887AAE5B7B1E4B88DE794A8E4BAB2E6889AE69C8BE58F8BE8BF98E698AFE8A681E794A8EFBC8CE6B2A1E69C89E58A9EE6B395E79A84E4BA8BE68385E380823C2F703E0A3C703EE794A8E4B9A0E683AFE4BA8677696E646F7773E6938DE4BD9CE7B3BBE7BB9FEFBC8CE5868DE8AEA9E5A4A7E5AEB6E58887E68DA2E588B0E588ABE79A84E6938DE4BD9CE7B3BBE7BB9FE59FBAE69CACE4B88AE698AFE4B88DE58FAFE883BDE79A84E4BA8BE68385EFBC8CE694B9E58F98E4B880E4B8AAE4BABAE5B7B2E7BB8FE585BBE68890E79A84E4B9A0E683AFE5A4AAE99ABEE38082E6B2A1E69C89E58A9EE6B395E6B7B1E585A5E588B0E699AEE9809AE88081E799BEE5A793E79A84E7949FE6B4BBE4B8ADEFBC8CE5B9B6E4B88DE6848FE591B3E79D806C696E7578E5B0B1E6B2A1E69C89E794A8E6ADA6E4B98BE59CB0E4BA86E38082E59CA8E69C8DE58AA1E599A8E7ABAFEFBC8CE59CA8E5BC80E58F91E9A286E59F9F6C696E7578E58092E698AFE8B68AE69DA5E8B68AE58F97E6ACA2E8BF8EEFBC8CE5BE88E5A49AE7A88BE5BA8FE59198E983BDE8A789E5BE97E4B88DE68782E782B96C696E7578E983BDE8A789E5BE97E4B88DE5A5BDE6848FE6809DEFBC8C6C696E7578E59CA8E5BC80E6BA90E7A4BEE58CBAE79A84E59CB0E4BD8DE4BE9DE784B6E5B2BFE784B6E4B88DE58AA8E380823C2F703E0A3C703EE5B0A4E585B6E698AFE4BD9CE4B8BAE4B880E4B8AAE5908EE7ABAFE7A88BE5BA8FE59198EFBC8CE698AFE5BF85E9A1BBE8A681E68E8CE68FA14C696E7578E79A84EFBC8CE59BA0E4B8BAE8BF99E983BDE68890E4B8BAE4BA86E4BDA0E689BEE5B7A5E4BD9CE79A84E59FBAE7A180E997A8E6A79BE4BA86EFBC8CE68980E4BBA5E4B88DE5BE97E4B88DE5ADA6E4B9A0EFBC813C2F703E0A3C703E4C696E757820E7AE80E4BB8B3C2F703E0A3C703E4C696E757820E58685E6A0B8E69C80E5889DE58FAAE698AFE794B1E88AACE585B0E4BABAE69E97E7BAB3E696AFC2B7E68998E793A6E585B9EFBC884C696E757320546F7276616C6473EFBC89E59CA8E8B5ABE5B094E8BE9BE59FBAE5A4A7E5ADA6E4B88AE5ADA6E697B6E587BAE4BA8EE4B8AAE4BABAE788B1E5A5BDE8808CE7BC96E58699E79A84E380823C2F703E0A3C703E4C696E757820E698AFE4B880E5A597E5858DE8B4B9E4BDBFE794A8E5928CE887AAE794B1E4BCA0E692ADE79A84E7B1BB20556E697820E6938DE4BD9CE7B3BBE7BB9FEFBC8CE698AFE4B880E4B8AAE59FBAE4BA8E20504F534958EFBC88E58FAFE7A7BBE6A48DE6938DE4BD9CE7B3BBE7BB9FE68EA5E58FA3EFBC8920E5928C20554E495820E79A84E5A49AE794A8E688B7E38081E5A49AE4BBBBE58AA1E38081E694AFE68C81E5A49AE7BABFE7A88BE5928CE5A49A2043505520E79A84E6938DE4BD9CE7B3BBE7BB9FE380823C2F703E0A3C703E4C696E757820E883BDE8BF90E8A18CE4B8BBE8A681E79A8420554E495820E5B7A5E585B7E8BDAFE4BBB6E38081E5BA94E794A8E7A88BE5BA8FE5928CE7BD91E7BB9CE58D8FE8AEAEE38082E5AE83E694AFE68C8120333220E4BD8DE5928C20363420E4BD8DE7A1ACE4BBB6E380824C696E757820E7BBA7E689BFE4BA8620556E697820E4BBA5E7BD91E7BB9CE4B8BAE6A0B8E5BF83E79A84E8AEBEE8AEA1E6809DE683B3EFBC8CE698AFE4B880E4B8AAE680A7E883BDE7A8B3E5AE9AE79A84E5A49AE794A8E688B7E7BD91E7BB9CE6938DE4BD9CE7B3BBE7BB9FE380823C2F703E0A3C703E4C696E757820E58F91E8A18CE789883C2F703E0A3C703E4C696E757820E79A84E58F91E8A18CE78988E8AFB4E7AE80E58D95E782B9E5B0B1E698AFE5B086204C696E757820E58685E6A0B8E4B88EE5BA94E794A8E8BDAFE4BBB6E5819AE4B880E4B8AAE68993E58C85E380823C2F703E0A3C703EE79BAEE5898DE5B882E99DA2E4B88AE8BE83E79FA5E5908DE79A84E58F91E8A18CE78988E69C89EFBC9A5562756E7475E38081526564486174E3808143656E744F53E3808144656269616EE380814665646F7261E3808153755345E380814F70656E53555345E3808141726368204C696E7578E38081536F6C75734F5320E7AD89E380823C2F703E0A, 'admin', '2022-05-18 23:09:39', NULL, '2022-06-09 16:03:48');
INSERT INTO `portal_article` VALUES (2, 'Vue父子组件传值', '2', 38, 'Vue的学习是路阻且艰的，这是一个系列文章，帮助vue的新手可以快速上路，创建的自己的项目，该系列文章主要讲解作者在vue学习之路上，创建项目中最重要的知识，因为笔者水平有限，希望大家多多指正，该系列文章旨在让大家感受vue的便捷，详细学习vue希望大家多多观看官方文档.', '3', '2', '0', 0xE5898DE8A8800AE4BE8BE5A682EFBC9A567565E79A84E5ADA6E4B9A0E698AFE8B7AFE998BBE4B894E889B0E79A84EFBC8CE8BF99E698AFE4B880E4B8AAE7B3BBE58897E69687E7ABA0EFBC8CE5B8AEE58AA9767565E79A84E696B0E6898BE58FAFE4BBA5E5BFABE9809FE4B88AE8B7AFEFBC8CE5889BE5BBBAE79A84E887AAE5B7B1E79A84E9A1B9E79BAEEFBC8CE8AFA5E7B3BBE58897E69687E7ABA0E4B8BBE8A681E8AEB2E8A7A3E4BD9CE88085E59CA8767565E5ADA6E4B9A0E4B98BE8B7AFE4B88AEFBC8CE5889BE5BBBAE9A1B9E79BAEE4B8ADE69C80E9878DE8A681E79A84E79FA5E8AF86EFBC8CE59BA0E4B8BAE7AC94E88085E6B0B4E5B9B3E69C89E99990EFBC8CE5B88CE69C9BE5A4A7E5AEB6E5A49AE5A49AE68C87E6ADA3EFBC8CE8AFA5E7B3BBE58897E69687E7ABA0E697A8E59CA8E8AEA9E5A4A7E5AEB6E6849FE58F97767565E79A84E4BEBFE68DB7EFBC8CE8AFA6E7BB86E5ADA6E4B9A0767565E5B88CE69C9BE5A4A7E5AEB6E5A49AE5A49AE8A782E79C8BE5AE98E696B9E69687E6A1A32E0A0AE4B880E38081567565E788B6E5AD90E4BCA0E580BCE79A84E696B9E6B3950AE68891E4BBACE59CA8567565E9A1B9E79BAEE8BF9BE8A18CE788B6E5AD90E4BCA0E580BCE4B8BBE8A681E69C89E4BBA5E4B88BE4B889E7A78DE696B9E6B395EFBC9A0A2831292070726F7073202F2024656D69740A2832292024706172656E74202F206368696C6472656E0A28332920247265660AE59CA8E8A782E79C8BE696B9E6B395E8AFA6E8A7A3E697B6E5A4A7E5AEB6E58588E5889BE5BBBAE4B880E4B8AAE788B6E7BB84E4BBB6706172656E742E767565E5928CE4B880E4B8AAE5AD90E7BB84E4BBB66368696C642E767565E5B9B6E5AE8CE68890E788B6E5AD90E7BB84E4BBB6E79A84E6B3A8E5868C, 0x3C703EE5898DE8A8803C6272202F3E0AE4BE8BE5A682EFBC9A567565E79A84E5ADA6E4B9A0E698AFE8B7AFE998BBE4B894E889B0E79A84EFBC8CE8BF99E698AFE4B880E4B8AAE7B3BBE58897E69687E7ABA0EFBC8CE5B8AEE58AA9767565E79A84E696B0E6898BE58FAFE4BBA5E5BFABE9809FE4B88AE8B7AFEFBC8CE5889BE5BBBAE79A84E887AAE5B7B1E79A84E9A1B9E79BAEEFBC8CE8AFA5E7B3BBE58897E69687E7ABA0E4B8BBE8A681E8AEB2E8A7A3E4BD9CE88085E59CA8767565E5ADA6E4B9A0E4B98BE8B7AFE4B88AEFBC8CE5889BE5BBBAE9A1B9E79BAEE4B8ADE69C80E9878DE8A681E79A84E79FA5E8AF86EFBC8CE59BA0E4B8BAE7AC94E88085E6B0B4E5B9B3E69C89E99990EFBC8CE5B88CE69C9BE5A4A7E5AEB6E5A49AE5A49AE68C87E6ADA3EFBC8CE8AFA5E7B3BBE58897E69687E7ABA0E697A8E59CA8E8AEA9E5A4A7E5AEB6E6849FE58F97767565E79A84E4BEBFE68DB7EFBC8CE8AFA6E7BB86E5ADA6E4B9A0767565E5B88CE69C9BE5A4A7E5AEB6E5A49AE5A49AE8A782E79C8BE5AE98E696B9E69687E6A1A32E3C2F703E0A3C703EE4B880E38081567565E788B6E5AD90E4BCA0E580BCE79A84E696B9E6B3953C6272202F3E0AE68891E4BBACE59CA8567565E9A1B9E79BAEE8BF9BE8A18CE788B6E5AD90E4BCA0E580BCE4B8BBE8A681E69C89E4BBA5E4B88BE4B889E7A78DE696B9E6B395EFBC9A3C6272202F3E0A2831292070726F7073202F2024656D69743C6272202F3E0A2832292024706172656E74202F206368696C6472656E3C6272202F3E0A28332920247265663C6272202F3E0AE59CA8E8A782E79C8BE696B9E6B395E8AFA6E8A7A3E697B6E5A4A7E5AEB6E58588E5889BE5BBBAE4B880E4B8AAE788B6E7BB84E4BBB6706172656E742E767565E5928CE4B880E4B8AAE5AD90E7BB84E4BBB66368696C642E767565E5B9B6E5AE8CE68890E788B6E5AD90E7BB84E4BBB6E79A84E6B3A8E5868C3C2F703E0A, 'admin', '2022-06-06 17:53:28', NULL, '2022-06-06 18:07:48');
INSERT INTO `portal_article` VALUES (3, 'vue中a标签的href属性的写法', '3', 39, '问题：vue.js a标签href里有变量，函数拼接问题', '2', '3', '0', 0xE997AEE9A298EFBC9A7675652E6A732061E6A087E7ADBE68726566E9878CE69C89E58F98E9878FEFBC8CE587BDE695B0E68BBCE68EA5E997AEE9A2980A0AE6ADA3E7A1AEE6A0BCE5BC8FEFBC9A0A0A60606068746D6C0A3C61203A68726566203D2227687474703A2F2F7365617263682E6A642E636F6D2F5365617263683F656E633D7574662D38266B6579776F72643D272B6B6579576F72642B2726706167653D272B4D6174682E6365696C287265636F72642E736B7552616E6B2F3630292B272E68746D6C27223EE8B7B3E8BDAC3C2F613E0A6060600A0A0AE6B3A8E6848FE782B9EFBC9A0A0A312E68726566E5898DE99DA2E8A681E58AA0E2809CEFBC9AE2809D0A0A322EE5AD97E7ACA6E4B8B2E8A681E794A8E58D95E5BC95E58FB7E2809C20E2809920E2809DE58C85E4BD8F0A0A332EE58FA5E5B0BEE8A681E58AA0E2809C2E68746D6CE2809D, 0x3C703EE997AEE9A298EFBC9A7675652E6A732061E6A087E7ADBE68726566E9878CE69C89E58F98E9878FEFBC8CE587BDE695B0E68BBCE68EA5E997AEE9A2983C2F703E0A3C703EE6ADA3E7A1AEE6A0BCE5BC8FEFBC9A3C2F703E0A3C7072653E3C64697620636C6173733D22686C6A73223E3C636F646520636C6173733D226C616E672D68746D6C223E3C7370616E20636C6173733D22686C6A732D746167223E266C743B3C7370616E20636C6173733D22686C6A732D6E616D65223E613C2F7370616E3E203C7370616E20636C6173733D22686C6A732D61747472223E3A687265663C2F7370616E3E203D3C7370616E20636C6173733D22686C6A732D737472696E67223E2671756F743B26237832373B687474703A2F2F7365617263682E6A642E636F6D2F5365617263683F656E633D7574662D3826616D703B6B6579776F72643D26237832373B2B6B6579576F72642B26237832373B26616D703B706167653D26237832373B2B4D6174682E6365696C287265636F72642E736B7552616E6B2F3630292B26237832373B2E68746D6C26237832373B2671756F743B3C2F7370616E3E2667743B3C2F7370616E3EE8B7B3E8BDAC3C7370616E20636C6173733D22686C6A732D746167223E266C743B2F3C7370616E20636C6173733D22686C6A732D6E616D65223E613C2F7370616E3E2667743B3C2F7370616E3E0A3C2F636F64653E3C2F6469763E3C2F7072653E0A3C703EE6B3A8E6848FE782B9EFBC9A3C2F703E0A3C703E312E68726566E5898DE99DA2E8A681E58AA0E2809CEFBC9AE2809D3C2F703E0A3C703E322EE5AD97E7ACA6E4B8B2E8A681E794A8E58D95E5BC95E58FB7E2809C20E2809920E2809DE58C85E4BD8F3C2F703E0A3C703E332EE58FA5E5B0BEE8A681E58AA0E2809C2E68746D6CE2809D3C2F703E0A, 'admin', '2022-06-06 18:01:54', NULL, '2022-06-09 17:10:07');
INSERT INTO `portal_article` VALUES (4, 'VUE单文件组件', '2', 40, '单文件组件', '1', '2', '2', 0xE59CA8E5BE88E5A49A2056756520E9A1B9E79BAEE4B8ADEFBC8CE68891E4BBACE4BDBFE794A8205675652E636F6D706F6E656E7420E69DA5E5AE9AE4B989E585A8E5B180E7BB84E4BBB6EFBC8CE7B4A7E68EA5E79D80E794A8206E657720567565287B20656C3A202723636F6E7461696E657220277D2920E59CA8E6AF8FE4B8AAE9A1B5E99DA2E58685E68C87E5AE9AE4B880E4B8AAE5AEB9E599A8E58583E7B4A0E380820A0AE8BF99E7A78DE696B9E5BC8FE59CA8E5BE88E5A49AE4B8ADE5B08FE8A784E6A8A1E79A84E9A1B9E79BAEE4B8ADE8BF90E4BD9CE79A84E5BE88E5A5BDEFBC8CE59CA8E8BF99E4BA9BE9A1B9E79BAEE9878C204A61766153637269707420E58FAAE8A2ABE794A8E69DA5E58AA0E5BCBAE789B9E5AE9AE79A84E8A786E59BBEE38082E4BD86E5BD93E59CA8E69BB4E5A48DE69D82E79A84E9A1B9E79BAEE4B8ADEFBC8CE68896E88085E4BDA0E79A84E5898DE7ABAFE5AE8CE585A8E794B1204A61766153637269707420E9A9B1E58AA8E79A84E697B6E58099EFBC8CE4B88BE99DA2E8BF99E4BA9BE7BCBAE782B9E5B086E58F98E5BE97E99D9EE5B8B8E6988EE698BEEFBC9A0A0AE585A8E5B180E5AE9AE4B9892028476C6F62616C20646566696E6974696F6E732920E5BCBAE588B6E8A681E6B182E6AF8FE4B8AA20636F6D706F6E656E7420E4B8ADE79A84E591BDE5908DE4B88DE5BE97E9878DE5A48D0AE5AD97E7ACA6E4B8B2E6A8A1E69DBF2028537472696E672074656D706C617465732920E7BCBAE4B98FE8AFADE6B395E9AB98E4BAAEEFBC8CE59CA82048544D4C20E69C89E5A49AE8A18CE79A84E697B6E58099EFBC8CE99C80E8A681E794A8E588B0E4B891E9998BE79A84205C0AE4B88DE694AFE68C812043535320284E6F2043535320737570706F72742920E6848FE591B3E79D80E5BD932048544D4C20E5928C204A61766153637269707420E7BB84E4BBB6E58C96E697B6EFBC8C43535320E6988EE698BEE8A2ABE98197E6BC8F0AE6B2A1E69C89E69E84E5BBBAE6ADA5E9AAA420284E6F206275696C6420737465702920E99990E588B6E58FAAE883BDE4BDBFE794A82048544D4C20E5928C20455335204A617661536372697074EFBC8CE8808CE4B88DE883BDE4BDBFE794A8E9A284E5A484E79086E599A8EFBC8CE5A682205075672028666F726D65726C79204A6164652920E5928C20426162656C0AE69687E4BBB6E689A9E5B195E5908DE4B8BA202E76756520E79A842073696E676C652D66696C6520636F6D706F6E656E74732028E58D95E69687E4BBB6E7BB84E4BBB62920E4B8BAE4BBA5E4B88AE68980E69C89E997AEE9A298E68F90E4BE9BE4BA86E8A7A3E586B3E696B9E6B395EFBC8CE5B9B6E4B894E8BF98E58FAFE4BBA5E4BDBFE794A8207765627061636B20E688962042726F7773657269667920E7AD89E69E84E5BBBAE5B7A5E585B7E380820A0AE8BF99E698AFE4B880E4B8AAE69687E4BBB6E5908DE4B8BA2048656C6C6F2E76756520E79A84E7AE80E58D95E5AE9EE4BE8BEFBC9A0A215B63656F64655D2868747470733A2F2F696D672D626C6F672E6373646E696D672E636E2F32303230303631353137353832333734322E706E673F782D6F73732D70726F636573733D696D6167652F77617465726D61726B2C747970655F5A6D46755A33706F5A57356E6147567064476B2C736861646F775F31302C746578745F6148523063484D364C7939696247396E4C6D4E7A5A473475626D56304C334268626C396F4D546B354E513D3D2C73697A655F31362C636F6C6F725F4646464646462C745F373029, 0x3C703EE59CA8E5BE88E5A49A2056756520E9A1B9E79BAEE4B8ADEFBC8CE68891E4BBACE4BDBFE794A8205675652E636F6D706F6E656E7420E69DA5E5AE9AE4B989E585A8E5B180E7BB84E4BBB6EFBC8CE7B4A7E68EA5E79D80E794A8206E657720567565287B20656C3A202723636F6E7461696E657220277D2920E59CA8E6AF8FE4B8AAE9A1B5E99DA2E58685E68C87E5AE9AE4B880E4B8AAE5AEB9E599A8E58583E7B4A0E380823C2F703E0A3C703EE8BF99E7A78DE696B9E5BC8FE59CA8E5BE88E5A49AE4B8ADE5B08FE8A784E6A8A1E79A84E9A1B9E79BAEE4B8ADE8BF90E4BD9CE79A84E5BE88E5A5BDEFBC8CE59CA8E8BF99E4BA9BE9A1B9E79BAEE9878C204A61766153637269707420E58FAAE8A2ABE794A8E69DA5E58AA0E5BCBAE789B9E5AE9AE79A84E8A786E59BBEE38082E4BD86E5BD93E59CA8E69BB4E5A48DE69D82E79A84E9A1B9E79BAEE4B8ADEFBC8CE68896E88085E4BDA0E79A84E5898DE7ABAFE5AE8CE585A8E794B1204A61766153637269707420E9A9B1E58AA8E79A84E697B6E58099EFBC8CE4B88BE99DA2E8BF99E4BA9BE7BCBAE782B9E5B086E58F98E5BE97E99D9EE5B8B8E6988EE698BEEFBC9A3C2F703E0A3C703EE585A8E5B180E5AE9AE4B9892028476C6F62616C20646566696E6974696F6E732920E5BCBAE588B6E8A681E6B182E6AF8FE4B8AA20636F6D706F6E656E7420E4B8ADE79A84E591BDE5908DE4B88DE5BE97E9878DE5A48D3C6272202F3E0AE5AD97E7ACA6E4B8B2E6A8A1E69DBF2028537472696E672074656D706C617465732920E7BCBAE4B98FE8AFADE6B395E9AB98E4BAAEEFBC8CE59CA82048544D4C20E69C89E5A49AE8A18CE79A84E697B6E58099EFBC8CE99C80E8A681E794A8E588B0E4B891E9998BE79A84203C6272202F3E0AE4B88DE694AFE68C812043535320284E6F2043535320737570706F72742920E6848FE591B3E79D80E5BD932048544D4C20E5928C204A61766153637269707420E7BB84E4BBB6E58C96E697B6EFBC8C43535320E6988EE698BEE8A2ABE98197E6BC8F3C6272202F3E0AE6B2A1E69C89E69E84E5BBBAE6ADA5E9AAA420284E6F206275696C6420737465702920E99990E588B6E58FAAE883BDE4BDBFE794A82048544D4C20E5928C20455335204A617661536372697074EFBC8CE8808CE4B88DE883BDE4BDBFE794A8E9A284E5A484E79086E599A8EFBC8CE5A682205075672028666F726D65726C79204A6164652920E5928C20426162656C3C6272202F3E0AE69687E4BBB6E689A9E5B195E5908DE4B8BA202E76756520E79A842073696E676C652D66696C6520636F6D706F6E656E74732028E58D95E69687E4BBB6E7BB84E4BBB62920E4B8BAE4BBA5E4B88AE68980E69C89E997AEE9A298E68F90E4BE9BE4BA86E8A7A3E586B3E696B9E6B395EFBC8CE5B9B6E4B894E8BF98E58FAFE4BBA5E4BDBFE794A8207765627061636B20E688962042726F7773657269667920E7AD89E69E84E5BBBAE5B7A5E585B7E380823C2F703E0A3C703EE8BF99E698AFE4B880E4B8AAE69687E4BBB6E5908DE4B8BA2048656C6C6F2E76756520E79A84E7AE80E58D95E5AE9EE4BE8BEFBC9A3C6272202F3E0A3C696D67207372633D2268747470733A2F2F696D672D626C6F672E6373646E696D672E636E2F32303230303631353137353832333734322E706E673F782D6F73732D70726F636573733D696D6167652F77617465726D61726B2C747970655F5A6D46755A33706F5A57356E6147567064476B2C736861646F775F31302C746578745F6148523063484D364C7939696247396E4C6D4E7A5A473475626D56304C334268626C396F4D546B354E513D3D2C73697A655F31362C636F6C6F725F4646464646462C745F37302220616C743D2263656F646522202F3E3C2F703E0A, 'admin', '2022-06-09 16:11:28', NULL, '2022-06-13 16:36:04');
INSERT INTO `portal_article` VALUES (5, '测试', '1', 42, '测试', '1', '1', '1', 0xE6B58BE8AF95, 0x3C703EE6B58BE8AF953C2F703E0A, 'admin', '2022-06-10 15:26:44', 'admin', '2022-06-13 16:35:55');
INSERT INTO `portal_article` VALUES (6, '6-走进Linux', '1', 37, '测试发布', '1', '2', '0', 0x312E20E8B5B0E8BF9B4C696E75780A312E3120E585A5E997A8E6A682E8BFB00AE68891E4BBACE4B8BAE4BB80E4B988E8A681E5ADA6E4B9A04C696E75780A0A6C696E7578E8AF9EE7949FE4BA86E8BF99E4B988E5A49AE5B9B4EFBC8CE4BBA5E5898DE8BF98E5968AE79D80E5A682E4BD95E883BDE58F96E4BBA377696E646F7773E7B3BBE7BB9FEFBC8CE78EB0E59CA8E8BF99E4B8AAE58FA3E58FB7E5B7B2E7BB8FE5B08FE5A49AE4BA86EFBC8CE4BBBBE4BD95E4BA8BE789A9E58F91E5B195E983BDE69C89E585B6E5B180E99990E680A7E983BDE69C89E585B6E5A4A9E88AB1E69DBFE38082E5B0B1E5A682E5908CE59CA8E59BBDE58685E5868DE6909EE4B880E4B8AAE7A4BEE4BAA4E8BDAFE4BBB6E58F96E4BBA3E885BEE8AEAFE4B880E6A0B7EFBC8CE683B3E683B3E8808CE5B7B2E59FBAE69CACE4B88DE58FAFE883BDEFBC8CE59BA0E4B8BAE794A8E688B7E5B7B2E7BB8FE4B9A0E683AFE4BA8EE4BDBFE794A8E5BEAEE4BFA1E4BAA4E6B581EFBC8CE4B88DE698AFE8AFB4E68A80E69CAFE4B88AE5AE9EE78EB0E4B88DE4BA86E8A7A3E8808CE698AFE88081E799BEE5A793E5B7B2E7BB8FE4B9A0E683AFE4BA86EFBC8CE683B3E8AEA9E4BB96E4BBACE4B88DE794A8EFBC8CE58DB3E4BDBFE4BB96E4BBACE887AAE5B7B1E4B88DE794A8E4BAB2E6889AE69C8BE58F8BE8BF98E698AFE8A681E794A8EFBC8CE6B2A1E69C89E58A9EE6B395E79A84E4BA8BE68385E3803F0AE794A8E4B9A0E683AFE4BA8677696E646F7773E6938DE4BD9CE7B3BBE7BB9FEFBC8CE5868DE8AEA9E5A4A7E5AEB6E58887E68DA2E588B0E588ABE79A84E6938DE4BD9CE7B3BBE7BB9FE59FBAE69CACE4B88AE698AFE4B88DE58FAFE883BDE79A84E4BA8BE68385EFBC8CE694B9E58F98E4B880E4B8AAE4BABAE5B7B2E7BB8FE585BBE68890E79A84E4B9A0E683AFE5A4AAE99ABEE38082E6B2A1E69C89E58A9EE6B395E6B7B1E585A5E588B0E699AEE9809AE88081E799BEE5A793E79A84E7949FE6B4BBE4B8ADEFBC8CE5B9B6E4B88DE6848FE591B3E79D806C696E7578E5B0B1E6B2A1E69C89E794A8E6ADA6E4B98BE59CB0E4BA86E38082E59CA8E69C8DE58AA1E599A8E7ABAFEFBC8CE59CA8E5BC80E58F91E9A286E59F9F6C696E7578E58092E698AFE8B68AE69DA5E8B68AE58F97E6ACA2E8BF8EEFBC8CE5BE88E5A49AE7A88BE5BA8FE59198E983BDE8A789E5BE97E4B88DE68782E782B96C696E7578E983BDE8A789E5BE97E4B88DE5A5BDE6848FE6809DEFBC8C6C696E7578E59CA8E5BC80E6BA90E7A4BEE58CBAE79A84E59CB0E4BD8DE4BE9DE784B6E5B2BFE784B6E4B88DE58AA8E3803F0AE5B0A4E585B6E698AFE4BD9CE4B8BAE4B880E4B8AAE5908EE7ABAFE7A88BE5BA8FE59198EFBC8CE698AFE5BF85E9A1BBE8A681E68E8CE68FA14C696E7578E79A84EFBC8CE59BA0E4B8BAE8BF99E983BDE68890E4B8BAE4BA86E4BDA0E689BEE5B7A5E4BD9CE79A84E59FBAE7A180E997A8E6A79BE4BA86EFBC8CE68980E4BBA5E4B88DE5BE97E4B88DE5ADA6E4B9A0EFBC3F0A4C696E757820E7AE80E4BB3F0A4C696E757820E58685E6A0B8E69C80E5889DE58FAAE698AFE794B1E88AACE585B0E4BABAE69E97E7BAB3E696AFC2B7E68998E793A6E585B9EFBC884C696E757320546F7276616C6473EFBC89E59CA8E8B5ABE5B094E8BE9BE59FBAE5A4A7E5ADA6E4B88AE5ADA6E697B6E587BAE4BA8EE4B8AAE4BABAE788B1E5A5BDE8808CE7BC96E58699E79A84E3803F0A4C696E757820E698AFE4B880E5A597E5858DE8B4B9E4BDBFE794A8E5928CE887AAE794B1E4BCA0E692ADE79A84E7B1BB20556E697820E6938DE4BD9CE7B3BBE7BB9FEFBC8CE698AFE4B880E4B8AAE59FBAE4BA3F504F534958EFBC88E58FAFE7A7BBE6A48DE6938DE4BD9CE7B3BBE7BB9FE68EA5E58FA3EFBC3FE5923F554E495820E79A84E5A49AE794A8E688B7E38081E5A49AE4BBBBE58AA1E38081E694AFE68C81E5A49AE7BABFE7A88BE5928CE5A49A2043505520E79A84E6938DE4BD9CE7B3BBE7BB9FE3803F0A4C696E757820E883BDE8BF90E8A18CE4B8BBE8A681E79A8420554E495820E5B7A5E585B7E8BDAFE4BBB6E38081E5BA94E794A8E7A88BE5BA8FE5928CE7BD91E7BB9CE58D8FE8AEAEE38082E5AE83E694AFE68C8120333220E4BD8DE5928C20363420E4BD8DE7A1ACE4BBB6E380824C696E757820E7BBA7E689BFE4BA3F556E697820E4BBA5E7BD91E7BB9CE4B8BAE6A0B8E5BF83E79A84E8AEBEE8AEA1E6809DE683B3EFBC8CE698AFE4B880E4B8AAE680A7E883BDE7A8B3E5AE9AE79A84E5A49AE794A8E688B7E7BD91E7BB9CE6938DE4BD9CE7B3BBE7BB9FE3803F0A4C696E757820E58F91E8A18CE7893F0A4C696E757820E79A84E58F91E8A18CE78988E8AFB4E7AE80E58D95E782B9E5B0B1E698AFE5B03F4C696E757820E58685E6A0B8E4B88EE5BA94E794A8E8BDAFE4BBB6E5819AE4B880E4B8AAE68993E58C85E3803F0AE79BAEE5898DE5B882E99DA2E4B88AE8BE83E79FA5E5908DE79A84E58F91E8A18CE78988E69C89EFBC9A5562756E7475E38081526564486174E3808143656E744F53E3808144656269616EE380814665646F7261E3808153755345E380814F70656E53555345E3808141726368204C696E7578E38081536F6C75734F5320E7AD89E3803F, 0x3C6F6C3E0A3C6C693EE8B5B0E8BF9B4C696E75783C6272202F3E0A312E3120E585A5E997A8E6A682E8BFB03C6272202F3E0AE68891E4BBACE4B8BAE4BB80E4B988E8A681E5ADA6E4B9A04C696E75783C2F6C693E0A3C2F6F6C3E0A3C703E6C696E7578E8AF9EE7949FE4BA86E8BF99E4B988E5A49AE5B9B4EFBC8CE4BBA5E5898DE8BF98E5968AE79D80E5A682E4BD95E883BDE58F96E4BBA377696E646F7773E7B3BBE7BB9FEFBC8CE78EB0E59CA8E8BF99E4B8AAE58FA3E58FB7E5B7B2E7BB8FE5B08FE5A49AE4BA86EFBC8CE4BBBBE4BD95E4BA8BE789A9E58F91E5B195E983BDE69C89E585B6E5B180E99990E680A7E983BDE69C89E585B6E5A4A9E88AB1E69DBFE38082E5B0B1E5A682E5908CE59CA8E59BBDE58685E5868DE6909EE4B880E4B8AAE7A4BEE4BAA4E8BDAFE4BBB6E58F96E4BBA3E885BEE8AEAFE4B880E6A0B7EFBC8CE683B3E683B3E8808CE5B7B2E59FBAE69CACE4B88DE58FAFE883BDEFBC8CE59BA0E4B8BAE794A8E688B7E5B7B2E7BB8FE4B9A0E683AFE4BA8EE4BDBFE794A8E5BEAEE4BFA1E4BAA4E6B581EFBC8CE4B88DE698AFE8AFB4E68A80E69CAFE4B88AE5AE9EE78EB0E4B88DE4BA86E8A7A3E8808CE698AFE88081E799BEE5A793E5B7B2E7BB8FE4B9A0E683AFE4BA86EFBC8CE683B3E8AEA9E4BB96E4BBACE4B88DE794A8EFBC8CE58DB3E4BDBFE4BB96E4BBACE887AAE5B7B1E4B88DE794A8E4BAB2E6889AE69C8BE58F8BE8BF98E698AFE8A681E794A8EFBC8CE6B2A1E69C89E58A9EE6B395E79A84E4BA8BE68385E3803F2F703E0A3C703EE794A8E4B9A0E683AFE4BA8677696E646F7773E6938DE4BD9CE7B3BBE7BB9FEFBC8CE5868DE8AEA9E5A4A7E5AEB6E58887E68DA2E588B0E588ABE79A84E6938DE4BD9CE7B3BBE7BB9FE59FBAE69CACE4B88AE698AFE4B88DE58FAFE883BDE79A84E4BA8BE68385EFBC8CE694B9E58F98E4B880E4B8AAE4BABAE5B7B2E7BB8FE585BBE68890E79A84E4B9A0E683AFE5A4AAE99ABEE38082E6B2A1E69C89E58A9EE6B395E6B7B1E585A5E588B0E699AEE9809AE88081E799BEE5A793E79A84E7949FE6B4BBE4B8ADEFBC8CE5B9B6E4B88DE6848FE591B3E79D806C696E7578E5B0B1E6B2A1E69C89E794A8E6ADA6E4B98BE59CB0E4BA86E38082E59CA8E69C8DE58AA1E599A8E7ABAFEFBC8CE59CA8E5BC80E58F91E9A286E59F9F6C696E7578E58092E698AFE8B68AE69DA5E8B68AE58F97E6ACA2E8BF8EEFBC8CE5BE88E5A49AE7A88BE5BA8FE59198E983BDE8A789E5BE97E4B88DE68782E782B96C696E7578E983BDE8A789E5BE97E4B88DE5A5BDE6848FE6809DEFBC8C6C696E7578E59CA8E5BC80E6BA90E7A4BEE58CBAE79A84E59CB0E4BD8DE4BE9DE784B6E5B2BFE784B6E4B88DE58AA8E3803F2F703E0A3C703EE5B0A4E585B6E698AFE4BD9CE4B8BAE4B880E4B8AAE5908EE7ABAFE7A88BE5BA8FE59198EFBC8CE698AFE5BF85E9A1BBE8A681E68E8CE68FA14C696E7578E79A84EFBC8CE59BA0E4B8BAE8BF99E983BDE68890E4B8BAE4BA86E4BDA0E689BEE5B7A5E4BD9CE79A84E59FBAE7A180E997A8E6A79BE4BA86EFBC8CE68980E4BBA5E4B88DE5BE97E4B88DE5ADA6E4B9A0EFBC3F2F703E0A3C703E4C696E757820E7AE80E4BB3F2F703E0A3C703E4C696E757820E58685E6A0B8E69C80E5889DE58FAAE698AFE794B1E88AACE585B0E4BABAE69E97E7BAB3E696AFC2B7E68998E793A6E585B9EFBC884C696E757320546F7276616C6473EFBC89E59CA8E8B5ABE5B094E8BE9BE59FBAE5A4A7E5ADA6E4B88AE5ADA6E697B6E587BAE4BA8EE4B8AAE4BABAE788B1E5A5BDE8808CE7BC96E58699E79A84E3803F2F703E0A3C703E4C696E757820E698AFE4B880E5A597E5858DE8B4B9E4BDBFE794A8E5928CE887AAE794B1E4BCA0E692ADE79A84E7B1BB20556E697820E6938DE4BD9CE7B3BBE7BB9FEFBC8CE698AFE4B880E4B8AAE59FBAE4BA3F504F534958EFBC88E58FAFE7A7BBE6A48DE6938DE4BD9CE7B3BBE7BB9FE68EA5E58FA3EFBC3FE5923F554E495820E79A84E5A49AE794A8E688B7E38081E5A49AE4BBBBE58AA1E38081E694AFE68C81E5A49AE7BABFE7A88BE5928CE5A49A2043505520E79A84E6938DE4BD9CE7B3BBE7BB9FE3803F2F703E0A3C703E4C696E757820E883BDE8BF90E8A18CE4B8BBE8A681E79A8420554E495820E5B7A5E585B7E8BDAFE4BBB6E38081E5BA94E794A8E7A88BE5BA8FE5928CE7BD91E7BB9CE58D8FE8AEAEE38082E5AE83E694AFE68C8120333220E4BD8DE5928C20363420E4BD8DE7A1ACE4BBB6E380824C696E757820E7BBA7E689BFE4BA3F556E697820E4BBA5E7BD91E7BB9CE4B8BAE6A0B8E5BF83E79A84E8AEBEE8AEA1E6809DE683B3EFBC8CE698AFE4B880E4B8AAE680A7E883BDE7A8B3E5AE9AE79A84E5A49AE794A8E688B7E7BD91E7BB9CE6938DE4BD9CE7B3BBE7BB9FE3803F2F703E0A3C703E4C696E757820E58F91E8A18CE7893F2F703E0A3C703E4C696E757820E79A84E58F91E8A18CE78988E8AFB4E7AE80E58D95E782B9E5B0B1E698AFE5B03F4C696E757820E58685E6A0B8E4B88EE5BA94E794A8E8BDAFE4BBB6E5819AE4B880E4B8AAE68993E58C85E3803F2F703E0A3C703EE79BAEE5898DE5B882E99DA2E4B88AE8BE83E79FA5E5908DE79A84E58F91E8A18CE78988E69C89EFBC9A5562756E7475E38081526564486174E3808143656E744F53E3808144656269616EE380814665646F7261E3808153755345E380814F70656E53555345E3808141726368204C696E7578E38081536F6C75734F5320E7AD89E3803F2F703E0A, 'admin', '2022-05-18 23:09:39', NULL, '2022-06-09 16:03:48');
INSERT INTO `portal_article` VALUES (7, '7-Vue父子组件传值', '2', 38, 'Vue的学习是路阻且艰的，这是一个系列文章，帮助vue的新手可以快速上路，创建的自己的项目，该系列文章主要讲解作者在vue学习之路上，创建项目中最重要的知识，因为笔者水平有限，希望大家多多指正，该系列文章旨在让大家感受vue的便捷，详细学习vue希望大家多多观看官方文档.', '3', '2', '0', 0xE5898DE8A8800AE4BE8BE5A682EFBC9A567565E79A84E5ADA6E4B9A0E698AFE8B7AFE998BBE4B894E889B0E79A84EFBC8CE8BF99E698AFE4B880E4B8AAE7B3BBE58897E69687E7ABA0EFBC8CE5B8AEE58AA9767565E79A84E696B0E6898BE58FAFE4BBA5E5BFABE9809FE4B88AE8B7AFEFBC8CE5889BE5BBBAE79A84E887AAE5B7B1E79A84E9A1B9E79BAEEFBC8CE8AFA5E7B3BBE58897E69687E7ABA0E4B8BBE8A681E8AEB2E8A7A3E4BD9CE88085E59CA8767565E5ADA6E4B9A0E4B98BE8B7AFE4B88AEFBC8CE5889BE5BBBAE9A1B9E79BAEE4B8ADE69C80E9878DE8A681E79A84E79FA5E8AF86EFBC8CE59BA0E4B8BAE7AC94E88085E6B0B4E5B9B3E69C89E99990EFBC8CE5B88CE69C9BE5A4A7E5AEB6E5A49AE5A49AE68C87E6ADA3EFBC8CE8AFA5E7B3BBE58897E69687E7ABA0E697A8E59CA8E8AEA9E5A4A7E5AEB6E6849FE58F97767565E79A84E4BEBFE68DB7EFBC8CE8AFA6E7BB86E5ADA6E4B9A0767565E5B88CE69C9BE5A4A7E5AEB6E5A49AE5A49AE8A782E79C8BE5AE98E696B9E69687E6A1A32E0A0AE4B880E38081567565E788B6E5AD90E4BCA0E580BCE79A84E696B9E6B3950AE68891E4BBACE59CA8567565E9A1B9E79BAEE8BF9BE8A18CE788B6E5AD90E4BCA0E580BCE4B8BBE8A681E69C89E4BBA5E4B88BE4B889E7A78DE696B9E6B395EFBC3F2831292070726F7073202F2024656D69740A2832292024706172656E74202F206368696C6472656E0A28332920247265660AE59CA8E8A782E79C8BE696B9E6B395E8AFA6E8A7A3E697B6E5A4A7E5AEB6E58588E5889BE5BBBAE4B880E4B8AAE788B6E7BB84E4BBB6706172656E742E767565E5928CE4B880E4B8AAE5AD90E7BB84E4BBB66368696C642E767565E5B9B6E5AE8CE68890E788B6E5AD90E7BB84E4BBB6E79A84E6B3A8E5868C, 0x3C703EE5898DE8A8803C6272202F3E0AE4BE8BE5A682EFBC9A567565E79A84E5ADA6E4B9A0E698AFE8B7AFE998BBE4B894E889B0E79A84EFBC8CE8BF99E698AFE4B880E4B8AAE7B3BBE58897E69687E7ABA0EFBC8CE5B8AEE58AA9767565E79A84E696B0E6898BE58FAFE4BBA5E5BFABE9809FE4B88AE8B7AFEFBC8CE5889BE5BBBAE79A84E887AAE5B7B1E79A84E9A1B9E79BAEEFBC8CE8AFA5E7B3BBE58897E69687E7ABA0E4B8BBE8A681E8AEB2E8A7A3E4BD9CE88085E59CA8767565E5ADA6E4B9A0E4B98BE8B7AFE4B88AEFBC8CE5889BE5BBBAE9A1B9E79BAEE4B8ADE69C80E9878DE8A681E79A84E79FA5E8AF86EFBC8CE59BA0E4B8BAE7AC94E88085E6B0B4E5B9B3E69C89E99990EFBC8CE5B88CE69C9BE5A4A7E5AEB6E5A49AE5A49AE68C87E6ADA3EFBC8CE8AFA5E7B3BBE58897E69687E7ABA0E697A8E59CA8E8AEA9E5A4A7E5AEB6E6849FE58F97767565E79A84E4BEBFE68DB7EFBC8CE8AFA6E7BB86E5ADA6E4B9A0767565E5B88CE69C9BE5A4A7E5AEB6E5A49AE5A49AE8A782E79C8BE5AE98E696B9E69687E6A1A32E3C2F703E0A3C703EE4B880E38081567565E788B6E5AD90E4BCA0E580BCE79A84E696B9E6B3953C6272202F3E0AE68891E4BBACE59CA8567565E9A1B9E79BAEE8BF9BE8A18CE788B6E5AD90E4BCA0E580BCE4B8BBE8A681E69C89E4BBA5E4B88BE4B889E7A78DE696B9E6B395EFBC3F6272202F3E0A2831292070726F7073202F2024656D69743C6272202F3E0A2832292024706172656E74202F206368696C6472656E3C6272202F3E0A28332920247265663C6272202F3E0AE59CA8E8A782E79C8BE696B9E6B395E8AFA6E8A7A3E697B6E5A4A7E5AEB6E58588E5889BE5BBBAE4B880E4B8AAE788B6E7BB84E4BBB6706172656E742E767565E5928CE4B880E4B8AAE5AD90E7BB84E4BBB66368696C642E767565E5B9B6E5AE8CE68890E788B6E5AD90E7BB84E4BBB6E79A84E6B3A8E5868C3C2F703E0A, 'admin', '2022-06-06 17:53:28', NULL, '2022-06-06 18:07:48');
INSERT INTO `portal_article` VALUES (8, '8-vue中a标签的href属性的写法', '3', 39, '问题：vue.js a标签href里有变量，函数拼接问题', '2', '3', '0', 0xE997AEE9A298EFBC9A7675652E6A732061E6A087E7ADBE68726566E9878CE69C89E58F98E9878FEFBC8CE587BDE695B0E68BBCE68EA5E997AEE9A23F0AE6ADA3E7A1AEE6A0BCE5BC8FEFBC3F0A60606068746D6C0A3C61203A68726566203D2227687474703A2F2F7365617263682E6A642E636F6D2F5365617263683F656E633D7574662D38266B6579776F72643D272B6B6579576F72642B2726706167653D272B4D6174682E6365696C287265636F72642E736B7552616E6B2F3630292B272E68746D6C27223EE8B7B3E8BDAC3C2F613E0A6060600A0A0AE6B3A8E6848FE782B9EFBC9A0A0A312E68726566E5898DE99DA2E8A681E58AA0E2809CEFBC9AE2803F0A322EE5AD97E7ACA6E4B8B2E8A681E794A8E58D95E5BC95E58FB7E2803FE2803FE2809DE58C85E4BD3F0A332EE58FA5E5B0BEE8A681E58AA0E2803F68746D6CE2803F, 0x3C703EE997AEE9A298EFBC9A7675652E6A732061E6A087E7ADBE68726566E9878CE69C89E58F98E9878FEFBC8CE587BDE695B0E68BBCE68EA5E997AEE9A23F2F703E0A3C703EE6ADA3E7A1AEE6A0BCE5BC8FEFBC3F2F703E0A3C7072653E3C64697620636C6173733D22686C6A73223E3C636F646520636C6173733D226C616E672D68746D6C223E3C7370616E20636C6173733D22686C6A732D746167223E266C743B3C7370616E20636C6173733D22686C6A732D6E616D65223E613C2F7370616E3E203C7370616E20636C6173733D22686C6A732D61747472223E3A687265663C2F7370616E3E203D3C7370616E20636C6173733D22686C6A732D737472696E67223E2671756F743B26237832373B687474703A2F2F7365617263682E6A642E636F6D2F5365617263683F656E633D7574662D3826616D703B6B6579776F72643D26237832373B2B6B6579576F72642B26237832373B26616D703B706167653D26237832373B2B4D6174682E6365696C287265636F72642E736B7552616E6B2F3630292B26237832373B2E68746D6C26237832373B2671756F743B3C2F7370616E3E2667743B3C2F7370616E3EE8B7B3E8BDAC3C7370616E20636C6173733D22686C6A732D746167223E266C743B2F3C7370616E20636C6173733D22686C6A732D6E616D65223E613C2F7370616E3E2667743B3C2F7370616E3E0A3C2F636F64653E3C2F6469763E3C2F7072653E0A3C703EE6B3A8E6848FE782B9EFBC9A3C2F703E0A3C703E312E68726566E5898DE99DA2E8A681E58AA0E2809CEFBC9AE2803F2F703E0A3C703E322EE5AD97E7ACA6E4B8B2E8A681E794A8E58D95E5BC95E58FB7E2803FE2803FE2809DE58C85E4BD3F2F703E0A3C703E332EE58FA5E5B0BEE8A681E58AA0E2803F68746D6CE2803F2F703E0A, 'admin', '2022-06-06 18:01:54', NULL, '2022-06-09 17:10:07');
INSERT INTO `portal_article` VALUES (9, '9-VUE单文件组件', '2', 40, '单文件组件', '1', '2', '2', 0xE59CA8E5BE88E5A43F56756520E9A1B9E79BAEE4B8ADEFBC8CE68891E4BBACE4BDBFE794A8205675652E636F6D706F6E656E7420E69DA5E5AE9AE4B989E585A8E5B180E7BB84E4BBB6EFBC8CE7B4A7E68EA5E79D80E7943F6E657720567565287B20656C3A202723636F6E7461696E657220277D2920E59CA8E6AF8FE4B8AAE9A1B5E99DA2E58685E68C87E5AE9AE4B880E4B8AAE5AEB9E599A8E58583E7B4A0E3803F0AE8BF99E7A78DE696B9E5BC8FE59CA8E5BE88E5A49AE4B8ADE5B08FE8A784E6A8A1E79A84E9A1B9E79BAEE4B8ADE8BF90E4BD9CE79A84E5BE88E5A5BDEFBC8CE59CA8E8BF99E4BA9BE9A1B9E79BAEE9873F4A61766153637269707420E58FAAE8A2ABE794A8E69DA5E58AA0E5BCBAE789B9E5AE9AE79A84E8A786E59BBEE38082E4BD86E5BD93E59CA8E69BB4E5A48DE69D82E79A84E9A1B9E79BAEE4B8ADEFBC8CE68896E88085E4BDA0E79A84E5898DE7ABAFE5AE8CE585A8E794B1204A61766153637269707420E9A9B1E58AA8E79A84E697B6E58099EFBC8CE4B88BE99DA2E8BF99E4BA9BE7BCBAE782B9E5B086E58F98E5BE97E99D9EE5B8B8E6988EE698BEEFBC9A0A0AE585A8E5B180E5AE9AE4B9892028476C6F62616C20646566696E6974696F6E732920E5BCBAE588B6E8A681E6B182E6AF8FE4B8AA20636F6D706F6E656E7420E4B8ADE79A84E591BDE5908DE4B88DE5BE97E9878DE5A48D0AE5AD97E7ACA6E4B8B2E6A8A1E69D3F28537472696E672074656D706C617465732920E7BCBAE4B98FE8AFADE6B395E9AB98E4BAAEEFBC8CE59CA82048544D4C20E69C89E5A49AE8A18CE79A84E697B6E58099EFBC8CE99C80E8A681E794A8E588B0E4B891E9998BE79A84205C0AE4B88DE694AFE68C3F43535320284E6F2043535320737570706F72742920E6848FE591B3E79D80E5BD3F48544D4C20E5923F4A61766153637269707420E7BB84E4BBB6E58C96E697B6EFBC8C43535320E6988EE698BEE8A2ABE98197E6BC3FE6B2A1E69C89E69E84E5BBBAE6ADA5E9AAA420284E6F206275696C6420737465702920E99990E588B6E58FAAE883BDE4BDBFE794A82048544D4C20E5923F455335204A617661536372697074EFBC8CE8808CE4B88DE883BDE4BDBFE794A8E9A284E5A484E79086E599A8EFBC8CE5A63F5075672028666F726D65726C79204A6164652920E5923F426162656C0AE69687E4BBB6E689A9E5B195E5908DE4B8BA202E76756520E79A3F73696E676C652D66696C6520636F6D706F6E656E74732028E58D95E69687E4BBB6E7BB84E4BB3F20E4B8BAE4BBA5E4B88AE68980E69C89E997AEE9A298E68F90E4BE9BE4BA86E8A7A3E586B3E696B9E6B395EFBC8CE5B9B6E4B894E8BF98E58FAFE4BBA5E4BDBFE794A8207765627061636B20E6883F42726F7773657269667920E7AD89E69E84E5BBBAE5B7A5E585B7E3803F0AE8BF99E698AFE4B880E4B8AAE69687E4BBB6E5908DE4B83F48656C6C6F2E76756520E79A84E7AE80E58D95E5AE9EE4BE8BEFBC9A0A215B63656F64655D2868747470733A2F2F696D672D626C6F672E6373646E696D672E636E2F32303230303631353137353832333734322E706E673F782D6F73732D70726F636573733D696D6167652F77617465726D61726B2C747970655F5A6D46755A33706F5A57356E6147567064476B2C736861646F775F31302C746578745F6148523063484D364C7939696247396E4C6D4E7A5A473475626D56304C334268626C396F4D546B354E513D3D2C73697A655F31362C636F6C6F725F4646464646462C745F373029, 0x3C703EE59CA8E5BE88E5A43F56756520E9A1B9E79BAEE4B8ADEFBC8CE68891E4BBACE4BDBFE794A8205675652E636F6D706F6E656E7420E69DA5E5AE9AE4B989E585A8E5B180E7BB84E4BBB6EFBC8CE7B4A7E68EA5E79D80E7943F6E657720567565287B20656C3A202723636F6E7461696E657220277D2920E59CA8E6AF8FE4B8AAE9A1B5E99DA2E58685E68C87E5AE9AE4B880E4B8AAE5AEB9E599A8E58583E7B4A0E3803F2F703E0A3C703EE8BF99E7A78DE696B9E5BC8FE59CA8E5BE88E5A49AE4B8ADE5B08FE8A784E6A8A1E79A84E9A1B9E79BAEE4B8ADE8BF90E4BD9CE79A84E5BE88E5A5BDEFBC8CE59CA8E8BF99E4BA9BE9A1B9E79BAEE9873F4A61766153637269707420E58FAAE8A2ABE794A8E69DA5E58AA0E5BCBAE789B9E5AE9AE79A84E8A786E59BBEE38082E4BD86E5BD93E59CA8E69BB4E5A48DE69D82E79A84E9A1B9E79BAEE4B8ADEFBC8CE68896E88085E4BDA0E79A84E5898DE7ABAFE5AE8CE585A8E794B1204A61766153637269707420E9A9B1E58AA8E79A84E697B6E58099EFBC8CE4B88BE99DA2E8BF99E4BA9BE7BCBAE782B9E5B086E58F98E5BE97E99D9EE5B8B8E6988EE698BEEFBC9A3C2F703E0A3C703EE585A8E5B180E5AE9AE4B9892028476C6F62616C20646566696E6974696F6E732920E5BCBAE588B6E8A681E6B182E6AF8FE4B8AA20636F6D706F6E656E7420E4B8ADE79A84E591BDE5908DE4B88DE5BE97E9878DE5A48D3C6272202F3E0AE5AD97E7ACA6E4B8B2E6A8A1E69D3F28537472696E672074656D706C617465732920E7BCBAE4B98FE8AFADE6B395E9AB98E4BAAEEFBC8CE59CA82048544D4C20E69C89E5A49AE8A18CE79A84E697B6E58099EFBC8CE99C80E8A681E794A8E588B0E4B891E9998BE79A84203C6272202F3E0AE4B88DE694AFE68C3F43535320284E6F2043535320737570706F72742920E6848FE591B3E79D80E5BD3F48544D4C20E5923F4A61766153637269707420E7BB84E4BBB6E58C96E697B6EFBC8C43535320E6988EE698BEE8A2ABE98197E6BC3F6272202F3E0AE6B2A1E69C89E69E84E5BBBAE6ADA5E9AAA420284E6F206275696C6420737465702920E99990E588B6E58FAAE883BDE4BDBFE794A82048544D4C20E5923F455335204A617661536372697074EFBC8CE8808CE4B88DE883BDE4BDBFE794A8E9A284E5A484E79086E599A8EFBC8CE5A63F5075672028666F726D65726C79204A6164652920E5923F426162656C3C6272202F3E0AE69687E4BBB6E689A9E5B195E5908DE4B8BA202E76756520E79A3F73696E676C652D66696C6520636F6D706F6E656E74732028E58D95E69687E4BBB6E7BB84E4BB3F20E4B8BAE4BBA5E4B88AE68980E69C89E997AEE9A298E68F90E4BE9BE4BA86E8A7A3E586B3E696B9E6B395EFBC8CE5B9B6E4B894E8BF98E58FAFE4BBA5E4BDBFE794A8207765627061636B20E6883F42726F7773657269667920E7AD89E69E84E5BBBAE5B7A5E585B7E3803F2F703E0A3C703EE8BF99E698AFE4B880E4B8AAE69687E4BBB6E5908DE4B83F48656C6C6F2E76756520E79A84E7AE80E58D95E5AE9EE4BE8BEFBC9A3C6272202F3E0A3C696D67207372633D2268747470733A2F2F696D672D626C6F672E6373646E696D672E636E2F32303230303631353137353832333734322E706E673F782D6F73732D70726F636573733D696D6167652F77617465726D61726B2C747970655F5A6D46755A33706F5A57356E6147567064476B2C736861646F775F31302C746578745F6148523063484D364C7939696247396E4C6D4E7A5A473475626D56304C334268626C396F4D546B354E513D3D2C73697A655F31362C636F6C6F725F4646464646462C745F37302220616C743D2263656F646522202F3E3C2F703E0A, 'admin', '2022-06-09 16:11:28', NULL, '2022-06-13 16:36:04');
INSERT INTO `portal_article` VALUES (10, '10-测试', '1', 42, '测试', '1', '1', '1', 0xE6B58BE8AF95, 0x3C703EE6B58BE8AF953C2F703E0A, 'admin', '2022-06-10 15:26:44', 'admin', '2022-06-13 16:35:55');
INSERT INTO `portal_article` VALUES (11, '11-走进Linux', '1', 37, '测试发布', '1', '2', '0', 0x312E20E8B5B0E8BF9B4C696E75780A312E3120E585A5E997A8E6A682E8BFB00AE68891E4BBACE4B8BAE4BB80E4B988E8A681E5ADA6E4B9A04C696E75780A0A6C696E7578E8AF9EE7949FE4BA86E8BF99E4B988E5A49AE5B9B4EFBC8CE4BBA5E5898DE8BF98E5968AE79D80E5A682E4BD95E883BDE58F96E4BBA377696E646F7773E7B3BBE7BB9FEFBC8CE78EB0E59CA8E8BF99E4B8AAE58FA3E58FB7E5B7B2E7BB8FE5B08FE5A49AE4BA86EFBC8CE4BBBBE4BD95E4BA8BE789A9E58F91E5B195E983BDE69C89E585B6E5B180E99990E680A7E983BDE69C89E585B6E5A4A9E88AB1E69DBFE38082E5B0B1E5A682E5908CE59CA8E59BBDE58685E5868DE6909EE4B880E4B8AAE7A4BEE4BAA4E8BDAFE4BBB6E58F96E4BBA3E885BEE8AEAFE4B880E6A0B7EFBC8CE683B3E683B3E8808CE5B7B2E59FBAE69CACE4B88DE58FAFE883BDEFBC8CE59BA0E4B8BAE794A8E688B7E5B7B2E7BB8FE4B9A0E683AFE4BA8EE4BDBFE794A8E5BEAEE4BFA1E4BAA4E6B581EFBC8CE4B88DE698AFE8AFB4E68A80E69CAFE4B88AE5AE9EE78EB0E4B88DE4BA86E8A7A3E8808CE698AFE88081E799BEE5A793E5B7B2E7BB8FE4B9A0E683AFE4BA86EFBC8CE683B3E8AEA9E4BB96E4BBACE4B88DE794A8EFBC8CE58DB3E4BDBFE4BB96E4BBACE887AAE5B7B1E4B88DE794A8E4BAB2E6889AE69C8BE58F8BE8BF98E698AFE8A681E794A8EFBC8CE6B2A1E69C89E58A9EE6B395E79A84E4BA8BE68385E3803F0AE794A8E4B9A0E683AFE4BA8677696E646F7773E6938DE4BD9CE7B3BBE7BB9FEFBC8CE5868DE8AEA9E5A4A7E5AEB6E58887E68DA2E588B0E588ABE79A84E6938DE4BD9CE7B3BBE7BB9FE59FBAE69CACE4B88AE698AFE4B88DE58FAFE883BDE79A84E4BA8BE68385EFBC8CE694B9E58F98E4B880E4B8AAE4BABAE5B7B2E7BB8FE585BBE68890E79A84E4B9A0E683AFE5A4AAE99ABEE38082E6B2A1E69C89E58A9EE6B395E6B7B1E585A5E588B0E699AEE9809AE88081E799BEE5A793E79A84E7949FE6B4BBE4B8ADEFBC8CE5B9B6E4B88DE6848FE591B3E79D806C696E7578E5B0B1E6B2A1E69C89E794A8E6ADA6E4B98BE59CB0E4BA86E38082E59CA8E69C8DE58AA1E599A8E7ABAFEFBC8CE59CA8E5BC80E58F91E9A286E59F9F6C696E7578E58092E698AFE8B68AE69DA5E8B68AE58F97E6ACA2E8BF8EEFBC8CE5BE88E5A49AE7A88BE5BA8FE59198E983BDE8A789E5BE97E4B88DE68782E782B96C696E7578E983BDE8A789E5BE97E4B88DE5A5BDE6848FE6809DEFBC8C6C696E7578E59CA8E5BC80E6BA90E7A4BEE58CBAE79A84E59CB0E4BD8DE4BE9DE784B6E5B2BFE784B6E4B88DE58AA8E3803F0AE5B0A4E585B6E698AFE4BD9CE4B8BAE4B880E4B8AAE5908EE7ABAFE7A88BE5BA8FE59198EFBC8CE698AFE5BF85E9A1BBE8A681E68E8CE68FA14C696E7578E79A84EFBC8CE59BA0E4B8BAE8BF99E983BDE68890E4B8BAE4BA86E4BDA0E689BEE5B7A5E4BD9CE79A84E59FBAE7A180E997A8E6A79BE4BA86EFBC8CE68980E4BBA5E4B88DE5BE97E4B88DE5ADA6E4B9A0EFBC3F0A4C696E757820E7AE80E4BB3F0A4C696E757820E58685E6A0B8E69C80E5889DE58FAAE698AFE794B1E88AACE585B0E4BABAE69E97E7BAB3E696AFC2B7E68998E793A6E585B9EFBC884C696E757320546F7276616C6473EFBC89E59CA8E8B5ABE5B094E8BE9BE59FBAE5A4A7E5ADA6E4B88AE5ADA6E697B6E587BAE4BA8EE4B8AAE4BABAE788B1E5A5BDE8808CE7BC96E58699E79A84E3803F0A4C696E757820E698AFE4B880E5A597E5858DE8B4B9E4BDBFE794A8E5928CE887AAE794B1E4BCA0E692ADE79A84E7B1BB20556E697820E6938DE4BD9CE7B3BBE7BB9FEFBC8CE698AFE4B880E4B8AAE59FBAE4BA3F504F534958EFBC88E58FAFE7A7BBE6A48DE6938DE4BD9CE7B3BBE7BB9FE68EA5E58FA3EFBC3FE5923F554E495820E79A84E5A49AE794A8E688B7E38081E5A49AE4BBBBE58AA1E38081E694AFE68C81E5A49AE7BABFE7A88BE5928CE5A49A2043505520E79A84E6938DE4BD9CE7B3BBE7BB9FE3803F0A4C696E757820E883BDE8BF90E8A18CE4B8BBE8A681E79A8420554E495820E5B7A5E585B7E8BDAFE4BBB6E38081E5BA94E794A8E7A88BE5BA8FE5928CE7BD91E7BB9CE58D8FE8AEAEE38082E5AE83E694AFE68C8120333220E4BD8DE5928C20363420E4BD8DE7A1ACE4BBB6E380824C696E757820E7BBA7E689BFE4BA3F556E697820E4BBA5E7BD91E7BB9CE4B8BAE6A0B8E5BF83E79A84E8AEBEE8AEA1E6809DE683B3EFBC8CE698AFE4B880E4B8AAE680A7E883BDE7A8B3E5AE9AE79A84E5A49AE794A8E688B7E7BD91E7BB9CE6938DE4BD9CE7B3BBE7BB9FE3803F0A4C696E757820E58F91E8A18CE7893F0A4C696E757820E79A84E58F91E8A18CE78988E8AFB4E7AE80E58D95E782B9E5B0B1E698AFE5B03F4C696E757820E58685E6A0B8E4B88EE5BA94E794A8E8BDAFE4BBB6E5819AE4B880E4B8AAE68993E58C85E3803F0AE79BAEE5898DE5B882E99DA2E4B88AE8BE83E79FA5E5908DE79A84E58F91E8A18CE78988E69C89EFBC9A5562756E7475E38081526564486174E3808143656E744F53E3808144656269616EE380814665646F7261E3808153755345E380814F70656E53555345E3808141726368204C696E7578E38081536F6C75734F5320E7AD89E3803F, 0x3C6F6C3E0A3C6C693EE8B5B0E8BF9B4C696E75783C6272202F3E0A312E3120E585A5E997A8E6A682E8BFB03C6272202F3E0AE68891E4BBACE4B8BAE4BB80E4B988E8A681E5ADA6E4B9A04C696E75783C2F6C693E0A3C2F6F6C3E0A3C703E6C696E7578E8AF9EE7949FE4BA86E8BF99E4B988E5A49AE5B9B4EFBC8CE4BBA5E5898DE8BF98E5968AE79D80E5A682E4BD95E883BDE58F96E4BBA377696E646F7773E7B3BBE7BB9FEFBC8CE78EB0E59CA8E8BF99E4B8AAE58FA3E58FB7E5B7B2E7BB8FE5B08FE5A49AE4BA86EFBC8CE4BBBBE4BD95E4BA8BE789A9E58F91E5B195E983BDE69C89E585B6E5B180E99990E680A7E983BDE69C89E585B6E5A4A9E88AB1E69DBFE38082E5B0B1E5A682E5908CE59CA8E59BBDE58685E5868DE6909EE4B880E4B8AAE7A4BEE4BAA4E8BDAFE4BBB6E58F96E4BBA3E885BEE8AEAFE4B880E6A0B7EFBC8CE683B3E683B3E8808CE5B7B2E59FBAE69CACE4B88DE58FAFE883BDEFBC8CE59BA0E4B8BAE794A8E688B7E5B7B2E7BB8FE4B9A0E683AFE4BA8EE4BDBFE794A8E5BEAEE4BFA1E4BAA4E6B581EFBC8CE4B88DE698AFE8AFB4E68A80E69CAFE4B88AE5AE9EE78EB0E4B88DE4BA86E8A7A3E8808CE698AFE88081E799BEE5A793E5B7B2E7BB8FE4B9A0E683AFE4BA86EFBC8CE683B3E8AEA9E4BB96E4BBACE4B88DE794A8EFBC8CE58DB3E4BDBFE4BB96E4BBACE887AAE5B7B1E4B88DE794A8E4BAB2E6889AE69C8BE58F8BE8BF98E698AFE8A681E794A8EFBC8CE6B2A1E69C89E58A9EE6B395E79A84E4BA8BE68385E3803F2F703E0A3C703EE794A8E4B9A0E683AFE4BA8677696E646F7773E6938DE4BD9CE7B3BBE7BB9FEFBC8CE5868DE8AEA9E5A4A7E5AEB6E58887E68DA2E588B0E588ABE79A84E6938DE4BD9CE7B3BBE7BB9FE59FBAE69CACE4B88AE698AFE4B88DE58FAFE883BDE79A84E4BA8BE68385EFBC8CE694B9E58F98E4B880E4B8AAE4BABAE5B7B2E7BB8FE585BBE68890E79A84E4B9A0E683AFE5A4AAE99ABEE38082E6B2A1E69C89E58A9EE6B395E6B7B1E585A5E588B0E699AEE9809AE88081E799BEE5A793E79A84E7949FE6B4BBE4B8ADEFBC8CE5B9B6E4B88DE6848FE591B3E79D806C696E7578E5B0B1E6B2A1E69C89E794A8E6ADA6E4B98BE59CB0E4BA86E38082E59CA8E69C8DE58AA1E599A8E7ABAFEFBC8CE59CA8E5BC80E58F91E9A286E59F9F6C696E7578E58092E698AFE8B68AE69DA5E8B68AE58F97E6ACA2E8BF8EEFBC8CE5BE88E5A49AE7A88BE5BA8FE59198E983BDE8A789E5BE97E4B88DE68782E782B96C696E7578E983BDE8A789E5BE97E4B88DE5A5BDE6848FE6809DEFBC8C6C696E7578E59CA8E5BC80E6BA90E7A4BEE58CBAE79A84E59CB0E4BD8DE4BE9DE784B6E5B2BFE784B6E4B88DE58AA8E3803F2F703E0A3C703EE5B0A4E585B6E698AFE4BD9CE4B8BAE4B880E4B8AAE5908EE7ABAFE7A88BE5BA8FE59198EFBC8CE698AFE5BF85E9A1BBE8A681E68E8CE68FA14C696E7578E79A84EFBC8CE59BA0E4B8BAE8BF99E983BDE68890E4B8BAE4BA86E4BDA0E689BEE5B7A5E4BD9CE79A84E59FBAE7A180E997A8E6A79BE4BA86EFBC8CE68980E4BBA5E4B88DE5BE97E4B88DE5ADA6E4B9A0EFBC3F2F703E0A3C703E4C696E757820E7AE80E4BB3F2F703E0A3C703E4C696E757820E58685E6A0B8E69C80E5889DE58FAAE698AFE794B1E88AACE585B0E4BABAE69E97E7BAB3E696AFC2B7E68998E793A6E585B9EFBC884C696E757320546F7276616C6473EFBC89E59CA8E8B5ABE5B094E8BE9BE59FBAE5A4A7E5ADA6E4B88AE5ADA6E697B6E587BAE4BA8EE4B8AAE4BABAE788B1E5A5BDE8808CE7BC96E58699E79A84E3803F2F703E0A3C703E4C696E757820E698AFE4B880E5A597E5858DE8B4B9E4BDBFE794A8E5928CE887AAE794B1E4BCA0E692ADE79A84E7B1BB20556E697820E6938DE4BD9CE7B3BBE7BB9FEFBC8CE698AFE4B880E4B8AAE59FBAE4BA3F504F534958EFBC88E58FAFE7A7BBE6A48DE6938DE4BD9CE7B3BBE7BB9FE68EA5E58FA3EFBC3FE5923F554E495820E79A84E5A49AE794A8E688B7E38081E5A49AE4BBBBE58AA1E38081E694AFE68C81E5A49AE7BABFE7A88BE5928CE5A49A2043505520E79A84E6938DE4BD9CE7B3BBE7BB9FE3803F2F703E0A3C703E4C696E757820E883BDE8BF90E8A18CE4B8BBE8A681E79A8420554E495820E5B7A5E585B7E8BDAFE4BBB6E38081E5BA94E794A8E7A88BE5BA8FE5928CE7BD91E7BB9CE58D8FE8AEAEE38082E5AE83E694AFE68C8120333220E4BD8DE5928C20363420E4BD8DE7A1ACE4BBB6E380824C696E757820E7BBA7E689BFE4BA3F556E697820E4BBA5E7BD91E7BB9CE4B8BAE6A0B8E5BF83E79A84E8AEBEE8AEA1E6809DE683B3EFBC8CE698AFE4B880E4B8AAE680A7E883BDE7A8B3E5AE9AE79A84E5A49AE794A8E688B7E7BD91E7BB9CE6938DE4BD9CE7B3BBE7BB9FE3803F2F703E0A3C703E4C696E757820E58F91E8A18CE7893F2F703E0A3C703E4C696E757820E79A84E58F91E8A18CE78988E8AFB4E7AE80E58D95E782B9E5B0B1E698AFE5B03F4C696E757820E58685E6A0B8E4B88EE5BA94E794A8E8BDAFE4BBB6E5819AE4B880E4B8AAE68993E58C85E3803F2F703E0A3C703EE79BAEE5898DE5B882E99DA2E4B88AE8BE83E79FA5E5908DE79A84E58F91E8A18CE78988E69C89EFBC9A5562756E7475E38081526564486174E3808143656E744F53E3808144656269616EE380814665646F7261E3808153755345E380814F70656E53555345E3808141726368204C696E7578E38081536F6C75734F5320E7AD89E3803F2F703E0A, 'admin', '2022-05-18 23:09:39', NULL, '2022-06-09 16:03:48');
INSERT INTO `portal_article` VALUES (12, '12-Vue父子组件传值', '2', 38, 'Vue的学习是路阻且艰的，这是一个系列文章，帮助vue的新手可以快速上路，创建的自己的项目，该系列文章主要讲解作者在vue学习之路上，创建项目中最重要的知识，因为笔者水平有限，希望大家多多指正，该系列文章旨在让大家感受vue的便捷，详细学习vue希望大家多多观看官方文档.', '3', '2', '0', 0xE5898DE8A8800AE4BE8BE5A682EFBC9A567565E79A84E5ADA6E4B9A0E698AFE8B7AFE998BBE4B894E889B0E79A84EFBC8CE8BF99E698AFE4B880E4B8AAE7B3BBE58897E69687E7ABA0EFBC8CE5B8AEE58AA9767565E79A84E696B0E6898BE58FAFE4BBA5E5BFABE9809FE4B88AE8B7AFEFBC8CE5889BE5BBBAE79A84E887AAE5B7B1E79A84E9A1B9E79BAEEFBC8CE8AFA5E7B3BBE58897E69687E7ABA0E4B8BBE8A681E8AEB2E8A7A3E4BD9CE88085E59CA8767565E5ADA6E4B9A0E4B98BE8B7AFE4B88AEFBC8CE5889BE5BBBAE9A1B9E79BAEE4B8ADE69C80E9878DE8A681E79A84E79FA5E8AF86EFBC8CE59BA0E4B8BAE7AC94E88085E6B0B4E5B9B3E69C89E99990EFBC8CE5B88CE69C9BE5A4A7E5AEB6E5A49AE5A49AE68C87E6ADA3EFBC8CE8AFA5E7B3BBE58897E69687E7ABA0E697A8E59CA8E8AEA9E5A4A7E5AEB6E6849FE58F97767565E79A84E4BEBFE68DB7EFBC8CE8AFA6E7BB86E5ADA6E4B9A0767565E5B88CE69C9BE5A4A7E5AEB6E5A49AE5A49AE8A782E79C8BE5AE98E696B9E69687E6A1A32E0A0AE4B880E38081567565E788B6E5AD90E4BCA0E580BCE79A84E696B9E6B3950AE68891E4BBACE59CA8567565E9A1B9E79BAEE8BF9BE8A18CE788B6E5AD90E4BCA0E580BCE4B8BBE8A681E69C89E4BBA5E4B88BE4B889E7A78DE696B9E6B395EFBC3F2831292070726F7073202F2024656D69740A2832292024706172656E74202F206368696C6472656E0A28332920247265660AE59CA8E8A782E79C8BE696B9E6B395E8AFA6E8A7A3E697B6E5A4A7E5AEB6E58588E5889BE5BBBAE4B880E4B8AAE788B6E7BB84E4BBB6706172656E742E767565E5928CE4B880E4B8AAE5AD90E7BB84E4BBB66368696C642E767565E5B9B6E5AE8CE68890E788B6E5AD90E7BB84E4BBB6E79A84E6B3A8E5868C, 0x3C703EE5898DE8A8803C6272202F3E0AE4BE8BE5A682EFBC9A567565E79A84E5ADA6E4B9A0E698AFE8B7AFE998BBE4B894E889B0E79A84EFBC8CE8BF99E698AFE4B880E4B8AAE7B3BBE58897E69687E7ABA0EFBC8CE5B8AEE58AA9767565E79A84E696B0E6898BE58FAFE4BBA5E5BFABE9809FE4B88AE8B7AFEFBC8CE5889BE5BBBAE79A84E887AAE5B7B1E79A84E9A1B9E79BAEEFBC8CE8AFA5E7B3BBE58897E69687E7ABA0E4B8BBE8A681E8AEB2E8A7A3E4BD9CE88085E59CA8767565E5ADA6E4B9A0E4B98BE8B7AFE4B88AEFBC8CE5889BE5BBBAE9A1B9E79BAEE4B8ADE69C80E9878DE8A681E79A84E79FA5E8AF86EFBC8CE59BA0E4B8BAE7AC94E88085E6B0B4E5B9B3E69C89E99990EFBC8CE5B88CE69C9BE5A4A7E5AEB6E5A49AE5A49AE68C87E6ADA3EFBC8CE8AFA5E7B3BBE58897E69687E7ABA0E697A8E59CA8E8AEA9E5A4A7E5AEB6E6849FE58F97767565E79A84E4BEBFE68DB7EFBC8CE8AFA6E7BB86E5ADA6E4B9A0767565E5B88CE69C9BE5A4A7E5AEB6E5A49AE5A49AE8A782E79C8BE5AE98E696B9E69687E6A1A32E3C2F703E0A3C703EE4B880E38081567565E788B6E5AD90E4BCA0E580BCE79A84E696B9E6B3953C6272202F3E0AE68891E4BBACE59CA8567565E9A1B9E79BAEE8BF9BE8A18CE788B6E5AD90E4BCA0E580BCE4B8BBE8A681E69C89E4BBA5E4B88BE4B889E7A78DE696B9E6B395EFBC3F6272202F3E0A2831292070726F7073202F2024656D69743C6272202F3E0A2832292024706172656E74202F206368696C6472656E3C6272202F3E0A28332920247265663C6272202F3E0AE59CA8E8A782E79C8BE696B9E6B395E8AFA6E8A7A3E697B6E5A4A7E5AEB6E58588E5889BE5BBBAE4B880E4B8AAE788B6E7BB84E4BBB6706172656E742E767565E5928CE4B880E4B8AAE5AD90E7BB84E4BBB66368696C642E767565E5B9B6E5AE8CE68890E788B6E5AD90E7BB84E4BBB6E79A84E6B3A8E5868C3C2F703E0A, 'admin', '2022-06-06 17:53:28', NULL, '2022-06-06 18:07:48');
INSERT INTO `portal_article` VALUES (13, '13-vue中a标签的href属性的写法', '3', 39, '问题：vue.js a标签href里有变量，函数拼接问题', '2', '3', '0', 0xE997AEE9A298EFBC9A7675652E6A732061E6A087E7ADBE68726566E9878CE69C89E58F98E9878FEFBC8CE587BDE695B0E68BBCE68EA5E997AEE9A23F0AE6ADA3E7A1AEE6A0BCE5BC8FEFBC3F0A60606068746D6C0A3C61203A68726566203D2227687474703A2F2F7365617263682E6A642E636F6D2F5365617263683F656E633D7574662D38266B6579776F72643D272B6B6579576F72642B2726706167653D272B4D6174682E6365696C287265636F72642E736B7552616E6B2F3630292B272E68746D6C27223EE8B7B3E8BDAC3C2F613E0A6060600A0A0AE6B3A8E6848FE782B9EFBC9A0A0A312E68726566E5898DE99DA2E8A681E58AA0E2809CEFBC9AE2803F0A322EE5AD97E7ACA6E4B8B2E8A681E794A8E58D95E5BC95E58FB7E2803FE2803FE2809DE58C85E4BD3F0A332EE58FA5E5B0BEE8A681E58AA0E2803F68746D6CE2803F, 0x3C703EE997AEE9A298EFBC9A7675652E6A732061E6A087E7ADBE68726566E9878CE69C89E58F98E9878FEFBC8CE587BDE695B0E68BBCE68EA5E997AEE9A23F2F703E0A3C703EE6ADA3E7A1AEE6A0BCE5BC8FEFBC3F2F703E0A3C7072653E3C64697620636C6173733D22686C6A73223E3C636F646520636C6173733D226C616E672D68746D6C223E3C7370616E20636C6173733D22686C6A732D746167223E266C743B3C7370616E20636C6173733D22686C6A732D6E616D65223E613C2F7370616E3E203C7370616E20636C6173733D22686C6A732D61747472223E3A687265663C2F7370616E3E203D3C7370616E20636C6173733D22686C6A732D737472696E67223E2671756F743B26237832373B687474703A2F2F7365617263682E6A642E636F6D2F5365617263683F656E633D7574662D3826616D703B6B6579776F72643D26237832373B2B6B6579576F72642B26237832373B26616D703B706167653D26237832373B2B4D6174682E6365696C287265636F72642E736B7552616E6B2F3630292B26237832373B2E68746D6C26237832373B2671756F743B3C2F7370616E3E2667743B3C2F7370616E3EE8B7B3E8BDAC3C7370616E20636C6173733D22686C6A732D746167223E266C743B2F3C7370616E20636C6173733D22686C6A732D6E616D65223E613C2F7370616E3E2667743B3C2F7370616E3E0A3C2F636F64653E3C2F6469763E3C2F7072653E0A3C703EE6B3A8E6848FE782B9EFBC9A3C2F703E0A3C703E312E68726566E5898DE99DA2E8A681E58AA0E2809CEFBC9AE2803F2F703E0A3C703E322EE5AD97E7ACA6E4B8B2E8A681E794A8E58D95E5BC95E58FB7E2803FE2803FE2809DE58C85E4BD3F2F703E0A3C703E332EE58FA5E5B0BEE8A681E58AA0E2803F68746D6CE2803F2F703E0A, 'admin', '2022-06-06 18:01:54', NULL, '2022-06-09 17:10:07');
INSERT INTO `portal_article` VALUES (14, '14-VUE单文件组件', '2', 40, '单文件组件', '1', '2', '2', 0xE59CA8E5BE88E5A43F56756520E9A1B9E79BAEE4B8ADEFBC8CE68891E4BBACE4BDBFE794A8205675652E636F6D706F6E656E7420E69DA5E5AE9AE4B989E585A8E5B180E7BB84E4BBB6EFBC8CE7B4A7E68EA5E79D80E7943F6E657720567565287B20656C3A202723636F6E7461696E657220277D2920E59CA8E6AF8FE4B8AAE9A1B5E99DA2E58685E68C87E5AE9AE4B880E4B8AAE5AEB9E599A8E58583E7B4A0E3803F0AE8BF99E7A78DE696B9E5BC8FE59CA8E5BE88E5A49AE4B8ADE5B08FE8A784E6A8A1E79A84E9A1B9E79BAEE4B8ADE8BF90E4BD9CE79A84E5BE88E5A5BDEFBC8CE59CA8E8BF99E4BA9BE9A1B9E79BAEE9873F4A61766153637269707420E58FAAE8A2ABE794A8E69DA5E58AA0E5BCBAE789B9E5AE9AE79A84E8A786E59BBEE38082E4BD86E5BD93E59CA8E69BB4E5A48DE69D82E79A84E9A1B9E79BAEE4B8ADEFBC8CE68896E88085E4BDA0E79A84E5898DE7ABAFE5AE8CE585A8E794B1204A61766153637269707420E9A9B1E58AA8E79A84E697B6E58099EFBC8CE4B88BE99DA2E8BF99E4BA9BE7BCBAE782B9E5B086E58F98E5BE97E99D9EE5B8B8E6988EE698BEEFBC9A0A0AE585A8E5B180E5AE9AE4B9892028476C6F62616C20646566696E6974696F6E732920E5BCBAE588B6E8A681E6B182E6AF8FE4B8AA20636F6D706F6E656E7420E4B8ADE79A84E591BDE5908DE4B88DE5BE97E9878DE5A48D0AE5AD97E7ACA6E4B8B2E6A8A1E69D3F28537472696E672074656D706C617465732920E7BCBAE4B98FE8AFADE6B395E9AB98E4BAAEEFBC8CE59CA82048544D4C20E69C89E5A49AE8A18CE79A84E697B6E58099EFBC8CE99C80E8A681E794A8E588B0E4B891E9998BE79A84205C0AE4B88DE694AFE68C3F43535320284E6F2043535320737570706F72742920E6848FE591B3E79D80E5BD3F48544D4C20E5923F4A61766153637269707420E7BB84E4BBB6E58C96E697B6EFBC8C43535320E6988EE698BEE8A2ABE98197E6BC3FE6B2A1E69C89E69E84E5BBBAE6ADA5E9AAA420284E6F206275696C6420737465702920E99990E588B6E58FAAE883BDE4BDBFE794A82048544D4C20E5923F455335204A617661536372697074EFBC8CE8808CE4B88DE883BDE4BDBFE794A8E9A284E5A484E79086E599A8EFBC8CE5A63F5075672028666F726D65726C79204A6164652920E5923F426162656C0AE69687E4BBB6E689A9E5B195E5908DE4B8BA202E76756520E79A3F73696E676C652D66696C6520636F6D706F6E656E74732028E58D95E69687E4BBB6E7BB84E4BB3F20E4B8BAE4BBA5E4B88AE68980E69C89E997AEE9A298E68F90E4BE9BE4BA86E8A7A3E586B3E696B9E6B395EFBC8CE5B9B6E4B894E8BF98E58FAFE4BBA5E4BDBFE794A8207765627061636B20E6883F42726F7773657269667920E7AD89E69E84E5BBBAE5B7A5E585B7E3803F0AE8BF99E698AFE4B880E4B8AAE69687E4BBB6E5908DE4B83F48656C6C6F2E76756520E79A84E7AE80E58D95E5AE9EE4BE8BEFBC9A0A215B63656F64655D2868747470733A2F2F696D672D626C6F672E6373646E696D672E636E2F32303230303631353137353832333734322E706E673F782D6F73732D70726F636573733D696D6167652F77617465726D61726B2C747970655F5A6D46755A33706F5A57356E6147567064476B2C736861646F775F31302C746578745F6148523063484D364C7939696247396E4C6D4E7A5A473475626D56304C334268626C396F4D546B354E513D3D2C73697A655F31362C636F6C6F725F4646464646462C745F373029, 0x3C703EE59CA8E5BE88E5A43F56756520E9A1B9E79BAEE4B8ADEFBC8CE68891E4BBACE4BDBFE794A8205675652E636F6D706F6E656E7420E69DA5E5AE9AE4B989E585A8E5B180E7BB84E4BBB6EFBC8CE7B4A7E68EA5E79D80E7943F6E657720567565287B20656C3A202723636F6E7461696E657220277D2920E59CA8E6AF8FE4B8AAE9A1B5E99DA2E58685E68C87E5AE9AE4B880E4B8AAE5AEB9E599A8E58583E7B4A0E3803F2F703E0A3C703EE8BF99E7A78DE696B9E5BC8FE59CA8E5BE88E5A49AE4B8ADE5B08FE8A784E6A8A1E79A84E9A1B9E79BAEE4B8ADE8BF90E4BD9CE79A84E5BE88E5A5BDEFBC8CE59CA8E8BF99E4BA9BE9A1B9E79BAEE9873F4A61766153637269707420E58FAAE8A2ABE794A8E69DA5E58AA0E5BCBAE789B9E5AE9AE79A84E8A786E59BBEE38082E4BD86E5BD93E59CA8E69BB4E5A48DE69D82E79A84E9A1B9E79BAEE4B8ADEFBC8CE68896E88085E4BDA0E79A84E5898DE7ABAFE5AE8CE585A8E794B1204A61766153637269707420E9A9B1E58AA8E79A84E697B6E58099EFBC8CE4B88BE99DA2E8BF99E4BA9BE7BCBAE782B9E5B086E58F98E5BE97E99D9EE5B8B8E6988EE698BEEFBC9A3C2F703E0A3C703EE585A8E5B180E5AE9AE4B9892028476C6F62616C20646566696E6974696F6E732920E5BCBAE588B6E8A681E6B182E6AF8FE4B8AA20636F6D706F6E656E7420E4B8ADE79A84E591BDE5908DE4B88DE5BE97E9878DE5A48D3C6272202F3E0AE5AD97E7ACA6E4B8B2E6A8A1E69D3F28537472696E672074656D706C617465732920E7BCBAE4B98FE8AFADE6B395E9AB98E4BAAEEFBC8CE59CA82048544D4C20E69C89E5A49AE8A18CE79A84E697B6E58099EFBC8CE99C80E8A681E794A8E588B0E4B891E9998BE79A84203C6272202F3E0AE4B88DE694AFE68C3F43535320284E6F2043535320737570706F72742920E6848FE591B3E79D80E5BD3F48544D4C20E5923F4A61766153637269707420E7BB84E4BBB6E58C96E697B6EFBC8C43535320E6988EE698BEE8A2ABE98197E6BC3F6272202F3E0AE6B2A1E69C89E69E84E5BBBAE6ADA5E9AAA420284E6F206275696C6420737465702920E99990E588B6E58FAAE883BDE4BDBFE794A82048544D4C20E5923F455335204A617661536372697074EFBC8CE8808CE4B88DE883BDE4BDBFE794A8E9A284E5A484E79086E599A8EFBC8CE5A63F5075672028666F726D65726C79204A6164652920E5923F426162656C3C6272202F3E0AE69687E4BBB6E689A9E5B195E5908DE4B8BA202E76756520E79A3F73696E676C652D66696C6520636F6D706F6E656E74732028E58D95E69687E4BBB6E7BB84E4BB3F20E4B8BAE4BBA5E4B88AE68980E69C89E997AEE9A298E68F90E4BE9BE4BA86E8A7A3E586B3E696B9E6B395EFBC8CE5B9B6E4B894E8BF98E58FAFE4BBA5E4BDBFE794A8207765627061636B20E6883F42726F7773657269667920E7AD89E69E84E5BBBAE5B7A5E585B7E3803F2F703E0A3C703EE8BF99E698AFE4B880E4B8AAE69687E4BBB6E5908DE4B83F48656C6C6F2E76756520E79A84E7AE80E58D95E5AE9EE4BE8BEFBC9A3C6272202F3E0A3C696D67207372633D2268747470733A2F2F696D672D626C6F672E6373646E696D672E636E2F32303230303631353137353832333734322E706E673F782D6F73732D70726F636573733D696D6167652F77617465726D61726B2C747970655F5A6D46755A33706F5A57356E6147567064476B2C736861646F775F31302C746578745F6148523063484D364C7939696247396E4C6D4E7A5A473475626D56304C334268626C396F4D546B354E513D3D2C73697A655F31362C636F6C6F725F4646464646462C745F37302220616C743D2263656F646522202F3E3C2F703E0A, 'admin', '2022-06-09 16:11:28', NULL, '2022-06-13 16:36:04');
INSERT INTO `portal_article` VALUES (15, '15测试', '1', 42, '测试', '1', '1', '1', 0xE6B58BE8AF95, 0x3C703EE6B58BE8AF953C2F703E0A, 'admin', '2022-06-10 15:26:44', 'admin', '2022-06-13 16:35:55');
INSERT INTO `portal_article` VALUES (16, '一直想做一款后台管理系统，看了很多优秀的开源项目但是发现没有合适的。', '1', 54, '一直想做一款后台管理系统，看了很多优秀的开源项目但是发现没有合适的。一直想做一款后台管理系统，看了很多优秀的开源项目但是发现没有合适的。一直想做一款后台管理系统，看了很多优秀的开源项目但是发现没有合适的。', '1', '1', '0', 0x232320E5B9B3E58FB0E7AE80E4BB8B0A0AE4B880E79BB4E683B3E5819AE4B880E6ACBEE5908EE58FB0E7AEA1E79086E7B3BBE7BB9FEFBC8CE79C8BE4BA86E5BE88E5A49AE4BC98E7A780E79A84E5BC80E6BA90E9A1B9E79BAEE4BD86E698AFE58F91E78EB0E6B2A1E69C89E59088E98082E79A84E38082E4BA8EE698AFE588A9E794A8E7A9BAE997B2E4BC91E681AFE697B6E997B4E5BC80E5A78BE887AAE5B7B1E58699E4BA86E4B880E5A597E5908EE58FB0E7B3BBE7BB9FE38082E5A682E6ADA4E69C89E4BA86E88BA5E4BE9DE38082E5A5B9E58FAFE4BBA5E794A8E4BA8EE68980E69C89E79A84576562E5BA94E794A8E7A88BE5BA8FEFBC8CE5A682E7BD91E7AB99E7AEA1E79086E5908EE58FB0EFBC8CE7BD91E7AB99E4BC9AE59198E4B8ADE5BF83EFBC8C434D53EFBC8C43524DEFBC8C4F41E38082E68980E69C89E5898DE7ABAFE5908EE58FB0E4BBA3E7A081E5B081E8A385E8BF87E5908EE58D81E58886E7B2BEE7AE80E69893E4B88AE6898BEFBC8CE587BAE99499E6A682E78E87E4BD8EE38082E5908CE697B6E694AFE68C81E7A7BBE58AA8E5AEA2E688B7E7ABAFE8AEBFE997AEE38082E7B3BBE7BB9FE4BC9AE99986E7BBADE69BB4E696B0E4B880E4BA9BE5AE9EE794A8E58A9FE883BDE380820A0AE680A7E588ABE794B7EFBC8CE88BA5E4BE9DE698AFE7BB99E5A5B3E584BFE58F96E79A84E5908DE5AD97EFBC88E5AF93E6848FEFBC9AE4BDA0E88BA5E4B88DE7A6BBE4B88DE5BC83EFBC8CE68891E5BF85E7949FE6ADBBE79BB8E4BE9DEFBC890A0AE88BA5E4BE9DE698AFE4B880E5A597E585A8E983A8E5BC80E6BA90E79A84E5BFABE9809FE5BC80E58F91E5B9B3E58FB0EFBC8CE6AFABE697A0E4BF9DE79599E7BB99E4B8AAE4BABAE58F8AE4BC81E4B89AE5858DE8B4B9E4BDBFE794A8E380820A0A2A20E5898DE5908EE7ABAFE58886E7A6BBE78988E69CACEFBC8CE8AFB7E7A7BBE6ADA55B52756F59692D5675655D2868747470733A2F2F67697465652E636F6D2F795F70726F6A6563742F52756F59692D56756529EFBC8CE5BEAEE69C8DE58AA1E78988E69CACEFBC8CE8AFB7E7A7BBE6ADA55B52756F59692D436C6F75645D2868747470733A2F2F67697465652E636F6D2F795F70726F6A6563742F52756F59692D436C6F7564290A2A20E6849FE8B0A2205B68706C75735D2868747470733A2F2F67697465652E636F6D2F68706C75735F61646D696E2F68706C75732920E5908EE58FB0E4B8BBE9A29820554920E6A186E69EB6E380820A2A20E998BFE9878CE4BA91E68A98E689A3E59CBAEFBC9A5BE782B9E68891E8BF9BE585A55D28687474703A2F2F616C792E72756F79692E76697029EFBC8CE885BEE8AEAFE4BA91E7A792E69D80E59CBAEFBC9A5BE782B9E68891E8BF9BE585A55D28687474703A2F2F7478792E72756F79692E76697029266E6273703B266E6273703B0A2A20E998BFE9878CE4BA91E4BC98E683A0E588B8EFBC9A5BE782B9E68891E9A286E58F965D2868747470733A2F2F7777772E616C6979756E2E636F6D2F6D696E69736974652F676F6F64733F75736572436F64653D62726B6938696F662673686172655F736F757263653D636F70795F6C696E6B29EFBC8CE885BEE8AEAFE4BA91E4BC98E683A0E588B8EFBC9A5BE782B9E68891E9A286E58F965D2868747470733A2F2F636C6F75642E74656E63656E742E636F6D2F72656469726563742E7068703F72656469726563743D31303235266370735F6B65793D31393863386466326564323539313537313837313733626337663466333266642666726F6D3D636F6E736F6C6529266E6273703B266E6273703B0A0A232320E58685E7BDAEE58A9FE883BD0A0A312E2020E794A8E688B7E7AEA1E79086EFBC9AE794A8E688B7E698AFE7B3BBE7BB9FE6938DE4BD9CE88085EFBC8CE8AFA5E58A9FE883BDE4B8BBE8A681E5AE8CE68890E7B3BBE7BB9FE794A8E688B7E9858DE7BDAEE380820A322E2020E983A8E997A8E7AEA1E79086EFBC9AE9858DE7BDAEE7B3BBE7BB9FE7BB84E7BB87E69CBAE69E84EFBC88E585ACE58FB8E38081E983A8E997A8E38081E5B08FE7BB84EFBC89EFBC8CE6A091E7BB93E69E84E5B195E78EB0E694AFE68C81E695B0E68DAEE69D83E99990E380820A332E2020E5B297E4BD8DE7AEA1E79086EFBC9AE9858DE7BDAEE7B3BBE7BB9FE794A8E688B7E68980E5B19EE68B85E4BBBBE8818CE58AA1E380820A342E2020E88F9CE58D95E7AEA1E79086EFBC9AE9858DE7BDAEE7B3BBE7BB9FE88F9CE58D95EFBC8CE6938DE4BD9CE69D83E99990EFBC8CE68C89E992AEE69D83E99990E6A087E8AF86E7AD89E380820A352E2020E8A792E889B2E7AEA1E79086EFBC9AE8A792E889B2E88F9CE58D95E69D83E99990E58886E9858DE38081E8AEBEE7BDAEE8A792E889B2E68C89E69CBAE69E84E8BF9BE8A18CE695B0E68DAEE88C83E59BB4E69D83E99990E58892E58886E380820A362E2020E5AD97E585B8E7AEA1E79086EFBC9AE5AFB9E7B3BBE7BB9FE4B8ADE7BB8FE5B8B8E4BDBFE794A8E79A84E4B880E4BA9BE8BE83E4B8BAE59BBAE5AE9AE79A84E695B0E68DAEE8BF9BE8A18CE7BBB4E68AA4E380820A372E2020E58F82E695B0E7AEA1E79086EFBC9AE5AFB9E7B3BBE7BB9FE58AA8E68081E9858DE7BDAEE5B8B8E794A8E58F82E695B0E380820A382E2020E9809AE79FA5E585ACE5918AEFBC9AE7B3BBE7BB9FE9809AE79FA5E585ACE5918AE4BFA1E681AFE58F91E5B883E7BBB4E68AA4E380820A392E2020E6938DE4BD9CE697A5E5BF97EFBC9AE7B3BBE7BB9FE6ADA3E5B8B8E6938DE4BD9CE697A5E5BF97E8AEB0E5BD95E5928CE69FA5E8AFA2EFBC9BE7B3BBE7BB9FE5BC82E5B8B8E4BFA1E681AFE697A5E5BF97E8AEB0E5BD95E5928CE69FA5E8AFA2E380820A31302E20E799BBE5BD95E697A5E5BF97EFBC9AE7B3BBE7BB9FE799BBE5BD95E697A5E5BF97E8AEB0E5BD95E69FA5E8AFA2E58C85E590ABE799BBE5BD95E5BC82E5B8B8E380820A31312E20E59CA8E7BABFE794A8E688B7EFBC9AE5BD93E5898DE7B3BBE7BB9FE4B8ADE6B4BBE8B783E794A8E688B7E78AB6E68081E79B91E68EA7E380820A31322E20E5AE9AE697B6E4BBBBE58AA1EFBC9AE59CA8E7BABFEFBC88E6B7BBE58AA0E38081E4BFAEE694B9E38081E588A0E999A429E4BBBBE58AA1E8B083E5BAA6E58C85E590ABE689A7E8A18CE7BB93E69E9CE697A5E5BF97E380820A31332E20E4BBA3E7A081E7949FE68890EFBC9AE5898DE5908EE7ABAFE4BBA3E7A081E79A84E7949FE68890EFBC886A617661E3808168746D6CE38081786D6CE3808173716CEFBC89E694AFE68C8143525544E4B88BE8BDBD20E380820A31342E20E7B3BBE7BB9FE68EA5E58FA3EFBC9AE6A0B9E68DAEE4B89AE58AA1E4BBA3E7A081E887AAE58AA8E7949FE68890E79BB8E585B3E79A84617069E68EA5E58FA3E69687E6A1A3E380820A31352E20E69C8DE58AA1E79B91E68EA7EFBC9AE79B91E8A786E5BD93E5898DE7B3BBE7BB9F435055E38081E58685E5AD98E38081E7A381E79B98E38081E5A086E6A088E7AD89E79BB8E585B3E4BFA1E681AFE380820A31362E20E7BC93E5AD98E79B91E68EA7EFBC9AE5AFB9E7B3BBE7BB9FE79A84E7BC93E5AD98E69FA5E8AFA2EFBC8CE588A0E999A4E38081E6B885E7A9BAE7AD89E6938DE4BD9CE380820A31372E20E59CA8E7BABFE69E84E5BBBAE599A8EFBC9AE68B96E58AA8E8A1A8E58D95E58583E7B4A0E7949FE68890E79BB8E5BA94E79A8448544D4CE4BBA3E7A081E380820A31382E20E8BF9EE68EA5E6B1A0E79B91E8A786EFBC9AE79B91E8A786E5BD93E5898DE7B3BBE7BB9FE695B0E68DAEE5BA93E8BF9EE68EA5E6B1A0E78AB6E68081EFBC8CE58FAFE8BF9BE8A18CE58886E69E9053514CE689BEE587BAE7B3BBE7BB9FE680A7E883BDE793B6E9A288E380820A0A232320E59CA8E7BABFE4BD93E9AA8C0A0A2D2061646D696E2F61646D696E31323320200A2D20E99986E99986E7BBADE7BBADE694B6E588B0E4B880E4BA9BE68993E8B58FEFBC8CE4B8BAE4BA86E69BB4E5A5BDE79A84E4BD93E9AA8CE5B7B2E794A8E4BA8EE6BC94E7A4BAE69C8DE58AA1E599A8E58D87E7BAA7E38082E8B0A2E8B0A2E59084E4BD8DE5B08FE4BC99E4BCB4E380820A0AE6BC94E7A4BAE59CB0E59D80EFBC9A687474703A2F2F72756F79692E76697020200AE69687E6A1A3E59CB0E59D80EFBC9A687474703A2F2F646F632E72756F79692E766970, 0x3C68323E3C612069643D225F30223E3C2F613EE5B9B3E58FB0E7AE80E4BB8B3C2F68323E0A3C703EE4B880E79BB4E683B3E5819AE4B880E6ACBEE5908EE58FB0E7AEA1E79086E7B3BBE7BB9FEFBC8CE79C8BE4BA86E5BE88E5A49AE4BC98E7A780E79A84E5BC80E6BA90E9A1B9E79BAEE4BD86E698AFE58F91E78EB0E6B2A1E69C89E59088E98082E79A84E38082E4BA8EE698AFE588A9E794A8E7A9BAE997B2E4BC91E681AFE697B6E997B4E5BC80E5A78BE887AAE5B7B1E58699E4BA86E4B880E5A597E5908EE58FB0E7B3BBE7BB9FE38082E5A682E6ADA4E69C89E4BA86E88BA5E4BE9DE38082E5A5B9E58FAFE4BBA5E794A8E4BA8EE68980E69C89E79A84576562E5BA94E794A8E7A88BE5BA8FEFBC8CE5A682E7BD91E7AB99E7AEA1E79086E5908EE58FB0EFBC8CE7BD91E7AB99E4BC9AE59198E4B8ADE5BF83EFBC8C434D53EFBC8C43524DEFBC8C4F41E38082E68980E69C89E5898DE7ABAFE5908EE58FB0E4BBA3E7A081E5B081E8A385E8BF87E5908EE58D81E58886E7B2BEE7AE80E69893E4B88AE6898BEFBC8CE587BAE99499E6A682E78E87E4BD8EE38082E5908CE697B6E694AFE68C81E7A7BBE58AA8E5AEA2E688B7E7ABAFE8AEBFE997AEE38082E7B3BBE7BB9FE4BC9AE99986E7BBADE69BB4E696B0E4B880E4BA9BE5AE9EE794A8E58A9FE883BDE380823C2F703E0A3C703EE680A7E588ABE794B7EFBC8CE88BA5E4BE9DE698AFE7BB99E5A5B3E584BFE58F96E79A84E5908DE5AD97EFBC88E5AF93E6848FEFBC9AE4BDA0E88BA5E4B88DE7A6BBE4B88DE5BC83EFBC8CE68891E5BF85E7949FE6ADBBE79BB8E4BE9DEFBC893C2F703E0A3C703EE88BA5E4BE9DE698AFE4B880E5A597E585A8E983A8E5BC80E6BA90E79A84E5BFABE9809FE5BC80E58F91E5B9B3E58FB0EFBC8CE6AFABE697A0E4BF9DE79599E7BB99E4B8AAE4BABAE58F8AE4BC81E4B89AE5858DE8B4B9E4BDBFE794A8E380823C2F703E0A3C756C3E0A3C6C693EE5898DE5908EE7ABAFE58886E7A6BBE78988E69CACEFBC8CE8AFB7E7A7BBE6ADA53C6120687265663D2268747470733A2F2F67697465652E636F6D2F795F70726F6A6563742F52756F59692D56756522207461726765743D225F626C616E6B223E52756F59692D5675653C2F613EEFBC8CE5BEAEE69C8DE58AA1E78988E69CACEFBC8CE8AFB7E7A7BBE6ADA53C6120687265663D2268747470733A2F2F67697465652E636F6D2F795F70726F6A6563742F52756F59692D436C6F756422207461726765743D225F626C616E6B223E52756F59692D436C6F75643C2F613E3C2F6C693E0A3C6C693EE6849FE8B0A2203C6120687265663D2268747470733A2F2F67697465652E636F6D2F68706C75735F61646D696E2F68706C757322207461726765743D225F626C616E6B223E68706C75733C2F613E20E5908EE58FB0E4B8BBE9A29820554920E6A186E69EB6E380823C2F6C693E0A3C6C693EE998BFE9878CE4BA91E68A98E689A3E59CBAEFBC9A3C6120687265663D22687474703A2F2F616C792E72756F79692E76697022207461726765743D225F626C616E6B223EE782B9E68891E8BF9BE585A53C2F613EEFBC8CE885BEE8AEAFE4BA91E7A792E69D80E59CBAEFBC9A3C6120687265663D22687474703A2F2F7478792E72756F79692E76697022207461726765743D225F626C616E6B223EE782B9E68891E8BF9BE585A53C2F613EC2A0C2A03C2F6C693E0A3C6C693EE998BFE9878CE4BA91E4BC98E683A0E588B8EFBC9A3C6120687265663D2268747470733A2F2F7777772E616C6979756E2E636F6D2F6D696E69736974652F676F6F64733F75736572436F64653D62726B6938696F6626616D703B73686172655F736F757263653D636F70795F6C696E6B22207461726765743D225F626C616E6B223EE782B9E68891E9A286E58F963C2F613EEFBC8CE885BEE8AEAFE4BA91E4BC98E683A0E588B8EFBC9A3C6120687265663D2268747470733A2F2F636C6F75642E74656E63656E742E636F6D2F72656469726563742E7068703F72656469726563743D3130323526616D703B6370735F6B65793D313938633864663265643235393135373138373137336263376634663332666426616D703B66726F6D3D636F6E736F6C6522207461726765743D225F626C616E6B223EE782B9E68891E9A286E58F963C2F613EC2A0C2A03C2F6C693E0A3C2F756C3E0A3C68323E3C612069643D225F3133223E3C2F613EE58685E7BDAEE58A9FE883BD3C2F68323E0A3C6F6C3E0A3C6C693EE794A8E688B7E7AEA1E79086EFBC9AE794A8E688B7E698AFE7B3BBE7BB9FE6938DE4BD9CE88085EFBC8CE8AFA5E58A9FE883BDE4B8BBE8A681E5AE8CE68890E7B3BBE7BB9FE794A8E688B7E9858DE7BDAEE380823C2F6C693E0A3C6C693EE983A8E997A8E7AEA1E79086EFBC9AE9858DE7BDAEE7B3BBE7BB9FE7BB84E7BB87E69CBAE69E84EFBC88E585ACE58FB8E38081E983A8E997A8E38081E5B08FE7BB84EFBC89EFBC8CE6A091E7BB93E69E84E5B195E78EB0E694AFE68C81E695B0E68DAEE69D83E99990E380823C2F6C693E0A3C6C693EE5B297E4BD8DE7AEA1E79086EFBC9AE9858DE7BDAEE7B3BBE7BB9FE794A8E688B7E68980E5B19EE68B85E4BBBBE8818CE58AA1E380823C2F6C693E0A3C6C693EE88F9CE58D95E7AEA1E79086EFBC9AE9858DE7BDAEE7B3BBE7BB9FE88F9CE58D95EFBC8CE6938DE4BD9CE69D83E99990EFBC8CE68C89E992AEE69D83E99990E6A087E8AF86E7AD89E380823C2F6C693E0A3C6C693EE8A792E889B2E7AEA1E79086EFBC9AE8A792E889B2E88F9CE58D95E69D83E99990E58886E9858DE38081E8AEBEE7BDAEE8A792E889B2E68C89E69CBAE69E84E8BF9BE8A18CE695B0E68DAEE88C83E59BB4E69D83E99990E58892E58886E380823C2F6C693E0A3C6C693EE5AD97E585B8E7AEA1E79086EFBC9AE5AFB9E7B3BBE7BB9FE4B8ADE7BB8FE5B8B8E4BDBFE794A8E79A84E4B880E4BA9BE8BE83E4B8BAE59BBAE5AE9AE79A84E695B0E68DAEE8BF9BE8A18CE7BBB4E68AA4E380823C2F6C693E0A3C6C693EE58F82E695B0E7AEA1E79086EFBC9AE5AFB9E7B3BBE7BB9FE58AA8E68081E9858DE7BDAEE5B8B8E794A8E58F82E695B0E380823C2F6C693E0A3C6C693EE9809AE79FA5E585ACE5918AEFBC9AE7B3BBE7BB9FE9809AE79FA5E585ACE5918AE4BFA1E681AFE58F91E5B883E7BBB4E68AA4E380823C2F6C693E0A3C6C693EE6938DE4BD9CE697A5E5BF97EFBC9AE7B3BBE7BB9FE6ADA3E5B8B8E6938DE4BD9CE697A5E5BF97E8AEB0E5BD95E5928CE69FA5E8AFA2EFBC9BE7B3BBE7BB9FE5BC82E5B8B8E4BFA1E681AFE697A5E5BF97E8AEB0E5BD95E5928CE69FA5E8AFA2E380823C2F6C693E0A3C6C693EE799BBE5BD95E697A5E5BF97EFBC9AE7B3BBE7BB9FE799BBE5BD95E697A5E5BF97E8AEB0E5BD95E69FA5E8AFA2E58C85E590ABE799BBE5BD95E5BC82E5B8B8E380823C2F6C693E0A3C6C693EE59CA8E7BABFE794A8E688B7EFBC9AE5BD93E5898DE7B3BBE7BB9FE4B8ADE6B4BBE8B783E794A8E688B7E78AB6E68081E79B91E68EA7E380823C2F6C693E0A3C6C693EE5AE9AE697B6E4BBBBE58AA1EFBC9AE59CA8E7BABFEFBC88E6B7BBE58AA0E38081E4BFAEE694B9E38081E588A0E999A429E4BBBBE58AA1E8B083E5BAA6E58C85E590ABE689A7E8A18CE7BB93E69E9CE697A5E5BF97E380823C2F6C693E0A3C6C693EE4BBA3E7A081E7949FE68890EFBC9AE5898DE5908EE7ABAFE4BBA3E7A081E79A84E7949FE68890EFBC886A617661E3808168746D6CE38081786D6CE3808173716CEFBC89E694AFE68C8143525544E4B88BE8BDBD20E380823C2F6C693E0A3C6C693EE7B3BBE7BB9FE68EA5E58FA3EFBC9AE6A0B9E68DAEE4B89AE58AA1E4BBA3E7A081E887AAE58AA8E7949FE68890E79BB8E585B3E79A84617069E68EA5E58FA3E69687E6A1A3E380823C2F6C693E0A3C6C693EE69C8DE58AA1E79B91E68EA7EFBC9AE79B91E8A786E5BD93E5898DE7B3BBE7BB9F435055E38081E58685E5AD98E38081E7A381E79B98E38081E5A086E6A088E7AD89E79BB8E585B3E4BFA1E681AFE380823C2F6C693E0A3C6C693EE7BC93E5AD98E79B91E68EA7EFBC9AE5AFB9E7B3BBE7BB9FE79A84E7BC93E5AD98E69FA5E8AFA2EFBC8CE588A0E999A4E38081E6B885E7A9BAE7AD89E6938DE4BD9CE380823C2F6C693E0A3C6C693EE59CA8E7BABFE69E84E5BBBAE599A8EFBC9AE68B96E58AA8E8A1A8E58D95E58583E7B4A0E7949FE68890E79BB8E5BA94E79A8448544D4CE4BBA3E7A081E380823C2F6C693E0A3C6C693EE8BF9EE68EA5E6B1A0E79B91E8A786EFBC9AE79B91E8A786E5BD93E5898DE7B3BBE7BB9FE695B0E68DAEE5BA93E8BF9EE68EA5E6B1A0E78AB6E68081EFBC8CE58FAFE8BF9BE8A18CE58886E69E9053514CE689BEE587BAE7B3BBE7BB9FE680A7E883BDE793B6E9A288E380823C2F6C693E0A3C2F6F6C3E0A3C68323E3C612069643D225F3334223E3C2F613EE59CA8E7BABFE4BD93E9AA8C3C2F68323E0A3C756C3E0A3C6C693E61646D696E2F61646D696E3132333C2F6C693E0A3C6C693EE99986E99986E7BBADE7BBADE694B6E588B0E4B880E4BA9BE68993E8B58FEFBC8CE4B8BAE4BA86E69BB4E5A5BDE79A84E4BD93E9AA8CE5B7B2E794A8E4BA8EE6BC94E7A4BAE69C8DE58AA1E599A8E58D87E7BAA7E38082E8B0A2E8B0A2E59084E4BD8DE5B08FE4BC99E4BCB4E380823C2F6C693E0A3C2F756C3E0A3C703EE6BC94E7A4BAE59CB0E59D80EFBC9A687474703A2F2F72756F79692E7669703C6272202F3E0AE69687E6A1A3E59CB0E59D80EFBC9A687474703A2F2F646F632E72756F79692E7669703C2F703E0A, 'admin', '2022-08-29 18:36:55', NULL, NULL);

-- ----------------------------
-- Table structure for portal_article_column
-- ----------------------------
DROP TABLE IF EXISTS `portal_article_column`;
CREATE TABLE `portal_article_column`  (
  `article_id` bigint(20) NOT NULL COMMENT '文章ID',
  `column_id` bigint(20) NOT NULL COMMENT '专栏ID',
  PRIMARY KEY (`article_id`) USING BTREE
) ENGINE = InnoDB CHARACTER SET = utf8mb4 COLLATE = utf8mb4_general_ci COMMENT = '文章与专栏关联表' ROW_FORMAT = Dynamic;

-- ----------------------------
-- Records of portal_article_column
-- ----------------------------

-- ----------------------------
-- Table structure for portal_column
-- ----------------------------
DROP TABLE IF EXISTS `portal_column`;
CREATE TABLE `portal_column`  (
  `column_id` bigint(20) NOT NULL AUTO_INCREMENT COMMENT '分类专栏ID',
  `column_name` varchar(64) CHARACTER SET utf8mb4 COLLATE utf8mb4_general_ci NOT NULL COMMENT '分类专栏名称',
  `column_info` varchar(255) CHARACTER SET utf8mb4 COLLATE utf8mb4_general_ci NOT NULL COMMENT '分类专栏简介',
  `column_icon` bigint(20) NULL DEFAULT NULL COMMENT '分类专栏配图(实际存储sys_file表file_id)',
  `status` char(1) CHARACTER SET utf8mb4 COLLATE utf8mb4_general_ci NULL DEFAULT NULL COMMENT '前台是否显示（0：显示，1：隐藏）',
  `is_enable` char(1) CHARACTER SET utf8mb4 COLLATE utf8mb4_general_ci NULL DEFAULT NULL COMMENT '是否有效（0：有效，1：无效）',
  `create_by` varchar(64) CHARACTER SET utf8mb4 COLLATE utf8mb4_general_ci NULL DEFAULT NULL COMMENT '创建者',
  `create_time` datetime(0) NULL DEFAULT NULL COMMENT '创建时间',
  `update_by` varchar(64) CHARACTER SET utf8mb4 COLLATE utf8mb4_general_ci NULL DEFAULT NULL COMMENT '更新者',
  `update_time` datetime(0) NULL DEFAULT NULL COMMENT '更新时间',
  PRIMARY KEY (`column_id`) USING BTREE
) ENGINE = InnoDB AUTO_INCREMENT = 1 CHARACTER SET = utf8mb4 COLLATE = utf8mb4_general_ci COMMENT = '专栏管理表' ROW_FORMAT = Dynamic;

-- ----------------------------
-- Records of portal_column
-- ----------------------------

-- ----------------------------
-- Table structure for portal_slideshow
-- ----------------------------
DROP TABLE IF EXISTS `portal_slideshow`;
CREATE TABLE `portal_slideshow`  (
  `slideshow_id` bigint(20) NOT NULL AUTO_INCREMENT COMMENT '主键ID',
  `slideshow` bigint(20) NOT NULL COMMENT '轮播图(实际存储sys_file表file_id)',
  `title` varchar(64) CHARACTER SET utf8mb4 COLLATE utf8mb4_general_ci NOT NULL COMMENT '标题',
  `sub_title` varchar(255) CHARACTER SET utf8mb4 COLLATE utf8mb4_general_ci NOT NULL COMMENT '副标题',
  `link_url` varchar(255) CHARACTER SET utf8mb4 COLLATE utf8mb4_general_ci NOT NULL COMMENT '点击的url地址',
  `target` char(1) CHARACTER SET utf8mb4 COLLATE utf8mb4_general_ci NOT NULL DEFAULT '0' COMMENT '是否当前窗口打开，0表示是，1表示否',
  `clicks` bigint(20) NULL DEFAULT 0 COMMENT '点击量',
  `is_enable` char(1) CHARACTER SET utf8mb4 COLLATE utf8mb4_general_ci NOT NULL DEFAULT '0' COMMENT '是否有效（0：有效，1：无效）',
  `create_by` varchar(64) CHARACTER SET utf8mb4 COLLATE utf8mb4_general_ci NULL DEFAULT NULL COMMENT '创建者',
  `create_time` datetime(0) NULL DEFAULT NULL COMMENT '创建时间',
  `update_by` varchar(64) CHARACTER SET utf8mb4 COLLATE utf8mb4_general_ci NULL DEFAULT NULL COMMENT '更新者',
  `update_time` datetime(0) NULL DEFAULT NULL COMMENT '更新时间',
  PRIMARY KEY (`slideshow_id`) USING BTREE
) ENGINE = InnoDB AUTO_INCREMENT = 5 CHARACTER SET = utf8mb4 COLLATE = utf8mb4_general_ci COMMENT = '网站轮播图' ROW_FORMAT = Dynamic;

-- ----------------------------
-- Records of portal_slideshow
-- ----------------------------
INSERT INTO `portal_slideshow` VALUES (1, 55, 'Flink性能调优', 'Flink性能调优', 'http://dragonwen.cn/course/1', '0', 0, '0', 'admin', '2022-08-20 21:27:17', 'admin', '2022-09-03 15:30:51');
INSERT INTO `portal_slideshow` VALUES (2, 56, 'Kafka3.0', 'Kafka3.0', 'http://dragonwen.cn/course/2', '0', 0, '0', 'admin', '2022-08-20 21:38:34', 'admin', '2022-09-03 15:30:58');
INSERT INTO `portal_slideshow` VALUES (3, 57, 'Canal数据实时同步神器', 'Canal数据实时同步神器', 'http://dragonwen.cn/course/3', '0', 0, '0', 'admin', '2022-08-20 22:01:20', 'admin', '2022-09-03 15:31:05');
INSERT INTO `portal_slideshow` VALUES (4, 58, 'JavaWeb', 'JavaWeb', 'http://dragonwen.cn/course/4', '0', 0, '0', 'admin', '2022-08-20 22:02:11', 'admin', '2022-09-03 15:31:12');

-- ----------------------------
-- Table structure for qrtz_blob_triggers
-- ----------------------------
DROP TABLE IF EXISTS `qrtz_blob_triggers`;
CREATE TABLE `qrtz_blob_triggers`  (
  `sched_name` varchar(120) CHARACTER SET utf8mb4 COLLATE utf8mb4_general_ci NOT NULL COMMENT '调度名称',
  `trigger_name` varchar(200) CHARACTER SET utf8mb4 COLLATE utf8mb4_general_ci NOT NULL COMMENT 'qrtz_triggers表trigger_name的外键',
  `trigger_group` varchar(200) CHARACTER SET utf8mb4 COLLATE utf8mb4_general_ci NOT NULL COMMENT 'qrtz_triggers表trigger_group的外键',
  `blob_data` blob NULL COMMENT '存放持久化Trigger对象',
  PRIMARY KEY (`sched_name`, `trigger_name`, `trigger_group`) USING BTREE,
  CONSTRAINT `qrtz_blob_triggers_ibfk_1` FOREIGN KEY (`sched_name`, `trigger_name`, `trigger_group`) REFERENCES `qrtz_triggers` (`sched_name`, `trigger_name`, `trigger_group`) ON DELETE RESTRICT ON UPDATE RESTRICT
) ENGINE = InnoDB CHARACTER SET = utf8mb4 COLLATE = utf8mb4_general_ci COMMENT = 'Blob类型的触发器表' ROW_FORMAT = Dynamic;

-- ----------------------------
-- Records of qrtz_blob_triggers
-- ----------------------------

-- ----------------------------
-- Table structure for qrtz_calendars
-- ----------------------------
DROP TABLE IF EXISTS `qrtz_calendars`;
CREATE TABLE `qrtz_calendars`  (
  `sched_name` varchar(120) CHARACTER SET utf8mb4 COLLATE utf8mb4_general_ci NOT NULL COMMENT '调度名称',
  `calendar_name` varchar(200) CHARACTER SET utf8mb4 COLLATE utf8mb4_general_ci NOT NULL COMMENT '日历名称',
  `calendar` blob NOT NULL COMMENT '存放持久化calendar对象',
  PRIMARY KEY (`sched_name`, `calendar_name`) USING BTREE
) ENGINE = InnoDB CHARACTER SET = utf8mb4 COLLATE = utf8mb4_general_ci COMMENT = '日历信息表' ROW_FORMAT = Dynamic;

-- ----------------------------
-- Records of qrtz_calendars
-- ----------------------------

-- ----------------------------
-- Table structure for qrtz_cron_triggers
-- ----------------------------
DROP TABLE IF EXISTS `qrtz_cron_triggers`;
CREATE TABLE `qrtz_cron_triggers`  (
  `sched_name` varchar(120) CHARACTER SET utf8mb4 COLLATE utf8mb4_general_ci NOT NULL COMMENT '调度名称',
  `trigger_name` varchar(200) CHARACTER SET utf8mb4 COLLATE utf8mb4_general_ci NOT NULL COMMENT 'qrtz_triggers表trigger_name的外键',
  `trigger_group` varchar(200) CHARACTER SET utf8mb4 COLLATE utf8mb4_general_ci NOT NULL COMMENT 'qrtz_triggers表trigger_group的外键',
  `cron_expression` varchar(200) CHARACTER SET utf8mb4 COLLATE utf8mb4_general_ci NOT NULL COMMENT 'cron表达式',
  `time_zone_id` varchar(80) CHARACTER SET utf8mb4 COLLATE utf8mb4_general_ci NULL DEFAULT NULL COMMENT '时区',
  PRIMARY KEY (`sched_name`, `trigger_name`, `trigger_group`) USING BTREE,
  CONSTRAINT `qrtz_cron_triggers_ibfk_1` FOREIGN KEY (`sched_name`, `trigger_name`, `trigger_group`) REFERENCES `qrtz_triggers` (`sched_name`, `trigger_name`, `trigger_group`) ON DELETE RESTRICT ON UPDATE RESTRICT
) ENGINE = InnoDB CHARACTER SET = utf8mb4 COLLATE = utf8mb4_general_ci COMMENT = 'Cron类型的触发器表' ROW_FORMAT = Dynamic;

-- ----------------------------
-- Records of qrtz_cron_triggers
-- ----------------------------

-- ----------------------------
-- Table structure for qrtz_fired_triggers
-- ----------------------------
DROP TABLE IF EXISTS `qrtz_fired_triggers`;
CREATE TABLE `qrtz_fired_triggers`  (
  `sched_name` varchar(120) CHARACTER SET utf8mb4 COLLATE utf8mb4_general_ci NOT NULL COMMENT '调度名称',
  `entry_id` varchar(95) CHARACTER SET utf8mb4 COLLATE utf8mb4_general_ci NOT NULL COMMENT '调度器实例id',
  `trigger_name` varchar(200) CHARACTER SET utf8mb4 COLLATE utf8mb4_general_ci NOT NULL COMMENT 'qrtz_triggers表trigger_name的外键',
  `trigger_group` varchar(200) CHARACTER SET utf8mb4 COLLATE utf8mb4_general_ci NOT NULL COMMENT 'qrtz_triggers表trigger_group的外键',
  `instance_name` varchar(200) CHARACTER SET utf8mb4 COLLATE utf8mb4_general_ci NOT NULL COMMENT '调度器实例名',
  `fired_time` bigint(20) NOT NULL COMMENT '触发的时间',
  `sched_time` bigint(20) NOT NULL COMMENT '定时器制定的时间',
  `priority` int(11) NOT NULL COMMENT '优先级',
  `state` varchar(16) CHARACTER SET utf8mb4 COLLATE utf8mb4_general_ci NOT NULL COMMENT '状态',
  `job_name` varchar(200) CHARACTER SET utf8mb4 COLLATE utf8mb4_general_ci NULL DEFAULT NULL COMMENT '任务名称',
  `job_group` varchar(200) CHARACTER SET utf8mb4 COLLATE utf8mb4_general_ci NULL DEFAULT NULL COMMENT '任务组名',
  `is_nonconcurrent` varchar(1) CHARACTER SET utf8mb4 COLLATE utf8mb4_general_ci NULL DEFAULT NULL COMMENT '是否并发',
  `requests_recovery` varchar(1) CHARACTER SET utf8mb4 COLLATE utf8mb4_general_ci NULL DEFAULT NULL COMMENT '是否接受恢复执行',
  PRIMARY KEY (`sched_name`, `entry_id`) USING BTREE
) ENGINE = InnoDB CHARACTER SET = utf8mb4 COLLATE = utf8mb4_general_ci COMMENT = '已触发的触发器表' ROW_FORMAT = Dynamic;

-- ----------------------------
-- Records of qrtz_fired_triggers
-- ----------------------------

-- ----------------------------
-- Table structure for qrtz_job_details
-- ----------------------------
DROP TABLE IF EXISTS `qrtz_job_details`;
CREATE TABLE `qrtz_job_details`  (
  `sched_name` varchar(120) CHARACTER SET utf8mb4 COLLATE utf8mb4_general_ci NOT NULL COMMENT '调度名称',
  `job_name` varchar(200) CHARACTER SET utf8mb4 COLLATE utf8mb4_general_ci NOT NULL COMMENT '任务名称',
  `job_group` varchar(200) CHARACTER SET utf8mb4 COLLATE utf8mb4_general_ci NOT NULL COMMENT '任务组名',
  `description` varchar(250) CHARACTER SET utf8mb4 COLLATE utf8mb4_general_ci NULL DEFAULT NULL COMMENT '相关介绍',
  `job_class_name` varchar(250) CHARACTER SET utf8mb4 COLLATE utf8mb4_general_ci NOT NULL COMMENT '执行任务类名称',
  `is_durable` varchar(1) CHARACTER SET utf8mb4 COLLATE utf8mb4_general_ci NOT NULL COMMENT '是否持久化',
  `is_nonconcurrent` varchar(1) CHARACTER SET utf8mb4 COLLATE utf8mb4_general_ci NOT NULL COMMENT '是否并发',
  `is_update_data` varchar(1) CHARACTER SET utf8mb4 COLLATE utf8mb4_general_ci NOT NULL COMMENT '是否更新数据',
  `requests_recovery` varchar(1) CHARACTER SET utf8mb4 COLLATE utf8mb4_general_ci NOT NULL COMMENT '是否接受恢复执行',
  `job_data` blob NULL COMMENT '存放持久化job对象',
  PRIMARY KEY (`sched_name`, `job_name`, `job_group`) USING BTREE
) ENGINE = InnoDB CHARACTER SET = utf8mb4 COLLATE = utf8mb4_general_ci COMMENT = '任务详细信息表' ROW_FORMAT = Dynamic;

-- ----------------------------
-- Records of qrtz_job_details
-- ----------------------------

-- ----------------------------
-- Table structure for qrtz_locks
-- ----------------------------
DROP TABLE IF EXISTS `qrtz_locks`;
CREATE TABLE `qrtz_locks`  (
  `sched_name` varchar(120) CHARACTER SET utf8mb4 COLLATE utf8mb4_general_ci NOT NULL COMMENT '调度名称',
  `lock_name` varchar(40) CHARACTER SET utf8mb4 COLLATE utf8mb4_general_ci NOT NULL COMMENT '悲观锁名称',
  PRIMARY KEY (`sched_name`, `lock_name`) USING BTREE
) ENGINE = InnoDB CHARACTER SET = utf8mb4 COLLATE = utf8mb4_general_ci COMMENT = '存储的悲观锁信息表' ROW_FORMAT = Dynamic;

-- ----------------------------
-- Records of qrtz_locks
-- ----------------------------

-- ----------------------------
-- Table structure for qrtz_paused_trigger_grps
-- ----------------------------
DROP TABLE IF EXISTS `qrtz_paused_trigger_grps`;
CREATE TABLE `qrtz_paused_trigger_grps`  (
  `sched_name` varchar(120) CHARACTER SET utf8mb4 COLLATE utf8mb4_general_ci NOT NULL COMMENT '调度名称',
  `trigger_group` varchar(200) CHARACTER SET utf8mb4 COLLATE utf8mb4_general_ci NOT NULL COMMENT 'qrtz_triggers表trigger_group的外键',
  PRIMARY KEY (`sched_name`, `trigger_group`) USING BTREE
) ENGINE = InnoDB CHARACTER SET = utf8mb4 COLLATE = utf8mb4_general_ci COMMENT = '暂停的触发器表' ROW_FORMAT = Dynamic;

-- ----------------------------
-- Records of qrtz_paused_trigger_grps
-- ----------------------------

-- ----------------------------
-- Table structure for qrtz_scheduler_state
-- ----------------------------
DROP TABLE IF EXISTS `qrtz_scheduler_state`;
CREATE TABLE `qrtz_scheduler_state`  (
  `sched_name` varchar(120) CHARACTER SET utf8mb4 COLLATE utf8mb4_general_ci NOT NULL COMMENT '调度名称',
  `instance_name` varchar(200) CHARACTER SET utf8mb4 COLLATE utf8mb4_general_ci NOT NULL COMMENT '实例名称',
  `last_checkin_time` bigint(20) NOT NULL COMMENT '上次检查时间',
  `checkin_interval` bigint(20) NOT NULL COMMENT '检查间隔时间',
  PRIMARY KEY (`sched_name`, `instance_name`) USING BTREE
) ENGINE = InnoDB CHARACTER SET = utf8mb4 COLLATE = utf8mb4_general_ci COMMENT = '调度器状态表' ROW_FORMAT = Dynamic;

-- ----------------------------
-- Records of qrtz_scheduler_state
-- ----------------------------

-- ----------------------------
-- Table structure for qrtz_simple_triggers
-- ----------------------------
DROP TABLE IF EXISTS `qrtz_simple_triggers`;
CREATE TABLE `qrtz_simple_triggers`  (
  `sched_name` varchar(120) CHARACTER SET utf8mb4 COLLATE utf8mb4_general_ci NOT NULL COMMENT '调度名称',
  `trigger_name` varchar(200) CHARACTER SET utf8mb4 COLLATE utf8mb4_general_ci NOT NULL COMMENT 'qrtz_triggers表trigger_name的外键',
  `trigger_group` varchar(200) CHARACTER SET utf8mb4 COLLATE utf8mb4_general_ci NOT NULL COMMENT 'qrtz_triggers表trigger_group的外键',
  `repeat_count` bigint(20) NOT NULL COMMENT '重复的次数统计',
  `repeat_interval` bigint(20) NOT NULL COMMENT '重复的间隔时间',
  `times_triggered` bigint(20) NOT NULL COMMENT '已经触发的次数',
  PRIMARY KEY (`sched_name`, `trigger_name`, `trigger_group`) USING BTREE,
  CONSTRAINT `qrtz_simple_triggers_ibfk_1` FOREIGN KEY (`sched_name`, `trigger_name`, `trigger_group`) REFERENCES `qrtz_triggers` (`sched_name`, `trigger_name`, `trigger_group`) ON DELETE RESTRICT ON UPDATE RESTRICT
) ENGINE = InnoDB CHARACTER SET = utf8mb4 COLLATE = utf8mb4_general_ci COMMENT = '简单触发器的信息表' ROW_FORMAT = Dynamic;

-- ----------------------------
-- Records of qrtz_simple_triggers
-- ----------------------------

-- ----------------------------
-- Table structure for qrtz_simprop_triggers
-- ----------------------------
DROP TABLE IF EXISTS `qrtz_simprop_triggers`;
CREATE TABLE `qrtz_simprop_triggers`  (
  `sched_name` varchar(120) CHARACTER SET utf8mb4 COLLATE utf8mb4_general_ci NOT NULL COMMENT '调度名称',
  `trigger_name` varchar(200) CHARACTER SET utf8mb4 COLLATE utf8mb4_general_ci NOT NULL COMMENT 'qrtz_triggers表trigger_name的外键',
  `trigger_group` varchar(200) CHARACTER SET utf8mb4 COLLATE utf8mb4_general_ci NOT NULL COMMENT 'qrtz_triggers表trigger_group的外键',
  `str_prop_1` varchar(512) CHARACTER SET utf8mb4 COLLATE utf8mb4_general_ci NULL DEFAULT NULL COMMENT 'String类型的trigger的第一个参数',
  `str_prop_2` varchar(512) CHARACTER SET utf8mb4 COLLATE utf8mb4_general_ci NULL DEFAULT NULL COMMENT 'String类型的trigger的第二个参数',
  `str_prop_3` varchar(512) CHARACTER SET utf8mb4 COLLATE utf8mb4_general_ci NULL DEFAULT NULL COMMENT 'String类型的trigger的第三个参数',
  `int_prop_1` int(11) NULL DEFAULT NULL COMMENT 'int类型的trigger的第一个参数',
  `int_prop_2` int(11) NULL DEFAULT NULL COMMENT 'int类型的trigger的第二个参数',
  `long_prop_1` bigint(20) NULL DEFAULT NULL COMMENT 'long类型的trigger的第一个参数',
  `long_prop_2` bigint(20) NULL DEFAULT NULL COMMENT 'long类型的trigger的第二个参数',
  `dec_prop_1` decimal(13, 4) NULL DEFAULT NULL COMMENT 'decimal类型的trigger的第一个参数',
  `dec_prop_2` decimal(13, 4) NULL DEFAULT NULL COMMENT 'decimal类型的trigger的第二个参数',
  `bool_prop_1` varchar(1) CHARACTER SET utf8mb4 COLLATE utf8mb4_general_ci NULL DEFAULT NULL COMMENT 'Boolean类型的trigger的第一个参数',
  `bool_prop_2` varchar(1) CHARACTER SET utf8mb4 COLLATE utf8mb4_general_ci NULL DEFAULT NULL COMMENT 'Boolean类型的trigger的第二个参数',
  PRIMARY KEY (`sched_name`, `trigger_name`, `trigger_group`) USING BTREE,
  CONSTRAINT `qrtz_simprop_triggers_ibfk_1` FOREIGN KEY (`sched_name`, `trigger_name`, `trigger_group`) REFERENCES `qrtz_triggers` (`sched_name`, `trigger_name`, `trigger_group`) ON DELETE RESTRICT ON UPDATE RESTRICT
) ENGINE = InnoDB CHARACTER SET = utf8mb4 COLLATE = utf8mb4_general_ci COMMENT = '同步机制的行锁表' ROW_FORMAT = Dynamic;

-- ----------------------------
-- Records of qrtz_simprop_triggers
-- ----------------------------

-- ----------------------------
-- Table structure for qrtz_triggers
-- ----------------------------
DROP TABLE IF EXISTS `qrtz_triggers`;
CREATE TABLE `qrtz_triggers`  (
  `sched_name` varchar(120) CHARACTER SET utf8mb4 COLLATE utf8mb4_general_ci NOT NULL COMMENT '调度名称',
  `trigger_name` varchar(200) CHARACTER SET utf8mb4 COLLATE utf8mb4_general_ci NOT NULL COMMENT '触发器的名字',
  `trigger_group` varchar(200) CHARACTER SET utf8mb4 COLLATE utf8mb4_general_ci NOT NULL COMMENT '触发器所属组的名字',
  `job_name` varchar(200) CHARACTER SET utf8mb4 COLLATE utf8mb4_general_ci NOT NULL COMMENT 'qrtz_job_details表job_name的外键',
  `job_group` varchar(200) CHARACTER SET utf8mb4 COLLATE utf8mb4_general_ci NOT NULL COMMENT 'qrtz_job_details表job_group的外键',
  `description` varchar(250) CHARACTER SET utf8mb4 COLLATE utf8mb4_general_ci NULL DEFAULT NULL COMMENT '相关介绍',
  `next_fire_time` bigint(20) NULL DEFAULT NULL COMMENT '上一次触发时间（毫秒）',
  `prev_fire_time` bigint(20) NULL DEFAULT NULL COMMENT '下一次触发时间（默认为-1表示不触发）',
  `priority` int(11) NULL DEFAULT NULL COMMENT '优先级',
  `trigger_state` varchar(16) CHARACTER SET utf8mb4 COLLATE utf8mb4_general_ci NOT NULL COMMENT '触发器状态',
  `trigger_type` varchar(8) CHARACTER SET utf8mb4 COLLATE utf8mb4_general_ci NOT NULL COMMENT '触发器的类型',
  `start_time` bigint(20) NOT NULL COMMENT '开始时间',
  `end_time` bigint(20) NULL DEFAULT NULL COMMENT '结束时间',
  `calendar_name` varchar(200) CHARACTER SET utf8mb4 COLLATE utf8mb4_general_ci NULL DEFAULT NULL COMMENT '日程表名称',
  `misfire_instr` smallint(6) NULL DEFAULT NULL COMMENT '补偿执行的策略',
  `job_data` blob NULL COMMENT '存放持久化job对象',
  PRIMARY KEY (`sched_name`, `trigger_name`, `trigger_group`) USING BTREE,
  INDEX `sched_name`(`sched_name`, `job_name`, `job_group`) USING BTREE,
  CONSTRAINT `qrtz_triggers_ibfk_1` FOREIGN KEY (`sched_name`, `job_name`, `job_group`) REFERENCES `qrtz_job_details` (`sched_name`, `job_name`, `job_group`) ON DELETE RESTRICT ON UPDATE RESTRICT
) ENGINE = InnoDB CHARACTER SET = utf8mb4 COLLATE = utf8mb4_general_ci COMMENT = '触发器详细信息表' ROW_FORMAT = Dynamic;

-- ----------------------------
-- Records of qrtz_triggers
-- ----------------------------

-- ----------------------------
-- Table structure for sys_config
-- ----------------------------
DROP TABLE IF EXISTS `sys_config`;
CREATE TABLE `sys_config`  (
  `config_id` int(11) NOT NULL AUTO_INCREMENT COMMENT '参数主键',
  `config_name` varchar(100) CHARACTER SET utf8mb4 COLLATE utf8mb4_general_ci NULL DEFAULT '' COMMENT '参数名称',
  `config_key` varchar(100) CHARACTER SET utf8mb4 COLLATE utf8mb4_general_ci NULL DEFAULT '' COMMENT '参数键名',
  `config_value` varchar(500) CHARACTER SET utf8mb4 COLLATE utf8mb4_general_ci NULL DEFAULT '' COMMENT '参数键值',
  `config_type` char(1) CHARACTER SET utf8mb4 COLLATE utf8mb4_general_ci NULL DEFAULT 'N' COMMENT '系统内置（Y是 N否）',
  `create_by` varchar(64) CHARACTER SET utf8mb4 COLLATE utf8mb4_general_ci NULL DEFAULT '' COMMENT '创建者',
  `create_time` datetime(0) NULL DEFAULT NULL COMMENT '创建时间',
  `update_by` varchar(64) CHARACTER SET utf8mb4 COLLATE utf8mb4_general_ci NULL DEFAULT '' COMMENT '更新者',
  `update_time` datetime(0) NULL DEFAULT NULL COMMENT '更新时间',
  `remark` varchar(500) CHARACTER SET utf8mb4 COLLATE utf8mb4_general_ci NULL DEFAULT NULL COMMENT '备注',
  PRIMARY KEY (`config_id`) USING BTREE
) ENGINE = InnoDB AUTO_INCREMENT = 104 CHARACTER SET = utf8mb4 COLLATE = utf8mb4_general_ci COMMENT = '参数配置表' ROW_FORMAT = Dynamic;

-- ----------------------------
-- Records of sys_config
-- ----------------------------
INSERT INTO `sys_config` VALUES (1, '主框架页-默认皮肤样式名称', 'sys.index.skinName', 'skin-blue', 'Y', 'admin', '2022-04-10 19:22:50', '', NULL, '蓝色 skin-blue、绿色 skin-green、紫色 skin-purple、红色 skin-red、黄色 skin-yellow');
INSERT INTO `sys_config` VALUES (2, '用户管理-账号初始密码', 'sys.user.initPassword', '123456', 'Y', 'admin', '2022-04-10 19:22:50', '', NULL, '初始化密码 123456');
INSERT INTO `sys_config` VALUES (3, '主框架页-侧边栏主题', 'sys.index.sideTheme', 'theme-dark', 'Y', 'admin', '2022-04-10 19:22:50', '', NULL, '深色主题theme-dark，浅色主题theme-light');
INSERT INTO `sys_config` VALUES (4, '账号自助-验证码开关', 'sys.account.captchaEnabled', 'true', 'Y', 'admin', '2022-04-10 19:22:50', 'admin', '2022-07-12 15:15:25', '是否开启验证码功能（true开启，false关闭）');
INSERT INTO `sys_config` VALUES (5, '账号自助-是否开启用户注册功能', 'sys.account.registerUser', 'false', 'Y', 'admin', '2022-04-10 19:22:50', 'admin', '2022-07-15 14:40:47', '是否开启注册用户功能（true开启，false关闭）');
INSERT INTO `sys_config` VALUES (100, '网站底部-域名备案信息', 'sys.domainName.ICP', '{\"ICP\":\"粤ICP备20001307号\",\"domainName\":\"www.dragonwen.cn\",\"year\":\"2018-2022\",\"MIIT\":\"https://beian.miit.gov.cn/\"}', 'Y', 'admin', '2022-07-14 14:37:56', '', NULL, '网站底部域名备案信息');
INSERT INTO `sys_config` VALUES (101, '账号自助-拼图验证码图片', 'sys.account.sliderCaptcha', '[{\"imgUrl\":\"https://blog-dragon.oss-cn-shenzhen.aliyuncs.com/slider-captcha/slider_captcha_1.png\"},{\"imgUrl\":\"https://blog-dragon.oss-cn-shenzhen.aliyuncs.com/slider-captcha/slider_captcha_2.png\"},{\"imgUrl\":\"https://blog-dragon.oss-cn-shenzhen.aliyuncs.com/slider-captcha/slider_captcha_3.png\"},{\"imgUrl\":\"https://blog-dragon.oss-cn-shenzhen.aliyuncs.com/slider-captcha/slider_captcha_4.png\"}]', 'Y', 'admin', '2022-08-14 14:04:48', '', NULL, '拼图验证码图片库，图片尺寸必须为 350*218');
INSERT INTO `sys_config` VALUES (102, '阿里云-短信服务', 'sys.aliyun.sms', '{\"signature\":\"DragonWen\",\"templateCode\":\"SMS_248095388\"}', 'Y', 'admin', '2022-08-15 15:01:27', '', NULL, '阿里云短信验证码发送模板参数');
INSERT INTO `sys_config` VALUES (103, '验证码邮件发送模板', 'sys.emailTemplate.verificationCode', '【DragonWen】您的验证码#{[code]}，该验证码#{[expires]}分钟内有效，请勿泄露于他人！', 'Y', 'admin', '2022-08-19 14:45:42', '', NULL, '验证码邮件发送模板');

-- ----------------------------
-- Table structure for sys_dict_data
-- ----------------------------
DROP TABLE IF EXISTS `sys_dict_data`;
CREATE TABLE `sys_dict_data`  (
  `dict_code` bigint(20) NOT NULL AUTO_INCREMENT COMMENT '字典编码',
  `dict_sort` int(11) NULL DEFAULT 0 COMMENT '字典排序',
  `dict_label` varchar(100) CHARACTER SET utf8mb4 COLLATE utf8mb4_general_ci NULL DEFAULT '' COMMENT '字典标签',
  `dict_value` varchar(100) CHARACTER SET utf8mb4 COLLATE utf8mb4_general_ci NULL DEFAULT '' COMMENT '字典键值',
  `dict_type` varchar(100) CHARACTER SET utf8mb4 COLLATE utf8mb4_general_ci NULL DEFAULT '' COMMENT '字典类型',
  `css_class` varchar(100) CHARACTER SET utf8mb4 COLLATE utf8mb4_general_ci NULL DEFAULT NULL COMMENT '样式属性（其他样式扩展）',
  `list_class` varchar(100) CHARACTER SET utf8mb4 COLLATE utf8mb4_general_ci NULL DEFAULT NULL COMMENT '表格回显样式',
  `is_default` char(1) CHARACTER SET utf8mb4 COLLATE utf8mb4_general_ci NULL DEFAULT 'N' COMMENT '是否默认（Y是 N否）',
  `status` char(1) CHARACTER SET utf8mb4 COLLATE utf8mb4_general_ci NULL DEFAULT '0' COMMENT '状态（0正常 1停用）',
  `create_by` varchar(64) CHARACTER SET utf8mb4 COLLATE utf8mb4_general_ci NULL DEFAULT '' COMMENT '创建者',
  `create_time` datetime(0) NULL DEFAULT NULL COMMENT '创建时间',
  `update_by` varchar(64) CHARACTER SET utf8mb4 COLLATE utf8mb4_general_ci NULL DEFAULT '' COMMENT '更新者',
  `update_time` datetime(0) NULL DEFAULT NULL COMMENT '更新时间',
  `remark` varchar(500) CHARACTER SET utf8mb4 COLLATE utf8mb4_general_ci NULL DEFAULT NULL COMMENT '备注',
  PRIMARY KEY (`dict_code`) USING BTREE
) ENGINE = InnoDB AUTO_INCREMENT = 115 CHARACTER SET = utf8mb4 COLLATE = utf8mb4_general_ci COMMENT = '字典数据表' ROW_FORMAT = Dynamic;

-- ----------------------------
-- Records of sys_dict_data
-- ----------------------------
INSERT INTO `sys_dict_data` VALUES (1, 1, '男', '0', 'sys_user_sex', '', '', 'Y', '0', 'admin', '2022-04-10 19:22:50', '', NULL, '性别男');
INSERT INTO `sys_dict_data` VALUES (2, 2, '女', '1', 'sys_user_sex', '', '', 'N', '0', 'admin', '2022-04-10 19:22:50', '', NULL, '性别女');
INSERT INTO `sys_dict_data` VALUES (3, 3, '未知', '2', 'sys_user_sex', '', '', 'N', '0', 'admin', '2022-04-10 19:22:50', '', NULL, '性别未知');
INSERT INTO `sys_dict_data` VALUES (4, 1, '显示', '0', 'sys_show_hide', '', 'primary', 'Y', '0', 'admin', '2022-04-10 19:22:50', '', NULL, '显示菜单');
INSERT INTO `sys_dict_data` VALUES (5, 2, '隐藏', '1', 'sys_show_hide', '', 'danger', 'N', '0', 'admin', '2022-04-10 19:22:50', '', NULL, '隐藏菜单');
INSERT INTO `sys_dict_data` VALUES (6, 1, '正常', '0', 'sys_normal_disable', '', 'primary', 'Y', '0', 'admin', '2022-04-10 19:22:50', '', NULL, '正常状态');
INSERT INTO `sys_dict_data` VALUES (7, 2, '停用', '1', 'sys_normal_disable', '', 'danger', 'N', '0', 'admin', '2022-04-10 19:22:50', '', NULL, '停用状态');
INSERT INTO `sys_dict_data` VALUES (8, 1, '正常', '0', 'sys_job_status', '', 'primary', 'Y', '0', 'admin', '2022-04-10 19:22:50', '', NULL, '正常状态');
INSERT INTO `sys_dict_data` VALUES (9, 2, '暂停', '1', 'sys_job_status', '', 'danger', 'N', '0', 'admin', '2022-04-10 19:22:50', '', NULL, '停用状态');
INSERT INTO `sys_dict_data` VALUES (10, 1, '默认', 'DEFAULT', 'sys_job_group', '', '', 'Y', '0', 'admin', '2022-04-10 19:22:50', '', NULL, '默认分组');
INSERT INTO `sys_dict_data` VALUES (11, 2, '系统', 'SYSTEM', 'sys_job_group', '', '', 'N', '0', 'admin', '2022-04-10 19:22:50', '', NULL, '系统分组');
INSERT INTO `sys_dict_data` VALUES (12, 1, '是', 'Y', 'sys_yes_no', '', 'primary', 'Y', '0', 'admin', '2022-04-10 19:22:50', '', NULL, '系统默认是');
INSERT INTO `sys_dict_data` VALUES (13, 2, '否', 'N', 'sys_yes_no', '', 'danger', 'N', '0', 'admin', '2022-04-10 19:22:50', '', NULL, '系统默认否');
INSERT INTO `sys_dict_data` VALUES (14, 1, '通知', '1', 'sys_notice_type', '', 'warning', 'Y', '0', 'admin', '2022-04-10 19:22:50', '', NULL, '通知');
INSERT INTO `sys_dict_data` VALUES (15, 2, '公告', '2', 'sys_notice_type', '', 'success', 'N', '0', 'admin', '2022-04-10 19:22:50', '', NULL, '公告');
INSERT INTO `sys_dict_data` VALUES (16, 1, '正常', '0', 'sys_notice_status', '', 'primary', 'Y', '0', 'admin', '2022-04-10 19:22:50', '', NULL, '正常状态');
INSERT INTO `sys_dict_data` VALUES (17, 2, '关闭', '1', 'sys_notice_status', '', 'danger', 'N', '0', 'admin', '2022-04-10 19:22:50', '', NULL, '关闭状态');
INSERT INTO `sys_dict_data` VALUES (18, 1, '新增', '1', 'sys_oper_type', '', 'info', 'N', '0', 'admin', '2022-04-10 19:22:50', '', NULL, '新增操作');
INSERT INTO `sys_dict_data` VALUES (19, 2, '修改', '2', 'sys_oper_type', '', 'info', 'N', '0', 'admin', '2022-04-10 19:22:50', '', NULL, '修改操作');
INSERT INTO `sys_dict_data` VALUES (20, 3, '删除', '3', 'sys_oper_type', '', 'danger', 'N', '0', 'admin', '2022-04-10 19:22:50', '', NULL, '删除操作');
INSERT INTO `sys_dict_data` VALUES (21, 4, '授权', '4', 'sys_oper_type', '', 'primary', 'N', '0', 'admin', '2022-04-10 19:22:50', '', NULL, '授权操作');
INSERT INTO `sys_dict_data` VALUES (22, 5, '导出', '5', 'sys_oper_type', '', 'warning', 'N', '0', 'admin', '2022-04-10 19:22:50', '', NULL, '导出操作');
INSERT INTO `sys_dict_data` VALUES (23, 6, '导入', '6', 'sys_oper_type', '', 'warning', 'N', '0', 'admin', '2022-04-10 19:22:50', '', NULL, '导入操作');
INSERT INTO `sys_dict_data` VALUES (24, 7, '强退', '7', 'sys_oper_type', '', 'danger', 'N', '0', 'admin', '2022-04-10 19:22:50', '', NULL, '强退操作');
INSERT INTO `sys_dict_data` VALUES (25, 8, '生成代码', '8', 'sys_oper_type', '', 'warning', 'N', '0', 'admin', '2022-04-10 19:22:50', '', NULL, '生成操作');
INSERT INTO `sys_dict_data` VALUES (26, 9, '清空数据', '9', 'sys_oper_type', '', 'danger', 'N', '0', 'admin', '2022-04-10 19:22:50', '', NULL, '清空操作');
INSERT INTO `sys_dict_data` VALUES (27, 1, '成功', '0', 'sys_common_status', '', 'primary', 'N', '0', 'admin', '2022-04-10 19:22:50', '', NULL, '正常状态');
INSERT INTO `sys_dict_data` VALUES (28, 2, '失败', '1', 'sys_common_status', '', 'danger', 'N', '0', 'admin', '2022-04-10 19:22:50', '', NULL, '停用状态');
INSERT INTO `sys_dict_data` VALUES (100, 1, '原创', '1', 'portal_article_type', NULL, 'default', 'N', '0', 'admin', '2022-05-08 21:50:37', '', NULL, '文章类型公开');
INSERT INTO `sys_dict_data` VALUES (101, 2, '转载', '2', 'portal_article_type', NULL, 'default', 'N', '0', 'admin', '2022-05-08 21:50:56', '', NULL, '文章类型转载');
INSERT INTO `sys_dict_data` VALUES (102, 3, '翻译', '3', 'portal_article_type', NULL, 'default', 'N', '0', 'admin', '2022-05-08 21:51:17', '', NULL, '文章类型翻译');
INSERT INTO `sys_dict_data` VALUES (103, 1, '公开', '1', 'portal_article_publish_type', NULL, 'default', 'N', '0', 'admin', '2022-05-08 21:54:23', '', NULL, '文章发布形式公开');
INSERT INTO `sys_dict_data` VALUES (104, 2, '私密', '2', 'portal_article_publish_type', NULL, 'default', 'N', '0', 'admin', '2022-05-08 21:54:51', '', NULL, '文章发布形式私密');
INSERT INTO `sys_dict_data` VALUES (105, 3, 'VIP可见', '3', 'portal_article_publish_type', NULL, 'default', 'N', '0', 'admin', '2022-05-08 21:55:34', '', NULL, '文章发布形式VIP可见');
INSERT INTO `sys_dict_data` VALUES (106, 1, '初级', '1', 'portal_article_content_level', NULL, 'default', 'N', '0', 'admin', '2022-05-08 21:57:48', '', NULL, '文章内容等级初级');
INSERT INTO `sys_dict_data` VALUES (107, 2, '中级', '2', 'portal_article_content_level', NULL, 'default', 'N', '0', 'admin', '2022-05-08 21:58:03', '', NULL, '文章内容等级中级');
INSERT INTO `sys_dict_data` VALUES (108, 3, '高级', '3', 'portal_article_content_level', NULL, 'default', 'N', '0', 'admin', '2022-05-08 21:58:20', '', NULL, '文章内容等级高级');
INSERT INTO `sys_dict_data` VALUES (109, 0, '已发布', '0', 'portal_article_status', NULL, 'default', 'N', '0', 'admin', '2022-05-08 22:00:52', '', NULL, '文章状态已发布');
INSERT INTO `sys_dict_data` VALUES (110, 1, '已删除', '1', 'portal_article_status', NULL, 'default', 'N', '0', 'admin', '2022-05-08 22:01:40', 'admin', '2022-05-08 22:02:19', '文章状态已删除');
INSERT INTO `sys_dict_data` VALUES (111, 2, '草稿', '2', 'portal_article_status', NULL, 'default', 'N', '0', 'admin', '2022-05-08 22:03:14', 'admin', '2022-05-08 22:03:24', '文章状态草稿');
INSERT INTO `sys_dict_data` VALUES (112, 10, '其他', '0', 'sys_oper_type', NULL, 'info', 'N', '0', 'admin', '2022-08-16 14:50:17', '', NULL, '其他操作');
INSERT INTO `sys_dict_data` VALUES (113, 1, '当前页面', '0', 'slideshow_open_type', NULL, 'default', 'N', '0', 'admin', '2022-09-03 07:36:31', '', NULL, '当前页面打开');
INSERT INTO `sys_dict_data` VALUES (114, 2, '新建页面', '1', 'slideshow_open_type', NULL, 'default', 'N', '0', 'admin', '2022-09-03 07:36:56', '', NULL, '新建页面打开');

-- ----------------------------
-- Table structure for sys_dict_type
-- ----------------------------
DROP TABLE IF EXISTS `sys_dict_type`;
CREATE TABLE `sys_dict_type`  (
  `dict_id` bigint(20) NOT NULL AUTO_INCREMENT COMMENT '字典主键',
  `dict_name` varchar(100) CHARACTER SET utf8mb4 COLLATE utf8mb4_general_ci NULL DEFAULT '' COMMENT '字典名称',
  `dict_type` varchar(100) CHARACTER SET utf8mb4 COLLATE utf8mb4_general_ci NULL DEFAULT '' COMMENT '字典类型',
  `status` char(1) CHARACTER SET utf8mb4 COLLATE utf8mb4_general_ci NULL DEFAULT '0' COMMENT '状态（0正常 1停用）',
  `create_by` varchar(64) CHARACTER SET utf8mb4 COLLATE utf8mb4_general_ci NULL DEFAULT '' COMMENT '创建者',
  `create_time` datetime(0) NULL DEFAULT NULL COMMENT '创建时间',
  `update_by` varchar(64) CHARACTER SET utf8mb4 COLLATE utf8mb4_general_ci NULL DEFAULT '' COMMENT '更新者',
  `update_time` datetime(0) NULL DEFAULT NULL COMMENT '更新时间',
  `remark` varchar(500) CHARACTER SET utf8mb4 COLLATE utf8mb4_general_ci NULL DEFAULT NULL COMMENT '备注',
  PRIMARY KEY (`dict_id`) USING BTREE,
  UNIQUE INDEX `dict_type`(`dict_type`) USING BTREE
) ENGINE = InnoDB AUTO_INCREMENT = 105 CHARACTER SET = utf8mb4 COLLATE = utf8mb4_general_ci COMMENT = '字典类型表' ROW_FORMAT = Dynamic;

-- ----------------------------
-- Records of sys_dict_type
-- ----------------------------
INSERT INTO `sys_dict_type` VALUES (1, '用户性别', 'sys_user_sex', '0', 'admin', '2022-04-10 19:22:50', '', NULL, '用户性别列表');
INSERT INTO `sys_dict_type` VALUES (2, '菜单状态', 'sys_show_hide', '0', 'admin', '2022-04-10 19:22:50', '', NULL, '菜单状态列表');
INSERT INTO `sys_dict_type` VALUES (3, '系统开关', 'sys_normal_disable', '0', 'admin', '2022-04-10 19:22:50', '', NULL, '系统开关列表');
INSERT INTO `sys_dict_type` VALUES (4, '任务状态', 'sys_job_status', '0', 'admin', '2022-04-10 19:22:50', '', NULL, '任务状态列表');
INSERT INTO `sys_dict_type` VALUES (5, '任务分组', 'sys_job_group', '0', 'admin', '2022-04-10 19:22:50', '', NULL, '任务分组列表');
INSERT INTO `sys_dict_type` VALUES (6, '系统是否', 'sys_yes_no', '0', 'admin', '2022-04-10 19:22:50', '', NULL, '系统是否列表');
INSERT INTO `sys_dict_type` VALUES (7, '通知类型', 'sys_notice_type', '0', 'admin', '2022-04-10 19:22:50', '', NULL, '通知类型列表');
INSERT INTO `sys_dict_type` VALUES (8, '通知状态', 'sys_notice_status', '0', 'admin', '2022-04-10 19:22:50', '', NULL, '通知状态列表');
INSERT INTO `sys_dict_type` VALUES (9, '操作类型', 'sys_oper_type', '0', 'admin', '2022-04-10 19:22:50', '', NULL, '操作类型列表');
INSERT INTO `sys_dict_type` VALUES (10, '系统状态', 'sys_common_status', '0', 'admin', '2022-04-10 19:22:50', '', NULL, '登录状态列表');
INSERT INTO `sys_dict_type` VALUES (100, '文章类型', 'portal_article_type', '0', 'admin', '2022-05-08 21:48:48', '', NULL, '文章类型列表');
INSERT INTO `sys_dict_type` VALUES (101, '文章发布形式', 'portal_article_publish_type', '0', 'admin', '2022-05-08 21:53:27', '', NULL, '文章发布形式列表');
INSERT INTO `sys_dict_type` VALUES (102, '文章内容等级', 'portal_article_content_level', '0', 'admin', '2022-05-08 21:56:27', '', NULL, '文章内容等级列表');
INSERT INTO `sys_dict_type` VALUES (103, '文章状态', 'portal_article_status', '0', 'admin', '2022-05-08 21:59:32', '', NULL, '文章状态列表');
INSERT INTO `sys_dict_type` VALUES (104, '轮播图打开方式', 'slideshow_open_type', '0', 'admin', '2022-09-03 07:35:59', '', NULL, '轮播图点击打开方式');

-- ----------------------------
-- Table structure for sys_file
-- ----------------------------
DROP TABLE IF EXISTS `sys_file`;
CREATE TABLE `sys_file`  (
  `file_id` bigint(20) NOT NULL AUTO_INCREMENT COMMENT '文件ID',
  `file_url` varchar(255) CHARACTER SET utf8mb4 COLLATE utf8mb4_general_ci NOT NULL COMMENT '文件路径',
  `file_name` varchar(255) CHARACTER SET utf8mb4 COLLATE utf8mb4_general_ci NULL DEFAULT NULL COMMENT '文件名称',
  `suffix` varchar(10) CHARACTER SET utf8mb4 COLLATE utf8mb4_general_ci NULL DEFAULT NULL COMMENT '文件后缀',
  `type` varchar(20) CHARACTER SET utf8mb4 COLLATE utf8mb4_general_ci NULL DEFAULT NULL COMMENT '文件类型',
  `file_size` varchar(20) CHARACTER SET utf8mb4 COLLATE utf8mb4_general_ci NULL DEFAULT NULL COMMENT '文件大小',
  `oss_key` varchar(255) CHARACTER SET utf8mb4 COLLATE utf8mb4_general_ci NULL DEFAULT NULL COMMENT 'ossKey',
  `is_enable` char(1) CHARACTER SET utf8mb4 COLLATE utf8mb4_general_ci NOT NULL DEFAULT '0' COMMENT '是否有效（0：有效，1无效）',
  `create_by` varchar(64) CHARACTER SET utf8mb4 COLLATE utf8mb4_general_ci NULL DEFAULT NULL COMMENT '创建者',
  `create_time` datetime(0) NULL DEFAULT NULL COMMENT '创建时间',
  `update_by` varchar(64) CHARACTER SET utf8mb4 COLLATE utf8mb4_general_ci NULL DEFAULT NULL COMMENT '更新者',
  `update_time` datetime(0) NULL DEFAULT NULL COMMENT '更新时间',
  PRIMARY KEY (`file_id`) USING BTREE
) ENGINE = InnoDB AUTO_INCREMENT = 59 CHARACTER SET = utf8mb4 COLLATE = utf8mb4_general_ci COMMENT = '系统文件表' ROW_FORMAT = Dynamic;

-- ----------------------------
-- Records of sys_file
-- ----------------------------
INSERT INTO `sys_file` VALUES (34, 'https://blog-dragon.oss-cn-shenzhen.aliyuncs.com/2022-05-03/blob_20220503000127A001.jpeg', 'blob.jpeg', 'jpeg', 'avatar', '32882', '2022-05-03/blob_20220503000127A001.jpeg', '0', 'admin', '2022-05-03 00:01:28', NULL, NULL);
INSERT INTO `sys_file` VALUES (37, 'https://blog-dragon.oss-cn-shenzhen.aliyuncs.com/2022-05-18/avatar_20220518230427A001.jpg', NULL, NULL, NULL, NULL, NULL, '0', 'admin', '2022-05-18 23:09:39', NULL, NULL);
INSERT INTO `sys_file` VALUES (38, 'https://blog-dragon.oss-cn-shenzhen.aliyuncs.com/2022-06-06/boy_20220606175323A001.png', NULL, NULL, NULL, NULL, NULL, '0', 'admin', '2022-06-06 17:53:28', NULL, NULL);
INSERT INTO `sys_file` VALUES (39, 'https://blog-dragon.oss-cn-shenzhen.aliyuncs.com/2022-06-06/vue_20220606180150A002.png', NULL, NULL, NULL, NULL, NULL, '0', 'admin', '2022-06-06 18:01:54', NULL, NULL);
INSERT INTO `sys_file` VALUES (40, 'https://blog-dragon.oss-cn-shenzhen.aliyuncs.com/2022-06-09/分类_20220609161103A001.png', NULL, NULL, NULL, NULL, NULL, '0', 'admin', '2022-06-09 16:11:28', NULL, NULL);
INSERT INTO `sys_file` VALUES (42, 'https://blog-dragon.oss-cn-shenzhen.aliyuncs.com/2022-06-10/alipay_20220610152640A001.png', NULL, NULL, NULL, NULL, NULL, '0', 'admin', '2022-06-10 15:26:43', NULL, NULL);
INSERT INTO `sys_file` VALUES (43, 'https://blog-dragon.oss-cn-shenzhen.aliyuncs.com/2022-08-20/D头像_20220820204555A001.jpg', NULL, NULL, NULL, NULL, NULL, '0', 'admin', '2022-08-20 20:45:58', NULL, NULL);
INSERT INTO `sys_file` VALUES (45, 'https://blog-dragon.oss-cn-shenzhen.aliyuncs.com/2022-08-20/172605dc29fe231548_20220820212328A001.jpg', NULL, NULL, NULL, NULL, NULL, '0', 'admin', '2022-08-20 21:27:17', NULL, NULL);
INSERT INTO `sys_file` VALUES (46, 'https://blog-dragon.oss-cn-shenzhen.aliyuncs.com/2022-08-20/1502113c1947586168_20220820213829A001.jpg', NULL, NULL, NULL, NULL, NULL, '0', 'admin', '2022-08-20 21:38:34', NULL, NULL);
INSERT INTO `sys_file` VALUES (52, 'https://blog-dragon.oss-cn-shenzhen.aliyuncs.com/2022-08-20/171400881c0d537063_20220820215848A001.jpg', NULL, NULL, NULL, NULL, NULL, '0', 'admin', '2022-08-20 22:01:19', NULL, NULL);
INSERT INTO `sys_file` VALUES (53, 'https://blog-dragon.oss-cn-shenzhen.aliyuncs.com/2022-08-20/15375531895e994953_20220820220152A001.jpg', NULL, NULL, NULL, NULL, NULL, '0', 'admin', '2022-08-20 22:02:11', NULL, NULL);
INSERT INTO `sys_file` VALUES (54, '2022-08-29/截屏2022-05-26 下午2.28.30_20220829183644A002.png', NULL, NULL, NULL, NULL, NULL, '0', 'admin', '2022-08-29 18:36:55', NULL, NULL);
INSERT INTO `sys_file` VALUES (55, 'https://blog-dragon.oss-cn-shenzhen.aliyuncs.com/2022-08-20/172605dc29fe231548_20220820212328A001.jpg', NULL, NULL, NULL, NULL, NULL, '0', 'admin', '2022-09-03 15:30:50', NULL, NULL);
INSERT INTO `sys_file` VALUES (56, 'https://blog-dragon.oss-cn-shenzhen.aliyuncs.com/2022-08-20/1502113c1947586168_20220820213829A001.jpg', NULL, NULL, NULL, NULL, NULL, '0', 'admin', '2022-09-03 15:30:58', NULL, NULL);
INSERT INTO `sys_file` VALUES (57, 'https://blog-dragon.oss-cn-shenzhen.aliyuncs.com/2022-08-20/171400881c0d537063_20220820215848A001.jpg', NULL, NULL, NULL, NULL, NULL, '0', 'admin', '2022-09-03 15:31:05', NULL, NULL);
INSERT INTO `sys_file` VALUES (58, 'https://blog-dragon.oss-cn-shenzhen.aliyuncs.com/2022-08-20/15375531895e994953_20220820220152A001.jpg', NULL, NULL, NULL, NULL, NULL, '0', 'admin', '2022-09-03 15:31:12', NULL, NULL);

-- ----------------------------
-- Table structure for sys_job
-- ----------------------------
DROP TABLE IF EXISTS `sys_job`;
CREATE TABLE `sys_job`  (
  `job_id` bigint(20) NOT NULL AUTO_INCREMENT COMMENT '任务ID',
  `job_name` varchar(64) CHARACTER SET utf8mb4 COLLATE utf8mb4_general_ci NOT NULL DEFAULT '' COMMENT '任务名称',
  `job_group` varchar(64) CHARACTER SET utf8mb4 COLLATE utf8mb4_general_ci NOT NULL DEFAULT 'DEFAULT' COMMENT '任务组名',
  `invoke_target` varchar(500) CHARACTER SET utf8mb4 COLLATE utf8mb4_general_ci NOT NULL COMMENT '调用目标字符串',
  `cron_expression` varchar(255) CHARACTER SET utf8mb4 COLLATE utf8mb4_general_ci NULL DEFAULT '' COMMENT 'cron执行表达式',
  `misfire_policy` varchar(20) CHARACTER SET utf8mb4 COLLATE utf8mb4_general_ci NULL DEFAULT '3' COMMENT '计划执行错误策略（1立即执行 2执行一次 3放弃执行）',
  `concurrent` char(1) CHARACTER SET utf8mb4 COLLATE utf8mb4_general_ci NULL DEFAULT '1' COMMENT '是否并发执行（0允许 1禁止）',
  `status` char(1) CHARACTER SET utf8mb4 COLLATE utf8mb4_general_ci NULL DEFAULT '0' COMMENT '状态（0正常 1暂停）',
  `create_by` varchar(64) CHARACTER SET utf8mb4 COLLATE utf8mb4_general_ci NULL DEFAULT '' COMMENT '创建者',
  `create_time` datetime(0) NULL DEFAULT NULL COMMENT '创建时间',
  `update_by` varchar(64) CHARACTER SET utf8mb4 COLLATE utf8mb4_general_ci NULL DEFAULT '' COMMENT '更新者',
  `update_time` datetime(0) NULL DEFAULT NULL COMMENT '更新时间',
  `remark` varchar(500) CHARACTER SET utf8mb4 COLLATE utf8mb4_general_ci NULL DEFAULT '' COMMENT '备注信息',
  PRIMARY KEY (`job_id`, `job_name`, `job_group`) USING BTREE
) ENGINE = InnoDB AUTO_INCREMENT = 4 CHARACTER SET = utf8mb4 COLLATE = utf8mb4_general_ci COMMENT = '定时任务调度表' ROW_FORMAT = Dynamic;

-- ----------------------------
-- Records of sys_job
-- ----------------------------
INSERT INTO `sys_job` VALUES (1, '系统默认（无参）', 'DEFAULT', 'blogTask.blogNoParams', '0/10 * * * * ?', '3', '1', '1', 'admin', '2022-04-10 19:22:50', 'admin', '2022-04-10 21:48:11', '');
INSERT INTO `sys_job` VALUES (2, '系统默认（有参）', 'DEFAULT', 'blogTask.blogParams(\'blog\')', '0/15 * * * * ?', '3', '1', '1', 'admin', '2022-04-10 19:22:50', 'admin', '2022-04-23 19:16:36', '');
INSERT INTO `sys_job` VALUES (3, '系统默认（多参）', 'DEFAULT', 'blogTask.blogMultipleParams(\'blog\', true, 2000L, 316.50D, 100)', '0/20 * * * * ?', '3', '1', '1', 'admin', '2022-04-10 19:22:50', 'admin', '2022-04-23 19:16:50', '');

-- ----------------------------
-- Table structure for sys_job_log
-- ----------------------------
DROP TABLE IF EXISTS `sys_job_log`;
CREATE TABLE `sys_job_log`  (
  `job_log_id` bigint(20) NOT NULL AUTO_INCREMENT COMMENT '任务日志ID',
  `job_name` varchar(64) CHARACTER SET utf8mb4 COLLATE utf8mb4_general_ci NOT NULL COMMENT '任务名称',
  `job_group` varchar(64) CHARACTER SET utf8mb4 COLLATE utf8mb4_general_ci NOT NULL COMMENT '任务组名',
  `invoke_target` varchar(500) CHARACTER SET utf8mb4 COLLATE utf8mb4_general_ci NOT NULL COMMENT '调用目标字符串',
  `job_message` varchar(500) CHARACTER SET utf8mb4 COLLATE utf8mb4_general_ci NULL DEFAULT NULL COMMENT '日志信息',
  `status` char(1) CHARACTER SET utf8mb4 COLLATE utf8mb4_general_ci NULL DEFAULT '0' COMMENT '执行状态（0正常 1失败）',
  `exception_info` varchar(2000) CHARACTER SET utf8mb4 COLLATE utf8mb4_general_ci NULL DEFAULT '' COMMENT '异常信息',
  `create_time` datetime(0) NULL DEFAULT NULL COMMENT '创建时间',
  PRIMARY KEY (`job_log_id`) USING BTREE
) ENGINE = InnoDB AUTO_INCREMENT = 1 CHARACTER SET = utf8mb4 COLLATE = utf8mb4_general_ci COMMENT = '定时任务调度日志表' ROW_FORMAT = Dynamic;

-- ----------------------------
-- Records of sys_job_log
-- ----------------------------

-- ----------------------------
-- Table structure for sys_logininfor
-- ----------------------------
DROP TABLE IF EXISTS `sys_logininfor`;
CREATE TABLE `sys_logininfor`  (
  `info_id` bigint(20) NOT NULL AUTO_INCREMENT COMMENT '访问ID',
  `user_name` varchar(50) CHARACTER SET utf8mb4 COLLATE utf8mb4_general_ci NULL DEFAULT '' COMMENT '用户账号',
  `ipaddr` varchar(128) CHARACTER SET utf8mb4 COLLATE utf8mb4_general_ci NULL DEFAULT '' COMMENT '登录IP地址',
  `login_location` varchar(255) CHARACTER SET utf8mb4 COLLATE utf8mb4_general_ci NULL DEFAULT '' COMMENT '登录地点',
  `browser` varchar(50) CHARACTER SET utf8mb4 COLLATE utf8mb4_general_ci NULL DEFAULT '' COMMENT '浏览器类型',
  `os` varchar(50) CHARACTER SET utf8mb4 COLLATE utf8mb4_general_ci NULL DEFAULT '' COMMENT '操作系统',
  `status` char(1) CHARACTER SET utf8mb4 COLLATE utf8mb4_general_ci NULL DEFAULT '0' COMMENT '登录状态（0成功 1失败）',
  `msg` varchar(255) CHARACTER SET utf8mb4 COLLATE utf8mb4_general_ci NULL DEFAULT '' COMMENT '提示消息',
  `login_time` datetime(0) NULL DEFAULT NULL COMMENT '访问时间',
  PRIMARY KEY (`info_id`) USING BTREE
) ENGINE = InnoDB AUTO_INCREMENT = 260 CHARACTER SET = utf8mb4 COLLATE = utf8mb4_general_ci COMMENT = '系统访问记录' ROW_FORMAT = Dynamic;

-- ----------------------------
-- Records of sys_logininfor
-- ----------------------------
INSERT INTO `sys_logininfor` VALUES (100, 'admin', '127.0.0.1', '内网IP', 'Chrome 9', 'Windows 10', '0', '登录成功', '2022-04-10 19:27:18');
INSERT INTO `sys_logininfor` VALUES (101, 'admin', '127.0.0.1', '内网IP', 'Chrome 9', 'Windows 10', '0', '登录成功', '2022-04-10 20:42:06');
INSERT INTO `sys_logininfor` VALUES (102, 'admin', '127.0.0.1', '内网IP', 'Chrome 9', 'Windows 10', '0', '登录成功', '2022-04-10 21:47:05');
INSERT INTO `sys_logininfor` VALUES (103, 'admin', '127.0.0.1', '内网IP', 'Chrome 9', 'Windows 10', '0', '登录成功', '2022-04-23 18:40:35');
INSERT INTO `sys_logininfor` VALUES (104, 'admin', '127.0.0.1', '内网IP', 'Chrome 9', 'Windows 10', '0', '退出成功', '2022-04-23 19:14:01');
INSERT INTO `sys_logininfor` VALUES (105, 'admin', '127.0.0.1', '内网IP', 'Chrome 9', 'Windows 10', '0', '登录成功', '2022-04-23 19:14:34');
INSERT INTO `sys_logininfor` VALUES (106, 'admin', '127.0.0.1', '内网IP', 'Chrome 9', 'Windows 10', '0', '退出成功', '2022-04-23 19:14:48');
INSERT INTO `sys_logininfor` VALUES (107, 'admin', '127.0.0.1', '内网IP', 'Chrome 9', 'Windows 10', '0', '登录成功', '2022-04-23 19:14:56');
INSERT INTO `sys_logininfor` VALUES (108, 'admin', '127.0.0.1', '内网IP', 'Chrome 9', 'Windows 10', '0', '登录成功', '2022-04-23 21:56:09');
INSERT INTO `sys_logininfor` VALUES (109, 'admin', '127.0.0.1', '内网IP', 'Chrome 9', 'Windows 10', '0', '登录成功', '2022-04-26 21:37:35');
INSERT INTO `sys_logininfor` VALUES (110, 'admin', '127.0.0.1', '内网IP', 'Chrome 9', 'Windows 10', '0', '登录成功', '2022-04-26 22:59:44');
INSERT INTO `sys_logininfor` VALUES (111, 'admin', '127.0.0.1', '内网IP', 'Chrome 9', 'Windows 10', '0', '登录成功', '2022-05-01 14:31:51');
INSERT INTO `sys_logininfor` VALUES (112, 'admin', '127.0.0.1', '内网IP', 'Chrome 9', 'Windows 10', '0', '退出成功', '2022-05-01 14:46:08');
INSERT INTO `sys_logininfor` VALUES (113, 'admin', '127.0.0.1', '内网IP', 'Chrome 9', 'Windows 10', '0', '登录成功', '2022-05-01 14:46:13');
INSERT INTO `sys_logininfor` VALUES (114, 'admin', '127.0.0.1', '内网IP', 'Chrome 9', 'Windows 10', '0', '登录成功', '2022-05-01 15:48:36');
INSERT INTO `sys_logininfor` VALUES (115, 'admin', '127.0.0.1', '内网IP', 'Chrome 9', 'Windows 10', '0', '登录成功', '2022-05-01 17:02:08');
INSERT INTO `sys_logininfor` VALUES (116, 'admin', '127.0.0.1', '内网IP', 'Chrome 9', 'Windows 10', '0', '登录成功', '2022-05-01 22:43:31');
INSERT INTO `sys_logininfor` VALUES (117, 'admin', '127.0.0.1', '内网IP', 'Chrome 9', 'Windows 10', '0', '登录成功', '2022-05-02 13:25:25');
INSERT INTO `sys_logininfor` VALUES (118, 'admin', '127.0.0.1', '内网IP', 'Chrome 9', 'Windows 10', '0', '登录成功', '2022-05-02 14:48:32');
INSERT INTO `sys_logininfor` VALUES (119, 'admin', '127.0.0.1', '内网IP', 'Chrome 9', 'Windows 10', '0', '登录成功', '2022-05-02 17:12:56');
INSERT INTO `sys_logininfor` VALUES (120, 'admin', '127.0.0.1', '内网IP', 'Chrome 9', 'Windows 10', '0', '登录成功', '2022-05-02 19:08:01');
INSERT INTO `sys_logininfor` VALUES (121, 'admin', '127.0.0.1', '内网IP', 'Chrome 9', 'Windows 10', '0', '登录成功', '2022-05-02 21:55:57');
INSERT INTO `sys_logininfor` VALUES (122, 'admin', '127.0.0.1', '内网IP', 'Chrome 9', 'Windows 10', '0', '登录成功', '2022-05-03 22:05:43');
INSERT INTO `sys_logininfor` VALUES (123, 'admin', '127.0.0.1', '内网IP', 'Chrome 9', 'Windows 10', '0', '登录成功', '2022-05-03 22:10:05');
INSERT INTO `sys_logininfor` VALUES (124, 'admin', '127.0.0.1', '内网IP', 'Chrome 9', 'Windows 10', '0', '登录成功', '2022-05-03 22:13:49');
INSERT INTO `sys_logininfor` VALUES (125, 'admin', '127.0.0.1', '内网IP', 'Chrome 9', 'Windows 10', '0', '退出成功', '2022-05-03 22:33:34');
INSERT INTO `sys_logininfor` VALUES (126, 'admin', '127.0.0.1', '内网IP', 'Chrome 9', 'Windows 10', '1', '验证码错误', '2022-05-03 22:33:41');
INSERT INTO `sys_logininfor` VALUES (127, 'admin', '127.0.0.1', '内网IP', 'Chrome 9', 'Windows 10', '0', '登录成功', '2022-05-03 22:33:46');
INSERT INTO `sys_logininfor` VALUES (128, 'admin', '127.0.0.1', '内网IP', 'Chrome 9', 'Windows 10', '0', '退出成功', '2022-05-03 22:49:30');
INSERT INTO `sys_logininfor` VALUES (129, 'admin', '127.0.0.1', '内网IP', 'Chrome 9', 'Windows 10', '0', '登录成功', '2022-05-03 22:49:54');
INSERT INTO `sys_logininfor` VALUES (130, 'admin', '127.0.0.1', '内网IP', 'Chrome 9', 'Windows 10', '0', '退出成功', '2022-05-03 22:50:48');
INSERT INTO `sys_logininfor` VALUES (131, 'admin', '127.0.0.1', '内网IP', 'Chrome 9', 'Windows 10', '0', '登录成功', '2022-05-03 22:50:58');
INSERT INTO `sys_logininfor` VALUES (132, 'admin', '127.0.0.1', '内网IP', 'Chrome 9', 'Windows 10', '0', '登录成功', '2022-05-06 22:16:46');
INSERT INTO `sys_logininfor` VALUES (133, 'admin', '127.0.0.1', '内网IP', 'Chrome 9', 'Windows 10', '0', '登录成功', '2022-05-08 21:23:30');
INSERT INTO `sys_logininfor` VALUES (134, 'admin', '127.0.0.1', '内网IP', 'Chrome 9', 'Windows 10', '0', '登录成功', '2022-05-10 22:09:33');
INSERT INTO `sys_logininfor` VALUES (135, 'admin', '127.0.0.1', '内网IP', 'Chrome 9', 'Windows 10', '0', '登录成功', '2022-05-10 22:52:15');
INSERT INTO `sys_logininfor` VALUES (136, '5049240', '127.0.0.1', '内网IP', 'Chrome 9', 'Windows 10', '1', '登录用户：5049240 不存在', '2022-05-11 22:45:50');
INSERT INTO `sys_logininfor` VALUES (137, 'admin', '127.0.0.1', '内网IP', 'Chrome 9', 'Windows 10', '0', '登录成功', '2022-05-11 22:46:06');
INSERT INTO `sys_logininfor` VALUES (138, 'admin', '127.0.0.1', '内网IP', 'Chrome 9', 'Windows 10', '0', '登录成功', '2022-05-12 21:53:32');
INSERT INTO `sys_logininfor` VALUES (139, 'admin', '127.0.0.1', '内网IP', 'Chrome 9', 'Windows 10', '0', '登录成功', '2022-05-13 22:49:09');
INSERT INTO `sys_logininfor` VALUES (140, 'admin', '127.0.0.1', '内网IP', 'Chrome 9', 'Windows 10', '0', '退出成功', '2022-05-13 23:19:13');
INSERT INTO `sys_logininfor` VALUES (141, 'admin', '127.0.0.1', '内网IP', 'Chrome 9', 'Windows 10', '0', '登录成功', '2022-05-13 23:19:21');
INSERT INTO `sys_logininfor` VALUES (142, 'admin', '127.0.0.1', '内网IP', 'Chrome 9', 'Windows 10', '1', '验证码错误', '2022-05-14 18:50:30');
INSERT INTO `sys_logininfor` VALUES (143, 'admin', '127.0.0.1', '内网IP', 'Chrome 9', 'Windows 10', '1', '验证码错误', '2022-05-14 18:50:34');
INSERT INTO `sys_logininfor` VALUES (144, 'admin', '127.0.0.1', '内网IP', 'Chrome 9', 'Windows 10', '0', '登录成功', '2022-05-14 18:50:39');
INSERT INTO `sys_logininfor` VALUES (145, 'admin', '127.0.0.1', '内网IP', 'Chrome 9', 'Windows 10', '0', '登录成功', '2022-05-14 20:58:30');
INSERT INTO `sys_logininfor` VALUES (146, 'admin', '127.0.0.1', '内网IP', 'Chrome 9', 'Windows 10', '0', '登录成功', '2022-05-14 22:15:49');
INSERT INTO `sys_logininfor` VALUES (147, 'admin', '127.0.0.1', '内网IP', 'Chrome 10', 'Windows 10', '0', '登录成功', '2022-05-15 14:03:19');
INSERT INTO `sys_logininfor` VALUES (148, 'admin', '127.0.0.1', '内网IP', 'Chrome 10', 'Windows 10', '1', '验证码错误', '2022-05-15 15:30:13');
INSERT INTO `sys_logininfor` VALUES (149, 'admin', '127.0.0.1', '内网IP', 'Chrome 10', 'Windows 10', '0', '登录成功', '2022-05-15 15:30:17');
INSERT INTO `sys_logininfor` VALUES (150, 'admin', '127.0.0.1', '内网IP', 'Chrome 10', 'Windows 10', '0', '退出成功', '2022-05-15 15:33:44');
INSERT INTO `sys_logininfor` VALUES (151, 'admin', '127.0.0.1', '内网IP', 'Chrome 10', 'Windows 10', '0', '登录成功', '2022-05-15 15:33:48');
INSERT INTO `sys_logininfor` VALUES (152, 'admin', '127.0.0.1', '内网IP', 'Chrome 10', 'Windows 10', '0', '退出成功', '2022-05-15 15:35:00');
INSERT INTO `sys_logininfor` VALUES (153, 'admin', '127.0.0.1', '内网IP', 'Chrome 10', 'Windows 10', '1', '验证码错误', '2022-05-15 15:35:03');
INSERT INTO `sys_logininfor` VALUES (154, 'admin', '127.0.0.1', '内网IP', 'Chrome 10', 'Windows 10', '0', '登录成功', '2022-05-15 15:35:06');
INSERT INTO `sys_logininfor` VALUES (155, 'admin', '127.0.0.1', '内网IP', 'Chrome 10', 'Windows 10', '0', '登录成功', '2022-05-15 15:37:36');
INSERT INTO `sys_logininfor` VALUES (156, 'admin', '192.168.31.58', '内网IP', 'Chrome 10', 'Windows 10', '0', '登录成功', '2022-05-15 15:39:24');
INSERT INTO `sys_logininfor` VALUES (157, 'admin', '127.0.0.1', '内网IP', 'Chrome 10', 'Windows 10', '0', '登录成功', '2022-05-15 19:20:19');
INSERT INTO `sys_logininfor` VALUES (158, 'admin', '127.0.0.1', '内网IP', 'Chrome 10', 'Windows 10', '0', '登录成功', '2022-05-15 20:39:16');
INSERT INTO `sys_logininfor` VALUES (159, 'admin', '127.0.0.1', '内网IP', 'Chrome 10', 'Windows 10', '0', '登录成功', '2022-05-15 21:39:35');
INSERT INTO `sys_logininfor` VALUES (160, 'admin', '127.0.0.1', '内网IP', 'Chrome 10', 'Windows 10', '0', '登录成功', '2022-05-16 22:06:22');
INSERT INTO `sys_logininfor` VALUES (161, 'admin', '127.0.0.1', '内网IP', 'Chrome 10', 'Windows 10', '0', '登录成功', '2022-05-16 23:03:15');
INSERT INTO `sys_logininfor` VALUES (162, 'admin', '127.0.0.1', '内网IP', 'Chrome 10', 'Windows 10', '0', '登录成功', '2022-05-17 21:27:17');
INSERT INTO `sys_logininfor` VALUES (163, 'admin', '127.0.0.1', '内网IP', 'Chrome 10', 'Windows 10', '0', '登录成功', '2022-05-18 21:28:27');
INSERT INTO `sys_logininfor` VALUES (164, 'admin', '127.0.0.1', '内网IP', 'Chrome 10', 'Windows 10', '0', '登录成功', '2022-05-18 22:41:35');
INSERT INTO `sys_logininfor` VALUES (165, 'admin', '127.0.0.1', '内网IP', 'Chrome 10', 'Windows 10', '1', '验证码已失效', '2022-05-19 22:07:41');
INSERT INTO `sys_logininfor` VALUES (166, 'admin', '127.0.0.1', '内网IP', 'Chrome 10', 'Windows 10', '0', '登录成功', '2022-05-19 22:07:45');
INSERT INTO `sys_logininfor` VALUES (167, 'admin', '127.0.0.1', '内网IP', 'Chrome 10', 'Windows 10', '0', '登录成功', '2022-06-06 16:38:07');
INSERT INTO `sys_logininfor` VALUES (168, 'admin', '127.0.0.1', '内网IP', 'Chrome 10', 'Windows 10', '0', '登录成功', '2022-06-09 10:10:53');
INSERT INTO `sys_logininfor` VALUES (169, 'admin', '127.0.0.1', '内网IP', 'Chrome 10', 'Windows 10', '0', '登录成功', '2022-06-09 16:03:07');
INSERT INTO `sys_logininfor` VALUES (170, 'admin', '127.0.0.1', '内网IP', 'Chrome 10', 'Windows 10', '0', '登录成功', '2022-06-09 20:58:44');
INSERT INTO `sys_logininfor` VALUES (171, 'admin', '127.0.0.1', '内网IP', 'Chrome 10', 'Windows 10', '0', '登录成功', '2022-06-10 15:11:54');
INSERT INTO `sys_logininfor` VALUES (172, 'admin', '127.0.0.1', '内网IP', 'Chrome 10', 'Windows 10', '0', '登录成功', '2022-06-13 16:04:51');
INSERT INTO `sys_logininfor` VALUES (173, 'admin', '127.0.0.1', '内网IP', 'Chrome 10', 'Windows 10', '0', '登录成功', '2022-06-13 18:07:30');
INSERT INTO `sys_logininfor` VALUES (174, 'admin', '127.0.0.1', '内网IP', 'Chrome 10', 'Windows 10', '0', '登录成功', '2022-06-14 14:44:43');
INSERT INTO `sys_logininfor` VALUES (175, 'admin', '127.0.0.1', '内网IP', 'Chrome 10', 'Windows 10', '0', '登录成功', '2022-06-14 15:18:42');
INSERT INTO `sys_logininfor` VALUES (176, 'admin', '127.0.0.1', '内网IP', 'Chrome 10', 'Windows 10', '0', '登录成功', '2022-06-14 15:58:14');
INSERT INTO `sys_logininfor` VALUES (177, 'admin', '127.0.0.1', '内网IP', 'Chrome 10', 'Windows 10', '0', '登录成功', '2022-06-15 14:44:51');
INSERT INTO `sys_logininfor` VALUES (178, 'admin', '127.0.0.1', '内网IP', 'Chrome 10', 'Windows 10', '0', '退出成功', '2022-06-15 14:51:02');
INSERT INTO `sys_logininfor` VALUES (179, 'admin', '127.0.0.1', '内网IP', 'Chrome 10', 'Windows 10', '0', '登录成功', '2022-06-15 14:51:38');
INSERT INTO `sys_logininfor` VALUES (180, 'admin', '127.0.0.1', '内网IP', 'Chrome 10', 'Windows 10', '0', '登录成功', '2022-06-15 17:36:06');
INSERT INTO `sys_logininfor` VALUES (181, 'admin', '127.0.0.1', '内网IP', 'Chrome 10', 'Windows 10', '0', '登录成功', '2022-06-16 08:30:49');
INSERT INTO `sys_logininfor` VALUES (182, 'admin', '183.236.121.9', 'XX XX', 'Chrome 10', 'Windows 10', '1', '验证码已失效', '2022-06-16 07:22:34');
INSERT INTO `sys_logininfor` VALUES (183, 'admin', '183.236.121.9', 'XX XX', 'Chrome 10', 'Windows 10', '0', '登录成功', '2022-06-16 07:22:37');
INSERT INTO `sys_logininfor` VALUES (184, 'admin', '183.236.121.9', 'XX XX', 'Chrome 10', 'Windows 10', '0', '退出成功', '2022-06-16 07:26:35');
INSERT INTO `sys_logininfor` VALUES (185, 'admin', '183.236.121.9', 'XX XX', 'Chrome 10', 'Windows 10', '0', '登录成功', '2022-06-16 07:38:17');
INSERT INTO `sys_logininfor` VALUES (186, 'admin', '183.236.121.9', 'XX XX', 'Chrome 10', 'Windows 10', '0', '登录成功', '2022-06-16 09:27:01');
INSERT INTO `sys_logininfor` VALUES (187, 'admin', '183.236.121.9', 'XX XX', 'Chrome 10', 'Windows 10', '0', '登录成功', '2022-06-16 09:29:53');
INSERT INTO `sys_logininfor` VALUES (188, 'admin', '116.7.52.150', 'XX XX', 'Chrome 10', 'Windows 10', '0', '登录成功', '2022-06-16 13:50:27');
INSERT INTO `sys_logininfor` VALUES (189, 'admin', '116.7.52.208', 'XX XX', 'Chrome 10', 'Windows 10', '0', '登录成功', '2022-06-17 12:35:33');
INSERT INTO `sys_logininfor` VALUES (190, 'admin', '116.7.52.208', 'XX XX', 'Chrome 10', 'Windows 10', '0', '登录成功', '2022-06-18 02:51:00');
INSERT INTO `sys_logininfor` VALUES (191, 'admin', '183.236.121.9', 'XX XX', 'Chrome 10', 'Windows 10', '0', '登录成功', '2022-06-20 08:18:44');
INSERT INTO `sys_logininfor` VALUES (192, 'admin', '183.239.102.8', 'XX XX', 'Chrome 10', 'Windows 10', '0', '退出成功', '2022-06-20 08:33:22');
INSERT INTO `sys_logininfor` VALUES (193, 'admin', '183.239.102.8', 'XX XX', 'Chrome 10', 'Windows 10', '0', '登录成功', '2022-06-20 08:33:27');
INSERT INTO `sys_logininfor` VALUES (194, 'admin', '116.7.54.191', 'XX XX', 'Chrome 10', 'Windows 10', '0', '登录成功', '2022-06-20 14:50:24');
INSERT INTO `sys_logininfor` VALUES (195, 'admin', '183.236.121.9', 'XX XX', 'Chrome 10', 'Windows 10', '0', '登录成功', '2022-06-21 08:25:14');
INSERT INTO `sys_logininfor` VALUES (196, 'admin', '183.236.121.9', 'XX XX', 'Chrome 10', 'Windows 10', '0', '登录成功', '2022-06-21 10:13:46');
INSERT INTO `sys_logininfor` VALUES (197, 'admin', '116.7.54.191', 'XX XX', 'Chrome 10', 'Windows 10', '0', '登录成功', '2022-06-21 14:58:39');
INSERT INTO `sys_logininfor` VALUES (198, 'admin', '183.239.102.9', 'XX XX', 'Chrome 10', 'Windows 10', '0', '登录成功', '2022-06-22 07:52:04');
INSERT INTO `sys_logininfor` VALUES (199, 'admin', '183.236.121.8', 'XX XX', 'Chrome 10', 'Windows 10', '0', '登录成功', '2022-06-22 09:48:46');
INSERT INTO `sys_logininfor` VALUES (200, 'admin', '103.142.140.74', 'XX XX', 'Chrome 10', 'Windows 10', '0', '登录成功', '2022-06-23 15:08:16');
INSERT INTO `sys_logininfor` VALUES (201, 'admin', '223.104.21.24', 'XX XX', 'Chrome 10', 'Windows 10', '0', '登录成功', '2022-06-25 07:06:38');
INSERT INTO `sys_logininfor` VALUES (202, 'admin', '223.104.21.24', 'XX XX', 'Chrome 10', 'Windows 10', '0', '登录成功', '2022-06-25 07:08:19');
INSERT INTO `sys_logininfor` VALUES (203, 'admin', '116.7.52.168', 'XX XX', 'Chrome 10', 'Windows 10', '0', '登录成功', '2022-06-26 01:59:02');
INSERT INTO `sys_logininfor` VALUES (204, 'admin', '183.236.121.10', 'XX XX', 'Chrome 10', 'Windows 10', '0', '登录成功', '2022-06-29 03:07:20');
INSERT INTO `sys_logininfor` VALUES (205, 'admin', '183.63.135.90', 'XX XX', 'Chrome 9', 'Windows 10', '0', '登录成功', '2022-06-29 05:36:20');
INSERT INTO `sys_logininfor` VALUES (206, 'admin', '110.88.103.20', 'XX XX', 'Chrome 10', 'Windows 10', '0', '登录成功', '2022-07-03 16:58:50');
INSERT INTO `sys_logininfor` VALUES (207, 'admin', '112.230.203.90', 'XX XX', 'Chrome 10', 'Windows 10', '1', '验证码已失效', '2022-07-06 02:27:30');
INSERT INTO `sys_logininfor` VALUES (208, 'admin', '112.230.203.90', 'XX XX', 'Chrome 10', 'Windows 10', '0', '登录成功', '2022-07-06 02:27:35');
INSERT INTO `sys_logininfor` VALUES (209, 'admin', '116.7.54.74', 'XX XX', 'Chrome 10', 'Windows 10', '0', '登录成功', '2022-07-09 12:08:49');
INSERT INTO `sys_logininfor` VALUES (210, 'admin', '116.7.54.74', 'XX XX', 'Chrome 10', 'Windows 10', '0', '登录成功', '2022-07-09 12:47:05');
INSERT INTO `sys_logininfor` VALUES (211, 'admin', '116.7.54.74', 'XX XX', 'Chrome 10', 'Windows 10', '0', '登录成功', '2022-07-09 13:23:27');
INSERT INTO `sys_logininfor` VALUES (212, 'admin', '116.7.52.251', 'XX XX', 'Chrome 10', 'Windows 10', '0', '登录成功', '2022-07-12 15:13:59');
INSERT INTO `sys_logininfor` VALUES (213, 'admin', '116.7.52.251', 'XX XX', 'Chrome 10', 'Windows 10', '0', '登录成功', '2022-07-12 15:16:16');
INSERT INTO `sys_logininfor` VALUES (214, 'admin', '116.7.52.251', 'XX XX', 'Chrome 10', 'Windows 10', '0', '退出成功', '2022-07-12 15:16:28');
INSERT INTO `sys_logininfor` VALUES (215, 'admin', '116.7.53.88', 'XX XX', 'Chrome 10', 'Windows 10', '0', '登录成功', '2022-07-13 15:06:27');
INSERT INTO `sys_logininfor` VALUES (216, 'admin', '183.229.145.175', 'XX XX', 'Chrome 10', 'Windows 10', '0', '登录成功', '2022-07-14 11:43:48');
INSERT INTO `sys_logininfor` VALUES (217, 'admin', '116.7.53.88', 'XX XX', 'Chrome 10', 'Windows 10', '0', '登录成功', '2022-07-14 14:37:11');
INSERT INTO `sys_logininfor` VALUES (218, 'admin', '116.7.53.88', 'XX XX', 'Chrome 10', 'Windows 10', '0', '退出成功', '2022-07-14 14:44:54');
INSERT INTO `sys_logininfor` VALUES (219, 'admin', '183.236.121.10', 'XX XX', 'Chrome 10', 'Windows 10', '0', '登录成功', '2022-07-15 03:53:18');
INSERT INTO `sys_logininfor` VALUES (220, 'admin', '116.7.53.88', 'XX XX', 'Chrome 10', 'Windows 10', '0', '登录成功', '2022-07-15 14:40:24');
INSERT INTO `sys_logininfor` VALUES (221, 'admin', '116.7.53.88', 'XX XX', 'Chrome 10', 'Windows 10', '0', '退出成功', '2022-07-15 14:41:04');
INSERT INTO `sys_logininfor` VALUES (222, 'admin', '115.220.139.33', 'XX XX', 'Chrome 10', 'Mac OS X', '0', '登录成功', '2022-07-16 04:34:46');
INSERT INTO `sys_logininfor` VALUES (223, 'admin', '116.7.55.231', 'XX XX', 'Chrome 10', 'Windows 10', '0', '登录成功', '2022-07-16 13:01:03');
INSERT INTO `sys_logininfor` VALUES (224, 'admin', '183.236.121.9', 'XX XX', 'Chrome 10', 'Windows 10', '0', '登录成功', '2022-07-18 08:28:35');
INSERT INTO `sys_logininfor` VALUES (225, 'admin', '183.236.121.9', 'XX XX', 'Chrome 10', 'Windows 10', '0', '登录成功', '2022-07-18 08:59:17');
INSERT INTO `sys_logininfor` VALUES (226, 'admin', '171.221.80.159', 'XX XX', 'Chrome 9', 'Windows 10', '0', '登录成功', '2022-07-21 14:49:02');
INSERT INTO `sys_logininfor` VALUES (227, 'admin', '171.221.80.159', 'XX XX', 'Chrome 9', 'Windows 10', '0', '登录成功', '2022-07-21 14:50:56');
INSERT INTO `sys_logininfor` VALUES (228, 'admin', '116.7.53.65', 'XX XX', 'Chrome 10', 'Windows 10', '0', '登录成功', '2022-07-24 12:14:47');
INSERT INTO `sys_logininfor` VALUES (229, 'admin', '116.7.54.73', 'XX XX', 'Chrome 10', 'Windows 10', '0', '登录成功', '2022-08-07 09:59:30');
INSERT INTO `sys_logininfor` VALUES (230, 'admin', '116.7.54.73', 'XX XX', 'Chrome 10', 'Windows 10', '0', '登录成功', '2022-08-07 12:42:57');
INSERT INTO `sys_logininfor` VALUES (231, 'admin', '116.7.54.73', 'XX XX', 'Chrome 10', 'Windows 10', '0', '退出成功', '2022-08-07 12:43:41');
INSERT INTO `sys_logininfor` VALUES (232, 'admin', '116.7.54.73', 'XX XX', 'Chrome 10', 'Windows 10', '0', '登录成功', '2022-08-07 13:29:19');
INSERT INTO `sys_logininfor` VALUES (233, 'admin', '116.7.55.240', '广东省 深圳市', 'Chrome 10', 'Windows 10', '0', '登录成功', '2022-08-09 14:29:23');
INSERT INTO `sys_logininfor` VALUES (234, 'admin', '116.7.55.240', '广东省 深圳市', 'Chrome 10', 'Windows 10', '0', '退出成功', '2022-08-09 14:30:00');
INSERT INTO `sys_logininfor` VALUES (235, 'admin', '116.7.53.132', '广东省 深圳市', 'Chrome 10', 'Windows 10', '0', '登录成功', '2022-08-14 14:03:54');
INSERT INTO `sys_logininfor` VALUES (236, 'admin', '116.7.53.132', '广东省 深圳市', 'Chrome 10', 'Windows 10', '0', '登录成功', '2022-08-14 14:45:48');
INSERT INTO `sys_logininfor` VALUES (237, 'admin', '116.7.52.229', '广东省 深圳市', 'Chrome 10', 'Windows 10', '0', '登录成功', '2022-08-15 14:54:49');
INSERT INTO `sys_logininfor` VALUES (238, 'admin', '116.7.52.229', '广东省 深圳市', 'Chrome 10', 'Windows 10', '0', '退出成功', '2022-08-15 15:06:43');
INSERT INTO `sys_logininfor` VALUES (239, 'admin', '116.7.52.229', '广东省 深圳市', 'Chrome 10', 'Windows 10', '0', '登录成功', '2022-08-16 14:03:46');
INSERT INTO `sys_logininfor` VALUES (240, 'admin', '116.7.52.229', '广东省 深圳市', 'Chrome 10', 'Windows 10', '0', '登录成功', '2022-08-16 14:49:09');
INSERT INTO `sys_logininfor` VALUES (241, 'admin', '116.7.54.16', '广东省 深圳市', 'Chrome 10', 'Windows 10', '0', '登录成功', '2022-08-19 14:45:04');
INSERT INTO `sys_logininfor` VALUES (242, 'admin', '116.7.54.49', '广东省 深圳市', 'Chrome 10', 'Windows 10', '0', '登录成功', '2022-08-22 14:35:21');
INSERT INTO `sys_logininfor` VALUES (243, 'admin', '14.150.171.200', '广东省 广州市', 'Chrome 10', 'Windows 10', '0', '登录成功', '2022-08-24 14:58:47');
INSERT INTO `sys_logininfor` VALUES (244, 'admin', '116.7.54.245', '广东省 深圳市', 'Chrome 10', 'Windows 10', '0', '登录成功', '2022-08-27 05:48:44');
INSERT INTO `sys_logininfor` VALUES (245, 'admin', '116.7.54.245', '广东省 深圳市', 'Chrome 10', 'Windows 10', '0', '登录成功', '2022-08-27 07:10:39');
INSERT INTO `sys_logininfor` VALUES (246, 'admin', '111.72.213.184', '江西省 鹰潭市', 'Chrome 10', 'Windows 10', '0', '登录成功', '2022-08-27 14:25:35');
INSERT INTO `sys_logininfor` VALUES (247, 'admin', '117.176.231.66', '四川省 成都市', 'Chrome 10', 'Mac OS X', '0', '登录成功', '2022-08-29 10:33:29');
INSERT INTO `sys_logininfor` VALUES (248, 'admin', '183.198.132.172', '河北省 石家庄市', 'Chrome 10', 'Windows 10', '0', '登录成功', '2022-09-01 15:13:07');
INSERT INTO `sys_logininfor` VALUES (249, 'admin', '183.66.200.39', '重庆市 重庆市', 'Chrome 10', 'Windows 10', '0', '登录成功', '2022-09-02 02:14:36');
INSERT INTO `sys_logininfor` VALUES (250, 'admin', '116.7.55.209', '广东省 深圳市', 'Chrome 10', 'Windows 10', '0', '登录成功', '2022-09-03 07:30:25');
INSERT INTO `sys_logininfor` VALUES (251, 'admin', '207.204.224.35', ' ', 'Chrome 10', 'Windows 10', '0', '登录成功', '2022-09-04 04:41:02');
INSERT INTO `sys_logininfor` VALUES (252, 'admin', '180.158.19.92', '上海市 上海市', 'Chrome 10', 'Windows 10', '0', '登录成功', '2022-09-05 08:17:39');
INSERT INTO `sys_logininfor` VALUES (253, 'admin', '120.36.102.121', '福建省 福州市', 'Chrome 10', 'Windows 10', '0', '登录成功', '2022-09-07 10:51:45');
INSERT INTO `sys_logininfor` VALUES (254, 'admin', '171.219.29.46', '四川省 成都市', 'Chrome 10', 'Windows 10', '1', '验证码错误', '2022-10-08 02:15:53');
INSERT INTO `sys_logininfor` VALUES (255, 'admin', '171.219.29.46', '四川省 成都市', 'Chrome 10', 'Windows 10', '0', '登录成功', '2022-10-08 02:15:57');
INSERT INTO `sys_logininfor` VALUES (256, 'admin', '119.103.23.174', '湖北省 武汉市', 'Chrome 10', 'Windows 10', '0', '登录成功', '2022-10-13 06:21:03');
INSERT INTO `sys_logininfor` VALUES (257, 'admin', '116.7.54.173', '广东省 深圳市', 'Chrome 10', 'Windows 10', '0', '登录成功', '2022-10-16 06:43:48');
INSERT INTO `sys_logininfor` VALUES (258, 'admin', '111.28.249.233', '海南省 海口市', 'Chrome 10', 'Windows 10', '0', '登录成功', '2022-10-16 11:55:33');
INSERT INTO `sys_logininfor` VALUES (259, 'admin', '113.57.237.91', '湖北省 武汉市', 'Chrome', 'Windows 10', '0', '登录成功', '2022-10-17 07:20:16');

-- ----------------------------
-- Table structure for sys_menu
-- ----------------------------
DROP TABLE IF EXISTS `sys_menu`;
CREATE TABLE `sys_menu`  (
  `menu_id` bigint(20) NOT NULL AUTO_INCREMENT COMMENT '菜单ID',
  `menu_name` varchar(50) CHARACTER SET utf8mb4 COLLATE utf8mb4_general_ci NOT NULL COMMENT '菜单名称',
  `parent_id` bigint(20) NULL DEFAULT 0 COMMENT '父菜单ID',
  `order_num` int(11) NULL DEFAULT 0 COMMENT '显示顺序',
  `path` varchar(200) CHARACTER SET utf8mb4 COLLATE utf8mb4_general_ci NULL DEFAULT '' COMMENT '路由地址',
  `component` varchar(255) CHARACTER SET utf8mb4 COLLATE utf8mb4_general_ci NULL DEFAULT NULL COMMENT '组件路径',
  `query` varchar(255) CHARACTER SET utf8mb4 COLLATE utf8mb4_general_ci NULL DEFAULT NULL COMMENT '路由参数',
  `is_frame` int(11) NULL DEFAULT 1 COMMENT '是否为外链（0是 1否）',
  `is_cache` int(11) NULL DEFAULT 0 COMMENT '是否缓存（0缓存 1不缓存）',
  `menu_type` char(1) CHARACTER SET utf8mb4 COLLATE utf8mb4_general_ci NULL DEFAULT '' COMMENT '菜单类型（M目录 C菜单 F按钮）',
  `visible` char(1) CHARACTER SET utf8mb4 COLLATE utf8mb4_general_ci NULL DEFAULT '0' COMMENT '菜单状态（0显示 1隐藏）',
  `status` char(1) CHARACTER SET utf8mb4 COLLATE utf8mb4_general_ci NULL DEFAULT '0' COMMENT '菜单状态（0正常 1停用）',
  `perms` varchar(100) CHARACTER SET utf8mb4 COLLATE utf8mb4_general_ci NULL DEFAULT NULL COMMENT '权限标识',
  `icon` varchar(100) CHARACTER SET utf8mb4 COLLATE utf8mb4_general_ci NULL DEFAULT '#' COMMENT '菜单图标',
  `create_by` varchar(64) CHARACTER SET utf8mb4 COLLATE utf8mb4_general_ci NULL DEFAULT '' COMMENT '创建者',
  `create_time` datetime(0) NULL DEFAULT NULL COMMENT '创建时间',
  `update_by` varchar(64) CHARACTER SET utf8mb4 COLLATE utf8mb4_general_ci NULL DEFAULT '' COMMENT '更新者',
  `update_time` datetime(0) NULL DEFAULT NULL COMMENT '更新时间',
  `remark` varchar(500) CHARACTER SET utf8mb4 COLLATE utf8mb4_general_ci NULL DEFAULT '' COMMENT '备注',
  PRIMARY KEY (`menu_id`) USING BTREE
) ENGINE = InnoDB AUTO_INCREMENT = 2014 CHARACTER SET = utf8mb4 COLLATE = utf8mb4_general_ci COMMENT = '菜单权限表' ROW_FORMAT = Dynamic;

-- ----------------------------
-- Records of sys_menu
-- ----------------------------
INSERT INTO `sys_menu` VALUES (1, '系统管理', 0, 2, 'system', NULL, '', 1, 0, 'M', '0', '0', '', 'system', 'admin', '2022-04-10 19:22:50', 'admin', '2022-05-03 23:11:56', '系统管理目录');
INSERT INTO `sys_menu` VALUES (2, '系统监控', 0, 3, 'monitor', NULL, '', 1, 0, 'M', '0', '0', '', 'monitor', 'admin', '2022-04-10 19:22:50', 'admin', '2022-05-03 23:12:04', '系统监控目录');
INSERT INTO `sys_menu` VALUES (3, '系统工具', 0, 4, 'tool', NULL, '', 1, 0, 'M', '0', '0', '', 'tool', 'admin', '2022-04-10 19:22:50', 'admin', '2022-05-03 23:12:09', '系统工具目录');
INSERT INTO `sys_menu` VALUES (4, '博客官网', 0, 5, 'http://dragonwen.cn', NULL, '', 0, 0, 'M', '0', '0', '', 'guide', 'admin', '2022-04-10 19:22:50', 'admin', '2022-05-03 23:12:15', '若依官网地址');
INSERT INTO `sys_menu` VALUES (100, '用户管理', 1, 1, 'user', 'system/user/index', '', 1, 0, 'C', '0', '0', 'system:user:list', 'user', 'admin', '2022-04-10 19:22:50', '', NULL, '用户管理菜单');
INSERT INTO `sys_menu` VALUES (101, '角色管理', 1, 2, 'role', 'system/role/index', '', 1, 0, 'C', '0', '0', 'system:role:list', 'peoples', 'admin', '2022-04-10 19:22:50', '', NULL, '角色管理菜单');
INSERT INTO `sys_menu` VALUES (102, '菜单管理', 1, 3, 'menu', 'system/menu/index', '', 1, 0, 'C', '0', '0', 'system:menu:list', 'tree-table', 'admin', '2022-04-10 19:22:50', '', NULL, '菜单管理菜单');
INSERT INTO `sys_menu` VALUES (105, '字典管理', 1, 6, 'dict', 'system/dict/index', '', 1, 0, 'C', '0', '0', 'system:dict:list', 'dict', 'admin', '2022-04-10 19:22:50', '', NULL, '字典管理菜单');
INSERT INTO `sys_menu` VALUES (106, '参数设置', 1, 7, 'config', 'system/config/index', '', 1, 0, 'C', '0', '0', 'system:config:list', 'edit', 'admin', '2022-04-10 19:22:50', '', NULL, '参数设置菜单');
INSERT INTO `sys_menu` VALUES (107, '通知公告', 1, 8, 'notice', 'system/notice/index', '', 1, 0, 'C', '0', '0', 'system:notice:list', 'message', 'admin', '2022-04-10 19:22:50', '', NULL, '通知公告菜单');
INSERT INTO `sys_menu` VALUES (108, '日志管理', 1, 9, 'log', '', '', 1, 0, 'M', '0', '0', '', 'log', 'admin', '2022-04-10 19:22:50', '', NULL, '日志管理菜单');
INSERT INTO `sys_menu` VALUES (109, '在线用户', 2, 1, 'online', 'monitor/online/index', '', 1, 0, 'C', '0', '0', 'monitor:online:list', 'online', 'admin', '2022-04-10 19:22:50', '', NULL, '在线用户菜单');
INSERT INTO `sys_menu` VALUES (110, '定时任务', 2, 2, 'job', 'monitor/job/index', '', 1, 0, 'C', '0', '0', 'monitor:job:list', 'job', 'admin', '2022-04-10 19:22:50', '', NULL, '定时任务菜单');
INSERT INTO `sys_menu` VALUES (111, '数据监控', 2, 3, 'druid', 'monitor/druid/index', '', 1, 0, 'C', '0', '0', 'monitor:druid:list', 'druid', 'admin', '2022-04-10 19:22:50', '', NULL, '数据监控菜单');
INSERT INTO `sys_menu` VALUES (112, '服务监控', 2, 4, 'server', 'monitor/server/index', '', 1, 0, 'C', '0', '0', 'monitor:server:list', 'server', 'admin', '2022-04-10 19:22:50', '', NULL, '服务监控菜单');
INSERT INTO `sys_menu` VALUES (113, '缓存监控', 2, 5, 'cache', 'monitor/cache/index', '', 1, 0, 'C', '0', '0', 'monitor:cache:list', 'redis', 'admin', '2022-04-10 19:22:50', '', NULL, '缓存监控菜单');
INSERT INTO `sys_menu` VALUES (114, '表单构建', 3, 1, 'build', 'tool/build/index', '', 1, 0, 'C', '0', '0', 'tool:build:list', 'build', 'admin', '2022-04-10 19:22:50', '', NULL, '表单构建菜单');
INSERT INTO `sys_menu` VALUES (115, '代码生成', 3, 2, 'gen', 'tool/gen/index', '', 1, 0, 'C', '0', '0', 'tool:gen:list', 'code', 'admin', '2022-04-10 19:22:50', '', NULL, '代码生成菜单');
INSERT INTO `sys_menu` VALUES (116, '系统接口', 3, 3, 'swagger', 'tool/swagger/index', '', 1, 0, 'C', '0', '0', 'tool:swagger:list', 'swagger', 'admin', '2022-04-10 19:22:50', '', NULL, '系统接口菜单');
INSERT INTO `sys_menu` VALUES (500, '操作日志', 108, 1, 'operlog', 'monitor/operlog/index', '', 1, 0, 'C', '0', '0', 'monitor:operlog:list', 'form', 'admin', '2022-04-10 19:22:50', '', NULL, '操作日志菜单');
INSERT INTO `sys_menu` VALUES (501, '登录日志', 108, 2, 'logininfor', 'monitor/logininfor/index', '', 1, 0, 'C', '0', '0', 'monitor:logininfor:list', 'logininfor', 'admin', '2022-04-10 19:22:50', '', NULL, '登录日志菜单');
INSERT INTO `sys_menu` VALUES (1001, '用户查询', 100, 1, '', '', '', 1, 0, 'F', '0', '0', 'system:user:query', '#', 'admin', '2022-04-10 19:22:50', '', NULL, '');
INSERT INTO `sys_menu` VALUES (1002, '用户新增', 100, 2, '', '', '', 1, 0, 'F', '0', '0', 'system:user:add', '#', 'admin', '2022-04-10 19:22:50', '', NULL, '');
INSERT INTO `sys_menu` VALUES (1003, '用户修改', 100, 3, '', '', '', 1, 0, 'F', '0', '0', 'system:user:edit', '#', 'admin', '2022-04-10 19:22:50', '', NULL, '');
INSERT INTO `sys_menu` VALUES (1004, '用户删除', 100, 4, '', '', '', 1, 0, 'F', '0', '0', 'system:user:remove', '#', 'admin', '2022-04-10 19:22:50', '', NULL, '');
INSERT INTO `sys_menu` VALUES (1005, '用户导出', 100, 5, '', '', '', 1, 0, 'F', '0', '0', 'system:user:export', '#', 'admin', '2022-04-10 19:22:50', '', NULL, '');
INSERT INTO `sys_menu` VALUES (1006, '用户导入', 100, 6, '', '', '', 1, 0, 'F', '0', '0', 'system:user:import', '#', 'admin', '2022-04-10 19:22:50', '', NULL, '');
INSERT INTO `sys_menu` VALUES (1007, '重置密码', 100, 7, '', '', '', 1, 0, 'F', '0', '0', 'system:user:resetPwd', '#', 'admin', '2022-04-10 19:22:50', '', NULL, '');
INSERT INTO `sys_menu` VALUES (1008, '角色查询', 101, 1, '', '', '', 1, 0, 'F', '0', '0', 'system:role:query', '#', 'admin', '2022-04-10 19:22:50', '', NULL, '');
INSERT INTO `sys_menu` VALUES (1009, '角色新增', 101, 2, '', '', '', 1, 0, 'F', '0', '0', 'system:role:add', '#', 'admin', '2022-04-10 19:22:50', '', NULL, '');
INSERT INTO `sys_menu` VALUES (1010, '角色修改', 101, 3, '', '', '', 1, 0, 'F', '0', '0', 'system:role:edit', '#', 'admin', '2022-04-10 19:22:50', '', NULL, '');
INSERT INTO `sys_menu` VALUES (1011, '角色删除', 101, 4, '', '', '', 1, 0, 'F', '0', '0', 'system:role:remove', '#', 'admin', '2022-04-10 19:22:50', '', NULL, '');
INSERT INTO `sys_menu` VALUES (1012, '角色导出', 101, 5, '', '', '', 1, 0, 'F', '0', '0', 'system:role:export', '#', 'admin', '2022-04-10 19:22:50', '', NULL, '');
INSERT INTO `sys_menu` VALUES (1013, '菜单查询', 102, 1, '', '', '', 1, 0, 'F', '0', '0', 'system:menu:query', '#', 'admin', '2022-04-10 19:22:50', '', NULL, '');
INSERT INTO `sys_menu` VALUES (1014, '菜单新增', 102, 2, '', '', '', 1, 0, 'F', '0', '0', 'system:menu:add', '#', 'admin', '2022-04-10 19:22:50', '', NULL, '');
INSERT INTO `sys_menu` VALUES (1015, '菜单修改', 102, 3, '', '', '', 1, 0, 'F', '0', '0', 'system:menu:edit', '#', 'admin', '2022-04-10 19:22:50', '', NULL, '');
INSERT INTO `sys_menu` VALUES (1016, '菜单删除', 102, 4, '', '', '', 1, 0, 'F', '0', '0', 'system:menu:remove', '#', 'admin', '2022-04-10 19:22:50', '', NULL, '');
INSERT INTO `sys_menu` VALUES (1026, '字典查询', 105, 1, '#', '', '', 1, 0, 'F', '0', '0', 'system:dict:query', '#', 'admin', '2022-04-10 19:22:50', '', NULL, '');
INSERT INTO `sys_menu` VALUES (1027, '字典新增', 105, 2, '#', '', '', 1, 0, 'F', '0', '0', 'system:dict:add', '#', 'admin', '2022-04-10 19:22:50', '', NULL, '');
INSERT INTO `sys_menu` VALUES (1028, '字典修改', 105, 3, '#', '', '', 1, 0, 'F', '0', '0', 'system:dict:edit', '#', 'admin', '2022-04-10 19:22:50', '', NULL, '');
INSERT INTO `sys_menu` VALUES (1029, '字典删除', 105, 4, '#', '', '', 1, 0, 'F', '0', '0', 'system:dict:remove', '#', 'admin', '2022-04-10 19:22:50', '', NULL, '');
INSERT INTO `sys_menu` VALUES (1030, '字典导出', 105, 5, '#', '', '', 1, 0, 'F', '0', '0', 'system:dict:export', '#', 'admin', '2022-04-10 19:22:50', '', NULL, '');
INSERT INTO `sys_menu` VALUES (1031, '参数查询', 106, 1, '#', '', '', 1, 0, 'F', '0', '0', 'system:config:query', '#', 'admin', '2022-04-10 19:22:50', '', NULL, '');
INSERT INTO `sys_menu` VALUES (1032, '参数新增', 106, 2, '#', '', '', 1, 0, 'F', '0', '0', 'system:config:add', '#', 'admin', '2022-04-10 19:22:50', '', NULL, '');
INSERT INTO `sys_menu` VALUES (1033, '参数修改', 106, 3, '#', '', '', 1, 0, 'F', '0', '0', 'system:config:edit', '#', 'admin', '2022-04-10 19:22:50', '', NULL, '');
INSERT INTO `sys_menu` VALUES (1034, '参数删除', 106, 4, '#', '', '', 1, 0, 'F', '0', '0', 'system:config:remove', '#', 'admin', '2022-04-10 19:22:50', '', NULL, '');
INSERT INTO `sys_menu` VALUES (1035, '参数导出', 106, 5, '#', '', '', 1, 0, 'F', '0', '0', 'system:config:export', '#', 'admin', '2022-04-10 19:22:50', '', NULL, '');
INSERT INTO `sys_menu` VALUES (1036, '公告查询', 107, 1, '#', '', '', 1, 0, 'F', '0', '0', 'system:notice:query', '#', 'admin', '2022-04-10 19:22:50', '', NULL, '');
INSERT INTO `sys_menu` VALUES (1037, '公告新增', 107, 2, '#', '', '', 1, 0, 'F', '0', '0', 'system:notice:add', '#', 'admin', '2022-04-10 19:22:50', '', NULL, '');
INSERT INTO `sys_menu` VALUES (1038, '公告修改', 107, 3, '#', '', '', 1, 0, 'F', '0', '0', 'system:notice:edit', '#', 'admin', '2022-04-10 19:22:50', '', NULL, '');
INSERT INTO `sys_menu` VALUES (1039, '公告删除', 107, 4, '#', '', '', 1, 0, 'F', '0', '0', 'system:notice:remove', '#', 'admin', '2022-04-10 19:22:50', '', NULL, '');
INSERT INTO `sys_menu` VALUES (1040, '操作查询', 500, 1, '#', '', '', 1, 0, 'F', '0', '0', 'monitor:operlog:query', '#', 'admin', '2022-04-10 19:22:50', '', NULL, '');
INSERT INTO `sys_menu` VALUES (1041, '操作删除', 500, 2, '#', '', '', 1, 0, 'F', '0', '0', 'monitor:operlog:remove', '#', 'admin', '2022-04-10 19:22:50', '', NULL, '');
INSERT INTO `sys_menu` VALUES (1042, '日志导出', 500, 4, '#', '', '', 1, 0, 'F', '0', '0', 'monitor:operlog:export', '#', 'admin', '2022-04-10 19:22:50', '', NULL, '');
INSERT INTO `sys_menu` VALUES (1043, '登录查询', 501, 1, '#', '', '', 1, 0, 'F', '0', '0', 'monitor:logininfor:query', '#', 'admin', '2022-04-10 19:22:50', '', NULL, '');
INSERT INTO `sys_menu` VALUES (1044, '登录删除', 501, 2, '#', '', '', 1, 0, 'F', '0', '0', 'monitor:logininfor:remove', '#', 'admin', '2022-04-10 19:22:50', '', NULL, '');
INSERT INTO `sys_menu` VALUES (1045, '日志导出', 501, 3, '#', '', '', 1, 0, 'F', '0', '0', 'monitor:logininfor:export', '#', 'admin', '2022-04-10 19:22:50', '', NULL, '');
INSERT INTO `sys_menu` VALUES (1046, '在线查询', 109, 1, '#', '', '', 1, 0, 'F', '0', '0', 'monitor:online:query', '#', 'admin', '2022-04-10 19:22:50', '', NULL, '');
INSERT INTO `sys_menu` VALUES (1047, '批量强退', 109, 2, '#', '', '', 1, 0, 'F', '0', '0', 'monitor:online:batchLogout', '#', 'admin', '2022-04-10 19:22:50', '', NULL, '');
INSERT INTO `sys_menu` VALUES (1048, '单条强退', 109, 3, '#', '', '', 1, 0, 'F', '0', '0', 'monitor:online:forceLogout', '#', 'admin', '2022-04-10 19:22:50', '', NULL, '');
INSERT INTO `sys_menu` VALUES (1049, '任务查询', 110, 1, '#', '', '', 1, 0, 'F', '0', '0', 'monitor:job:query', '#', 'admin', '2022-04-10 19:22:50', '', NULL, '');
INSERT INTO `sys_menu` VALUES (1050, '任务新增', 110, 2, '#', '', '', 1, 0, 'F', '0', '0', 'monitor:job:add', '#', 'admin', '2022-04-10 19:22:50', '', NULL, '');
INSERT INTO `sys_menu` VALUES (1051, '任务修改', 110, 3, '#', '', '', 1, 0, 'F', '0', '0', 'monitor:job:edit', '#', 'admin', '2022-04-10 19:22:50', '', NULL, '');
INSERT INTO `sys_menu` VALUES (1052, '任务删除', 110, 4, '#', '', '', 1, 0, 'F', '0', '0', 'monitor:job:remove', '#', 'admin', '2022-04-10 19:22:50', '', NULL, '');
INSERT INTO `sys_menu` VALUES (1053, '状态修改', 110, 5, '#', '', '', 1, 0, 'F', '0', '0', 'monitor:job:changeStatus', '#', 'admin', '2022-04-10 19:22:50', '', NULL, '');
INSERT INTO `sys_menu` VALUES (1054, '任务导出', 110, 7, '#', '', '', 1, 0, 'F', '0', '0', 'monitor:job:export', '#', 'admin', '2022-04-10 19:22:50', '', NULL, '');
INSERT INTO `sys_menu` VALUES (1055, '生成查询', 115, 1, '#', '', '', 1, 0, 'F', '0', '0', 'tool:gen:query', '#', 'admin', '2022-04-10 19:22:50', '', NULL, '');
INSERT INTO `sys_menu` VALUES (1056, '生成修改', 115, 2, '#', '', '', 1, 0, 'F', '0', '0', 'tool:gen:edit', '#', 'admin', '2022-04-10 19:22:50', '', NULL, '');
INSERT INTO `sys_menu` VALUES (1057, '生成删除', 115, 3, '#', '', '', 1, 0, 'F', '0', '0', 'tool:gen:remove', '#', 'admin', '2022-04-10 19:22:50', '', NULL, '');
INSERT INTO `sys_menu` VALUES (1058, '导入代码', 115, 2, '#', '', '', 1, 0, 'F', '0', '0', 'tool:gen:import', '#', 'admin', '2022-04-10 19:22:50', '', NULL, '');
INSERT INTO `sys_menu` VALUES (1059, '预览代码', 115, 4, '#', '', '', 1, 0, 'F', '0', '0', 'tool:gen:preview', '#', 'admin', '2022-04-10 19:22:50', '', NULL, '');
INSERT INTO `sys_menu` VALUES (1060, '生成代码', 115, 5, '#', '', '', 1, 0, 'F', '0', '0', 'tool:gen:code', '#', 'admin', '2022-04-10 19:22:50', '', NULL, '');
INSERT INTO `sys_menu` VALUES (2000, '网站管理', 0, 1, 'portal', NULL, NULL, 1, 0, 'M', '0', '0', '', 'portal-manage', 'admin', '2022-05-03 23:11:42', 'admin', '2022-05-08 21:42:00', '');
INSERT INTO `sys_menu` VALUES (2001, '文章管理', 2000, 1, 'article', 'portal/article/index', NULL, 1, 0, 'C', '0', '0', 'portal:article:list', 'article', 'admin', '2022-05-08 22:46:46', 'admin', '2022-05-08 23:00:53', '');
INSERT INTO `sys_menu` VALUES (2002, '文章查询', 2001, 1, '#', '', NULL, 1, 0, 'F', '0', '0', 'portal:article:query', '#', 'admin', '2022-05-10 22:13:04', '', NULL, '');
INSERT INTO `sys_menu` VALUES (2003, '文章新增', 2001, 2, '#', '', NULL, 1, 0, 'F', '0', '0', 'portal:article:add', '#', 'admin', '2022-05-10 22:13:04', '', NULL, '');
INSERT INTO `sys_menu` VALUES (2004, '文章修改', 2001, 3, '#', '', NULL, 1, 0, 'F', '0', '0', 'portal:article:edit', '#', 'admin', '2022-05-10 22:13:04', '', NULL, '');
INSERT INTO `sys_menu` VALUES (2005, '文章删除', 2001, 4, '#', '', NULL, 1, 0, 'F', '0', '0', 'portal:article:remove', '#', 'admin', '2022-05-10 22:13:04', '', NULL, '');
INSERT INTO `sys_menu` VALUES (2006, '文章导出', 2001, 5, '#', '', NULL, 1, 0, 'F', '0', '0', 'portal:article:export', '#', 'admin', '2022-05-10 22:13:04', '', NULL, '');
INSERT INTO `sys_menu` VALUES (2007, '缓存列表', 2, 6, 'cacheList', 'monitor/cache/list', NULL, 1, 0, 'C', '0', '0', 'monitor:cache:list', 'redis-list', 'admin', '2022-07-09 13:58:00', '', NULL, '');
INSERT INTO `sys_menu` VALUES (2008, '轮播图管理', 2000, 2, 'slideshow', 'portal/slideshow/index', NULL, 1, 0, 'C', '0', '0', 'portal:slideshow:list', 'slideshow', 'admin', '2022-08-20 07:07:40', 'admin', '2022-08-27 06:03:19', '轮播图管理菜单');
INSERT INTO `sys_menu` VALUES (2009, '轮播图查询', 2008, 1, '#', '', NULL, 1, 0, 'F', '0', '0', 'portal:slideshow:query', '#', 'admin', '2022-08-20 07:07:40', 'admin', '2022-08-27 06:03:34', '');
INSERT INTO `sys_menu` VALUES (2010, '轮播图新增', 2008, 2, '#', '', NULL, 1, 0, 'F', '0', '0', 'portal:slideshow:add', '#', 'admin', '2022-08-20 07:07:41', 'admin', '2022-08-27 06:03:45', '');
INSERT INTO `sys_menu` VALUES (2011, '轮播图修改', 2008, 3, '#', '', NULL, 1, 0, 'F', '0', '0', 'portal:slideshow:edit', '#', 'admin', '2022-08-20 07:07:41', 'admin', '2022-08-27 06:03:53', '');
INSERT INTO `sys_menu` VALUES (2012, '轮播图删除', 2008, 4, '#', '', NULL, 1, 0, 'F', '0', '0', 'portal:slideshow:remove', '#', 'admin', '2022-08-20 07:07:41', 'admin', '2022-08-27 06:04:01', '');
INSERT INTO `sys_menu` VALUES (2013, '轮播图导出', 2008, 5, '#', '', NULL, 1, 0, 'F', '0', '0', 'portal:slideshow:export', '#', 'admin', '2022-08-20 07:07:41', 'admin', '2022-08-27 06:04:12', '');

-- ----------------------------
-- Table structure for sys_notice
-- ----------------------------
DROP TABLE IF EXISTS `sys_notice`;
CREATE TABLE `sys_notice`  (
  `notice_id` int(11) NOT NULL AUTO_INCREMENT COMMENT '公告ID',
  `notice_title` varchar(50) CHARACTER SET utf8mb4 COLLATE utf8mb4_general_ci NOT NULL COMMENT '公告标题',
  `notice_type` char(1) CHARACTER SET utf8mb4 COLLATE utf8mb4_general_ci NOT NULL COMMENT '公告类型（1通知 2公告）',
  `notice_content` longblob NULL COMMENT '公告内容',
  `status` char(1) CHARACTER SET utf8mb4 COLLATE utf8mb4_general_ci NULL DEFAULT '0' COMMENT '公告状态（0正常 1关闭）',
  `create_by` varchar(64) CHARACTER SET utf8mb4 COLLATE utf8mb4_general_ci NULL DEFAULT '' COMMENT '创建者',
  `create_time` datetime(0) NULL DEFAULT NULL COMMENT '创建时间',
  `update_by` varchar(64) CHARACTER SET utf8mb4 COLLATE utf8mb4_general_ci NULL DEFAULT '' COMMENT '更新者',
  `update_time` datetime(0) NULL DEFAULT NULL COMMENT '更新时间',
  `remark` varchar(255) CHARACTER SET utf8mb4 COLLATE utf8mb4_general_ci NULL DEFAULT NULL COMMENT '备注',
  PRIMARY KEY (`notice_id`) USING BTREE
) ENGINE = InnoDB AUTO_INCREMENT = 3 CHARACTER SET = utf8mb4 COLLATE = utf8mb4_general_ci COMMENT = '通知公告表' ROW_FORMAT = Dynamic;

-- ----------------------------
-- Records of sys_notice
-- ----------------------------
INSERT INTO `sys_notice` VALUES (1, '温馨提醒：2018-07-01 新版本发布啦', '2', 0x3C703EE696B0E78988E69CACE58685E5AEB93C2F703E3C703E3C696D67207372633D2268747470733A2F2F626C6F672D647261676F6E2E6F73732D636E2D7368656E7A68656E2E616C6979756E63732E636F6D2F323032322D30352D30322F343139393436375F3230323230353032323333373236413030322E6A7067223E3C2F703E, '0', 'admin', '2022-04-10 19:22:50', 'admin', '2022-05-02 23:40:12', '管理员');
INSERT INTO `sys_notice` VALUES (2, '维护通知：2018-07-01 系统凌晨维护', '1', 0x3C703EE7BBB4E68AA4E58685E5AEB93C2F703E, '0', 'admin', '2022-04-10 19:22:50', 'admin', '2022-05-01 17:33:43', '管理员');

-- ----------------------------
-- Table structure for sys_oper_log
-- ----------------------------
DROP TABLE IF EXISTS `sys_oper_log`;
CREATE TABLE `sys_oper_log`  (
  `oper_id` bigint(20) NOT NULL AUTO_INCREMENT COMMENT '日志主键',
  `title` varchar(50) CHARACTER SET utf8mb4 COLLATE utf8mb4_general_ci NULL DEFAULT '' COMMENT '模块标题',
  `business_type` int(11) NULL DEFAULT 0 COMMENT '业务类型（0其它 1新增 2修改 3删除）',
  `method` varchar(100) CHARACTER SET utf8mb4 COLLATE utf8mb4_general_ci NULL DEFAULT '' COMMENT '方法名称',
  `request_method` varchar(10) CHARACTER SET utf8mb4 COLLATE utf8mb4_general_ci NULL DEFAULT '' COMMENT '请求方式',
  `operator_type` int(11) NULL DEFAULT 0 COMMENT '操作类别（0其它 1后台用户 2手机端用户）',
  `oper_name` varchar(50) CHARACTER SET utf8mb4 COLLATE utf8mb4_general_ci NULL DEFAULT '' COMMENT '操作人员',
  `oper_url` varchar(255) CHARACTER SET utf8mb4 COLLATE utf8mb4_general_ci NULL DEFAULT '' COMMENT '请求URL',
  `oper_ip` varchar(128) CHARACTER SET utf8mb4 COLLATE utf8mb4_general_ci NULL DEFAULT '' COMMENT '主机地址',
  `oper_location` varchar(255) CHARACTER SET utf8mb4 COLLATE utf8mb4_general_ci NULL DEFAULT '' COMMENT '操作地点',
  `oper_param` varchar(2000) CHARACTER SET utf8mb4 COLLATE utf8mb4_general_ci NULL DEFAULT '' COMMENT '请求参数',
  `json_result` varchar(2000) CHARACTER SET utf8mb4 COLLATE utf8mb4_general_ci NULL DEFAULT '' COMMENT '返回参数',
  `status` int(11) NULL DEFAULT 0 COMMENT '操作状态（0正常 1异常）',
  `error_msg` varchar(2000) CHARACTER SET utf8mb4 COLLATE utf8mb4_general_ci NULL DEFAULT '' COMMENT '错误消息',
  `oper_time` datetime(0) NULL DEFAULT NULL COMMENT '操作时间',
  PRIMARY KEY (`oper_id`) USING BTREE
) ENGINE = InnoDB AUTO_INCREMENT = 248 CHARACTER SET = utf8mb4 COLLATE = utf8mb4_general_ci COMMENT = '操作日志记录' ROW_FORMAT = Dynamic;

-- ----------------------------
-- Records of sys_oper_log
-- ----------------------------
INSERT INTO `sys_oper_log` VALUES (100, '定时任务', 2, 'com.dragon.quartz.controller.SysJobController.edit()', 'PUT', 1, 'admin', '/monitor/job', '127.0.0.1', '内网IP', '{\"jobName\":\"系统默认（无参）\",\"concurrent\":\"1\",\"remark\":\"\",\"jobGroup\":\"DEFAULT\",\"params\":{},\"cronExpression\":\"0/10 * * * * ?\",\"jobId\":1,\"createBy\":\"admin\",\"nextValidTime\":1649598500000,\"createTime\":1649589770000,\"updateBy\":\"admin\",\"invokeTarget\":\"blogTask.blogNoParams\",\"misfirePolicy\":\"3\",\"status\":\"1\"}', '{\"msg\":\"操作成功\",\"code\":200}', 0, NULL, '2022-04-10 21:48:11');
INSERT INTO `sys_oper_log` VALUES (101, '定时任务', 2, 'com.dragon.quartz.controller.SysJobController.edit()', 'PUT', 1, 'admin', '/monitor/job', '127.0.0.1', '内网IP', '{\"jobName\":\"系统默认（有参）\",\"concurrent\":\"1\",\"remark\":\"\",\"jobGroup\":\"DEFAULT\",\"params\":{},\"cronExpression\":\"0/15 * * * * ?\",\"jobId\":2,\"createBy\":\"admin\",\"nextValidTime\":1649598525000,\"createTime\":1649589770000,\"updateBy\":\"admin\",\"invokeTarget\":\"blogTask.blogParams(\'ry\')\",\"misfirePolicy\":\"3\",\"status\":\"1\"}', '{\"msg\":\"操作成功\",\"code\":200}', 0, NULL, '2022-04-10 21:48:33');
INSERT INTO `sys_oper_log` VALUES (102, '定时任务', 2, 'com.dragon.quartz.controller.SysJobController.edit()', 'PUT', 1, 'admin', '/monitor/job', '127.0.0.1', '内网IP', '{\"jobName\":\"系统默认（多参）\",\"concurrent\":\"1\",\"remark\":\"\",\"jobGroup\":\"DEFAULT\",\"params\":{},\"cronExpression\":\"0/20 * * * * ?\",\"jobId\":3,\"createBy\":\"admin\",\"nextValidTime\":1649598540000,\"createTime\":1649589770000,\"updateBy\":\"admin\",\"invokeTarget\":\"blogTask.blogMultipleParams(\'ry\', true, 2000L, 316.50D, 100)\",\"misfirePolicy\":\"3\",\"status\":\"1\"}', '{\"msg\":\"操作成功\",\"code\":200}', 0, NULL, '2022-04-10 21:48:46');
INSERT INTO `sys_oper_log` VALUES (103, '菜单管理', 2, 'com.dragon.web.controller.system.SysMenuController.edit()', 'PUT', 1, 'admin', '/system/menu', '127.0.0.1', '内网IP', '{\"visible\":\"0\",\"query\":\"\",\"icon\":\"guide\",\"orderNum\":4,\"menuName\":\"博客官网\",\"params\":{},\"parentId\":0,\"isCache\":\"0\",\"path\":\"http://dragonwen.cn\",\"children\":[],\"createTime\":1649589770000,\"updateBy\":\"admin\",\"isFrame\":\"0\",\"menuId\":4,\"menuType\":\"M\",\"perms\":\"\",\"status\":\"0\"}', '{\"msg\":\"操作成功\",\"code\":200}', 0, NULL, '2022-04-10 21:49:26');
INSERT INTO `sys_oper_log` VALUES (104, '定时任务', 2, 'com.dragon.quartz.controller.SysJobController.edit()', 'PUT', 1, 'admin', '/monitor/job', '127.0.0.1', '内网IP', '{\"jobName\":\"系统默认（有参）\",\"concurrent\":\"1\",\"remark\":\"\",\"jobGroup\":\"DEFAULT\",\"params\":{},\"cronExpression\":\"0/15 * * * * ?\",\"jobId\":2,\"createBy\":\"admin\",\"nextValidTime\":1650712605000,\"createTime\":1649589770000,\"updateBy\":\"admin\",\"invokeTarget\":\"blogTask.blogParams(\'blog\')\",\"misfirePolicy\":\"3\",\"status\":\"1\"}', '{\"msg\":\"操作成功\",\"code\":200}', 0, NULL, '2022-04-23 19:16:36');
INSERT INTO `sys_oper_log` VALUES (105, '定时任务', 2, 'com.dragon.quartz.controller.SysJobController.edit()', 'PUT', 1, 'admin', '/monitor/job', '127.0.0.1', '内网IP', '{\"jobName\":\"系统默认（多参）\",\"concurrent\":\"1\",\"remark\":\"\",\"jobGroup\":\"DEFAULT\",\"params\":{},\"cronExpression\":\"0/20 * * * * ?\",\"jobId\":3,\"createBy\":\"admin\",\"nextValidTime\":1650712620000,\"createTime\":1649589770000,\"updateBy\":\"admin\",\"invokeTarget\":\"blogTask.blogMultipleParams(\'blog\', true, 2000L, 316.50D, 100)\",\"misfirePolicy\":\"3\",\"status\":\"1\"}', '{\"msg\":\"操作成功\",\"code\":200}', 0, NULL, '2022-04-23 19:16:50');
INSERT INTO `sys_oper_log` VALUES (106, '用户管理', 2, 'com.dragon.web.controller.system.SysUserController.edit()', 'PUT', 1, 'admin', '/system/user', '127.0.0.1', '内网IP', '{\"roles\":[{\"flag\":false,\"roleId\":2,\"admin\":false,\"dataScope\":\"2\",\"params\":{},\"roleSort\":\"2\",\"deptCheckStrictly\":false,\"menuCheckStrictly\":false,\"roleKey\":\"common\",\"roleName\":\"普通角色\",\"status\":\"0\"}],\"phonenumber\":\"15666666666\",\"admin\":false,\"loginDate\":1649589770000,\"remark\":\"测试员\",\"delFlag\":\"0\",\"password\":\"\",\"updateBy\":\"admin\",\"loginIp\":\"127.0.0.1\",\"email\":\"test@qq.com\",\"nickName\":\"测试\",\"sex\":\"1\",\"avatar\":\"\",\"params\":{},\"userName\":\"ry\",\"userId\":2,\"createBy\":\"admin\",\"roleIds\":[2],\"createTime\":1649589770000,\"status\":\"0\"}', '{\"msg\":\"操作成功\",\"code\":200}', 0, NULL, '2022-05-01 15:40:23');
INSERT INTO `sys_oper_log` VALUES (107, '用户管理', 2, 'com.dragon.web.controller.system.SysUserController.edit()', 'PUT', 1, 'admin', '/system/user', '127.0.0.1', '内网IP', '{\"roles\":[{\"flag\":false,\"roleId\":2,\"admin\":false,\"dataScope\":\"2\",\"params\":{},\"roleSort\":\"2\",\"deptCheckStrictly\":false,\"menuCheckStrictly\":false,\"roleKey\":\"common\",\"roleName\":\"普通角色\",\"status\":\"0\"}],\"phonenumber\":\"15666666666\",\"admin\":false,\"loginDate\":1649589770000,\"remark\":\"测试员\",\"delFlag\":\"0\",\"password\":\"\",\"updateBy\":\"admin\",\"loginIp\":\"127.0.0.1\",\"email\":\"test@qq.com\",\"nickName\":\"测试\",\"sex\":\"0\",\"avatar\":\"\",\"params\":{},\"userName\":\"ry\",\"userId\":2,\"createBy\":\"admin\",\"roleIds\":[2],\"createTime\":1649589770000,\"status\":\"0\"}', '{\"msg\":\"操作成功\",\"code\":200}', 0, NULL, '2022-05-01 15:40:54');
INSERT INTO `sys_oper_log` VALUES (108, '用户管理', 5, 'com.dragon.web.controller.system.SysUserController.export()', 'POST', 1, 'admin', '/system/user/export', '127.0.0.1', '内网IP', '{\"admin\":false,\"params\":{}}', NULL, 0, NULL, '2022-05-01 15:46:13');
INSERT INTO `sys_oper_log` VALUES (109, '角色管理', 2, 'com.dragon.web.controller.system.SysRoleController.edit()', 'PUT', 1, 'admin', '/system/role', '127.0.0.1', '内网IP', '{\"flag\":false,\"roleId\":2,\"admin\":false,\"remark\":\"普通角色\",\"dataScope\":\"2\",\"delFlag\":\"0\",\"params\":{},\"roleSort\":\"2\",\"deptCheckStrictly\":true,\"createTime\":1649589770000,\"updateBy\":\"admin\",\"menuCheckStrictly\":true,\"roleKey\":\"common\",\"roleName\":\"普通角色\",\"menuIds\":[1,100,1001,1002,1003,1004,1005,1006,1007,101,1008,1009,1010,1011,1012,102,1013,1014,1015,1016,103,1017,1018,1019,1020,104,1021,1022,1023,1024,1025,105,1026,1027,1028,1029,1030,106,1031,1032,1033,1034,1035,107,1036,1037,1038,1039,108,500,1040,1041,1042,501,1043,1044,1045,2,109,1046,1047,1048,110,1049,1050,1051,1052,1053,1054,111,112,113,3,114,115,1055,1056,1058,1057,1059,1060,116],\"status\":\"0\"}', '{\"msg\":\"操作成功\",\"code\":200}', 0, NULL, '2022-05-01 16:04:14');
INSERT INTO `sys_oper_log` VALUES (110, '角色管理', 5, 'com.dragon.web.controller.system.SysRoleController.export()', 'POST', 1, 'admin', '/system/role/export', '127.0.0.1', '内网IP', '{\"flag\":false,\"admin\":false,\"params\":{},\"deptCheckStrictly\":false,\"menuCheckStrictly\":false}', NULL, 0, NULL, '2022-05-01 16:07:15');
INSERT INTO `sys_oper_log` VALUES (111, '角色管理', 2, 'com.dragon.web.controller.system.SysRoleController.edit()', 'PUT', 1, 'admin', '/system/role', '127.0.0.1', '内网IP', '{\"flag\":false,\"roleId\":2,\"admin\":false,\"remark\":\"普通角色\",\"delFlag\":\"0\",\"params\":{},\"roleSort\":\"2\",\"createTime\":1649589770000,\"updateBy\":\"admin\",\"menuCheckStrictly\":true,\"roleKey\":\"common\",\"roleName\":\"普通角色\",\"menuIds\":[1,100,1001,1002,1003,1004,1005,1006,1007,101,1008,1009,1010,1011,1012,102,1013,1014,1015,1016,103,1017,1018,1019,1020,104,1021,1022,1023,1024,1025,105,1026,1027,1028,1029,1030,106,1031,1032,1033,1034,1035,107,1036,1037,1038,1039,108,500,1040,1041,1042,501,1043,1044,1045,2,109,1046,1047,1048,110,1049,1050,1051,1052,1053,1054,111,112,113,3,114,115,1055,1056,1058,1057,1059,1060,116,4],\"status\":\"0\"}', '{\"msg\":\"操作成功\",\"code\":200}', 0, NULL, '2022-05-01 16:30:46');
INSERT INTO `sys_oper_log` VALUES (112, '菜单管理', 3, 'com.dragon.web.controller.system.SysMenuController.remove()', 'DELETE', 1, 'admin', '/system/menu/103', '127.0.0.1', '内网IP', '{menuId=103}', '{\"msg\":\"存在子菜单,不允许删除\",\"code\":500}', 0, NULL, '2022-05-01 17:09:06');
INSERT INTO `sys_oper_log` VALUES (113, '菜单管理', 3, 'com.dragon.web.controller.system.SysMenuController.remove()', 'DELETE', 1, 'admin', '/system/menu/1020', '127.0.0.1', '内网IP', '{menuId=1020}', '{\"msg\":\"菜单已分配,不允许删除\",\"code\":500}', 0, NULL, '2022-05-01 17:09:51');
INSERT INTO `sys_oper_log` VALUES (114, '角色管理', 2, 'com.dragon.web.controller.system.SysRoleController.edit()', 'PUT', 1, 'admin', '/system/role', '127.0.0.1', '内网IP', '{\"flag\":false,\"roleId\":2,\"admin\":false,\"remark\":\"普通角色\",\"delFlag\":\"0\",\"params\":{},\"roleSort\":\"2\",\"createTime\":1649589770000,\"updateBy\":\"admin\",\"menuCheckStrictly\":true,\"roleKey\":\"common\",\"roleName\":\"普通角色\",\"menuIds\":[1,100,1001,1002,1003,1004,1005,1006,1007,101,1008,1009,1010,1011,1012,102,1013,1014,1015,1016,105,1026,1027,1028,1029,1030,106,1031,1032,1033,1034,1035,107,1036,1037,1038,1039,108,500,1040,1041,1042,501,1043,1044,1045,2,109,1046,1047,1048,110,1049,1050,1051,1052,1053,1054,111,112,113,3,114,115,1055,1056,1058,1057,1059,1060,116,4],\"status\":\"0\"}', '{\"msg\":\"操作成功\",\"code\":200}', 0, NULL, '2022-05-01 17:10:26');
INSERT INTO `sys_oper_log` VALUES (115, '菜单管理', 3, 'com.dragon.web.controller.system.SysMenuController.remove()', 'DELETE', 1, 'admin', '/system/menu/1020', '127.0.0.1', '内网IP', '{menuId=1020}', '{\"msg\":\"操作成功\",\"code\":200}', 0, NULL, '2022-05-01 17:11:03');
INSERT INTO `sys_oper_log` VALUES (116, '菜单管理', 3, 'com.dragon.web.controller.system.SysMenuController.remove()', 'DELETE', 1, 'admin', '/system/menu/1019', '127.0.0.1', '内网IP', '{menuId=1019}', '{\"msg\":\"操作成功\",\"code\":200}', 0, NULL, '2022-05-01 17:11:06');
INSERT INTO `sys_oper_log` VALUES (117, '菜单管理', 3, 'com.dragon.web.controller.system.SysMenuController.remove()', 'DELETE', 1, 'admin', '/system/menu/1018', '127.0.0.1', '内网IP', '{menuId=1018}', '{\"msg\":\"操作成功\",\"code\":200}', 0, NULL, '2022-05-01 17:11:10');
INSERT INTO `sys_oper_log` VALUES (118, '菜单管理', 3, 'com.dragon.web.controller.system.SysMenuController.remove()', 'DELETE', 1, 'admin', '/system/menu/1017', '127.0.0.1', '内网IP', '{menuId=1017}', '{\"msg\":\"操作成功\",\"code\":200}', 0, NULL, '2022-05-01 17:11:13');
INSERT INTO `sys_oper_log` VALUES (119, '菜单管理', 3, 'com.dragon.web.controller.system.SysMenuController.remove()', 'DELETE', 1, 'admin', '/system/menu/103', '127.0.0.1', '内网IP', '{menuId=103}', '{\"msg\":\"操作成功\",\"code\":200}', 0, NULL, '2022-05-01 17:11:17');
INSERT INTO `sys_oper_log` VALUES (120, '菜单管理', 3, 'com.dragon.web.controller.system.SysMenuController.remove()', 'DELETE', 1, 'admin', '/system/menu/1025', '127.0.0.1', '内网IP', '{menuId=1025}', '{\"msg\":\"操作成功\",\"code\":200}', 0, NULL, '2022-05-01 17:11:23');
INSERT INTO `sys_oper_log` VALUES (121, '菜单管理', 3, 'com.dragon.web.controller.system.SysMenuController.remove()', 'DELETE', 1, 'admin', '/system/menu/1024', '127.0.0.1', '内网IP', '{menuId=1024}', '{\"msg\":\"操作成功\",\"code\":200}', 0, NULL, '2022-05-01 17:11:26');
INSERT INTO `sys_oper_log` VALUES (122, '菜单管理', 3, 'com.dragon.web.controller.system.SysMenuController.remove()', 'DELETE', 1, 'admin', '/system/menu/1023', '127.0.0.1', '内网IP', '{menuId=1023}', '{\"msg\":\"操作成功\",\"code\":200}', 0, NULL, '2022-05-01 17:11:29');
INSERT INTO `sys_oper_log` VALUES (123, '菜单管理', 3, 'com.dragon.web.controller.system.SysMenuController.remove()', 'DELETE', 1, 'admin', '/system/menu/1022', '127.0.0.1', '内网IP', '{menuId=1022}', '{\"msg\":\"操作成功\",\"code\":200}', 0, NULL, '2022-05-01 17:11:33');
INSERT INTO `sys_oper_log` VALUES (124, '菜单管理', 3, 'com.dragon.web.controller.system.SysMenuController.remove()', 'DELETE', 1, 'admin', '/system/menu/1021', '127.0.0.1', '内网IP', '{menuId=1021}', '{\"msg\":\"操作成功\",\"code\":200}', 0, NULL, '2022-05-01 17:11:37');
INSERT INTO `sys_oper_log` VALUES (125, '菜单管理', 3, 'com.dragon.web.controller.system.SysMenuController.remove()', 'DELETE', 1, 'admin', '/system/menu/104', '127.0.0.1', '内网IP', '{menuId=104}', '{\"msg\":\"操作成功\",\"code\":200}', 0, NULL, '2022-05-01 17:11:46');
INSERT INTO `sys_oper_log` VALUES (126, '角色管理', 5, 'com.dragon.web.controller.system.SysRoleController.export()', 'POST', 1, 'admin', '/system/role/export', '127.0.0.1', '内网IP', '{\"flag\":false,\"admin\":false,\"params\":{},\"menuCheckStrictly\":false}', NULL, 0, NULL, '2022-05-01 17:20:08');
INSERT INTO `sys_oper_log` VALUES (127, '通知公告', 2, 'com.dragon.web.controller.system.SysNoticeController.edit()', 'PUT', 1, 'admin', '/system/notice', '127.0.0.1', '内网IP', '{\"noticeContent\":\"新版本内容\",\"createBy\":\"admin\",\"createTime\":1649589770000,\"updateBy\":\"admin\",\"noticeType\":\"2\",\"remark\":\"管理员\",\"params\":{},\"noticeId\":1,\"noticeTitle\":\"温馨提醒：2018-07-01 新版本发布啦\",\"status\":\"0\"}', '{\"msg\":\"操作成功\",\"code\":200}', 0, NULL, '2022-05-01 17:33:36');
INSERT INTO `sys_oper_log` VALUES (128, '通知公告', 2, 'com.dragon.web.controller.system.SysNoticeController.edit()', 'PUT', 1, 'admin', '/system/notice', '127.0.0.1', '内网IP', '{\"noticeContent\":\"<p>维护内容</p>\",\"createBy\":\"admin\",\"createTime\":1649589770000,\"updateBy\":\"admin\",\"noticeType\":\"1\",\"remark\":\"管理员\",\"params\":{},\"noticeId\":2,\"noticeTitle\":\"维护通知：2018-07-01 系统凌晨维护\",\"status\":\"0\"}', '{\"msg\":\"操作成功\",\"code\":200}', 0, NULL, '2022-05-01 17:33:43');
INSERT INTO `sys_oper_log` VALUES (129, '用户头像', 2, 'com.dragon.web.controller.system.SysProfileController.avatar()', 'POST', 1, 'admin', '/system/user/profile/avatar', '127.0.0.1', '内网IP', '', NULL, 1, 'String index out of range: -1', '2022-05-02 14:49:48');
INSERT INTO `sys_oper_log` VALUES (130, '用户头像', 2, 'com.dragon.web.controller.system.SysProfileController.avatar()', 'POST', 1, 'admin', '/system/user/profile/avatar', '127.0.0.1', '内网IP', '', NULL, 1, 'String index out of range: -1', '2022-05-02 14:54:24');
INSERT INTO `sys_oper_log` VALUES (131, '用户头像', 2, 'com.dragon.web.controller.system.SysProfileController.avatar()', 'POST', 1, 'admin', '/system/user/profile/avatar', '127.0.0.1', '内网IP', '', NULL, 1, '文件上传失败！', '2022-05-02 15:16:12');
INSERT INTO `sys_oper_log` VALUES (132, '用户头像', 2, 'com.dragon.web.controller.system.SysProfileController.avatar()', 'POST', 1, 'admin', '/system/user/profile/avatar', '127.0.0.1', '内网IP', '', '{\"msg\":\"上传图片异常，请联系管理员\",\"code\":500}', 0, NULL, '2022-05-02 17:12:23');
INSERT INTO `sys_oper_log` VALUES (133, '用户头像', 2, 'com.dragon.web.controller.system.SysProfileController.avatar()', 'POST', 1, 'admin', '/system/user/profile/avatar', '127.0.0.1', '内网IP', '', '{\"msg\":\"上传图片异常，请联系管理员\",\"code\":500}', 0, NULL, '2022-05-02 19:09:11');
INSERT INTO `sys_oper_log` VALUES (134, '用户头像', 2, 'com.dragon.web.controller.system.SysProfileController.avatar()', 'POST', 1, 'admin', '/system/user/profile/avatar', '127.0.0.1', '内网IP', '', '{\"msg\":\"上传图片异常，请联系管理员\",\"code\":500}', 0, NULL, '2022-05-02 19:10:22');
INSERT INTO `sys_oper_log` VALUES (135, '用户头像', 2, 'com.dragon.web.controller.system.SysProfileController.avatar()', 'POST', 1, 'admin', '/system/user/profile/avatar', '127.0.0.1', '内网IP', '', NULL, 1, 'nested exception is org.apache.ibatis.type.TypeException: Could not set parameters for mapping: ParameterMapping{property=\'avatarId\', mode=IN, javaType=class java.lang.String, jdbcType=null, numericScale=null, resultMapId=\'null\', jdbcTypeName=\'null\', expression=\'null\'}. Cause: org.apache.ibatis.type.TypeException: Error setting non null for parameter #1 with JdbcType null . Try setting a different JdbcType for this parameter or a different configuration property. Cause: java.lang.ClassCastException: java.lang.Long cannot be cast to java.lang.String', '2022-05-02 19:14:19');
INSERT INTO `sys_oper_log` VALUES (136, '用户头像', 2, 'com.dragon.web.controller.system.SysProfileController.avatar()', 'POST', 1, 'admin', '/system/user/profile/avatar', '127.0.0.1', '内网IP', '', NULL, 1, 'nested exception is org.apache.ibatis.type.TypeException: Could not set parameters for mapping: ParameterMapping{property=\'avatarId\', mode=IN, javaType=class java.lang.String, jdbcType=BIGINT, numericScale=null, resultMapId=\'null\', jdbcTypeName=\'null\', expression=\'null\'}. Cause: org.apache.ibatis.type.TypeException: Error setting non null for parameter #1 with JdbcType BIGINT . Try setting a different JdbcType for this parameter or a different configuration property. Cause: java.lang.ClassCastException: java.lang.Long cannot be cast to java.lang.String', '2022-05-02 21:56:45');
INSERT INTO `sys_oper_log` VALUES (137, '用户头像', 2, 'com.dragon.web.controller.system.SysProfileController.avatar()', 'POST', 1, 'admin', '/system/user/profile/avatar', '127.0.0.1', '内网IP', '', NULL, 1, '\r\n### Error updating database.  Cause: java.sql.SQLSyntaxErrorException: Unknown column \'avatarId\' in \'field list\'\r\n### The error may exist in file [D:\\Project\\idea-workspace\\my_blog\\blog-system\\target\\classes\\mapper\\system\\SysUserMapper.xml]\r\n### The error may involve com.dragon.system.mapper.SysUserMapper.updateUserAvatar-Inline\r\n### The error occurred while setting parameters\r\n### SQL: update sys_user set avatarId = ? where user_name = ?\r\n### Cause: java.sql.SQLSyntaxErrorException: Unknown column \'avatarId\' in \'field list\'\n; bad SQL grammar []; nested exception is java.sql.SQLSyntaxErrorException: Unknown column \'avatarId\' in \'field list\'', '2022-05-02 21:59:39');
INSERT INTO `sys_oper_log` VALUES (138, '用户头像', 2, 'com.dragon.web.controller.system.SysProfileController.avatar()', 'POST', 1, 'admin', '/system/user/profile/avatar', '127.0.0.1', '内网IP', '', '{\"msg\":\"操作成功\",\"imgUrl\":\"https://blog-dragon.oss-cn-shenzhen.aliyuncs.com/2022-05-02/blob_20220502220235A001.jpeg\",\"code\":200}', 0, NULL, '2022-05-02 22:02:50');
INSERT INTO `sys_oper_log` VALUES (139, '用户头像', 2, 'com.dragon.web.controller.system.SysProfileController.avatar()', 'POST', 1, 'admin', '/system/user/profile/avatar', '127.0.0.1', '内网IP', '', '{\"msg\":\"操作成功\",\"imgUrl\":\"https://blog-dragon.oss-cn-shenzhen.aliyuncs.com/2022-05-02/blob_20220502221654A001.jpeg\",\"code\":200}', 0, NULL, '2022-05-02 22:17:35');
INSERT INTO `sys_oper_log` VALUES (140, '用户头像', 2, 'com.dragon.web.controller.system.SysProfileController.avatar()', 'POST', 1, 'admin', '/system/user/profile/avatar', '127.0.0.1', '内网IP', '', '{\"msg\":\"操作成功\",\"imgUrl\":\"https://blog-dragon.oss-cn-shenzhen.aliyuncs.com/2022-05-02/blob_20220502221757A002.jpeg\",\"code\":200}', 0, NULL, '2022-05-02 22:17:57');
INSERT INTO `sys_oper_log` VALUES (141, '用户头像', 2, 'com.dragon.web.controller.system.SysProfileController.avatar()', 'POST', 1, 'admin', '/system/user/profile/avatar', '127.0.0.1', '内网IP', '', '{\"msg\":\"操作成功\",\"imgUrl\":\"https://blog-dragon.oss-cn-shenzhen.aliyuncs.com/2022-05-02/blob_20220502225048A003.jpeg\",\"code\":200}', 0, NULL, '2022-05-02 22:50:48');
INSERT INTO `sys_oper_log` VALUES (142, '通知公告', 2, 'com.dragon.web.controller.system.SysNoticeController.edit()', 'PUT', 1, 'admin', '/system/notice', '127.0.0.1', '内网IP', '{\"noticeContent\":\"<p>新版本内容</p><p><img src=\\\"/dev-api/profile/upload/2022/05/02/4199467_20220502231900A006.jpg\\\"></p>\",\"createBy\":\"admin\",\"createTime\":1649589770000,\"updateBy\":\"admin\",\"noticeType\":\"2\",\"remark\":\"管理员\",\"updateTime\":1651397616000,\"params\":{},\"noticeId\":1,\"noticeTitle\":\"温馨提醒：2018-07-01 新版本发布啦\",\"status\":\"0\"}', '{\"msg\":\"操作成功\",\"code\":200}', 0, NULL, '2022-05-02 23:19:02');
INSERT INTO `sys_oper_log` VALUES (143, '通知公告', 2, 'com.dragon.web.controller.system.SysNoticeController.edit()', 'PUT', 1, 'admin', '/system/notice', '127.0.0.1', '内网IP', '{\"noticeContent\":\"<p>新版本内容</p><p><img src=\\\"https://blog-dragon.oss-cn-shenzhen.aliyuncs.com/2022-05-02/4199467_20220502233726A002.jpg\\\"></p>\",\"createBy\":\"admin\",\"createTime\":1649589770000,\"updateBy\":\"admin\",\"noticeType\":\"2\",\"remark\":\"管理员\",\"updateTime\":1651504742000,\"params\":{},\"noticeId\":1,\"noticeTitle\":\"温馨提醒：2018-07-01 新版本发布啦\",\"status\":\"0\"}', '{\"msg\":\"操作成功\",\"code\":200}', 0, NULL, '2022-05-02 23:37:36');
INSERT INTO `sys_oper_log` VALUES (144, '通知公告', 2, 'com.dragon.web.controller.system.SysNoticeController.edit()', 'PUT', 1, 'admin', '/system/notice', '127.0.0.1', '内网IP', '{\"noticeContent\":\"<p>新版本内容</p><p><img src=\\\"https://blog-dragon.oss-cn-shenzhen.aliyuncs.com/2022-05-02/4199467_20220502233726A002.jpg\\\"></p>\",\"createBy\":\"admin\",\"createTime\":1649589770000,\"updateBy\":\"admin\",\"noticeType\":\"2\",\"remark\":\"管理员\",\"updateTime\":1651505856000,\"params\":{},\"noticeId\":1,\"noticeTitle\":\"温馨提醒：2018-07-01 新版本发布啦\",\"status\":\"0\"}', '{\"msg\":\"操作成功\",\"code\":200}', 0, NULL, '2022-05-02 23:40:12');
INSERT INTO `sys_oper_log` VALUES (145, '用户管理', 1, 'com.dragon.web.controller.system.SysUserController.add()', 'POST', 1, 'admin', '/system/user', '127.0.0.1', '内网IP', '{\"phonenumber\":\"18475536452\",\"admin\":false,\"password\":\"123456\",\"email\":\"18475536452@163.com\",\"nickName\":\"测试1\",\"sex\":\"0\",\"params\":{},\"userName\":\"test\",\"roleIds\":[2],\"status\":\"0\"}', '{\"msg\":\"新增用户\'test\'失败，登录账号已存在\",\"code\":500}', 0, NULL, '2022-05-02 23:50:38');
INSERT INTO `sys_oper_log` VALUES (146, '用户头像', 2, 'com.dragon.web.controller.system.SysProfileController.avatar()', 'POST', 1, 'admin', '/system/user/profile/avatar', '127.0.0.1', '内网IP', '', '{\"msg\":\"操作成功\",\"imgUrl\":\"https://blog-dragon.oss-cn-shenzhen.aliyuncs.com/2022-05-03/blob_20220503000127A001.jpeg\",\"code\":200}', 0, NULL, '2022-05-03 00:01:28');
INSERT INTO `sys_oper_log` VALUES (147, '参数管理', 2, 'com.dragon.web.controller.system.SysConfigController.edit()', 'PUT', 1, 'admin', '/system/config', '127.0.0.1', '内网IP', '{\"configName\":\"账号自助-是否开启用户注册功能\",\"configKey\":\"sys.account.registerUser\",\"createBy\":\"admin\",\"createTime\":1649589770000,\"updateBy\":\"admin\",\"configId\":5,\"remark\":\"是否开启注册用户功能（true开启，false关闭）\",\"configType\":\"Y\",\"configValue\":\"true\",\"params\":{}}', '{\"msg\":\"操作成功\",\"code\":200}', 0, NULL, '2022-05-03 22:45:55');
INSERT INTO `sys_oper_log` VALUES (148, '参数管理', 9, 'com.dragon.web.controller.system.SysConfigController.refreshCache()', 'DELETE', 1, 'admin', '/system/config/refreshCache', '127.0.0.1', '内网IP', '{}', '{\"msg\":\"操作成功\",\"code\":200}', 0, NULL, '2022-05-03 22:50:43');
INSERT INTO `sys_oper_log` VALUES (149, '菜单管理', 1, 'com.dragon.web.controller.system.SysMenuController.add()', 'POST', 1, 'admin', '/system/menu', '127.0.0.1', '内网IP', '{\"visible\":\"0\",\"icon\":\"form\",\"orderNum\":1,\"menuName\":\"网站管理\",\"params\":{},\"parentId\":0,\"isCache\":\"0\",\"path\":\"portal\",\"createBy\":\"admin\",\"children\":[],\"isFrame\":\"1\",\"menuType\":\"M\",\"status\":\"0\"}', '{\"msg\":\"操作成功\",\"code\":200}', 0, NULL, '2022-05-03 23:11:42');
INSERT INTO `sys_oper_log` VALUES (150, '菜单管理', 2, 'com.dragon.web.controller.system.SysMenuController.edit()', 'PUT', 1, 'admin', '/system/menu', '127.0.0.1', '内网IP', '{\"visible\":\"0\",\"query\":\"\",\"icon\":\"system\",\"orderNum\":2,\"menuName\":\"系统管理\",\"params\":{},\"parentId\":0,\"isCache\":\"0\",\"path\":\"system\",\"children\":[],\"createTime\":1649589770000,\"updateBy\":\"admin\",\"isFrame\":\"1\",\"menuId\":1,\"menuType\":\"M\",\"perms\":\"\",\"status\":\"0\"}', '{\"msg\":\"操作成功\",\"code\":200}', 0, NULL, '2022-05-03 23:11:56');
INSERT INTO `sys_oper_log` VALUES (151, '菜单管理', 2, 'com.dragon.web.controller.system.SysMenuController.edit()', 'PUT', 1, 'admin', '/system/menu', '127.0.0.1', '内网IP', '{\"visible\":\"0\",\"query\":\"\",\"icon\":\"monitor\",\"orderNum\":3,\"menuName\":\"系统监控\",\"params\":{},\"parentId\":0,\"isCache\":\"0\",\"path\":\"monitor\",\"children\":[],\"createTime\":1649589770000,\"updateBy\":\"admin\",\"isFrame\":\"1\",\"menuId\":2,\"menuType\":\"M\",\"perms\":\"\",\"status\":\"0\"}', '{\"msg\":\"操作成功\",\"code\":200}', 0, NULL, '2022-05-03 23:12:04');
INSERT INTO `sys_oper_log` VALUES (152, '菜单管理', 2, 'com.dragon.web.controller.system.SysMenuController.edit()', 'PUT', 1, 'admin', '/system/menu', '127.0.0.1', '内网IP', '{\"visible\":\"0\",\"query\":\"\",\"icon\":\"tool\",\"orderNum\":4,\"menuName\":\"系统工具\",\"params\":{},\"parentId\":0,\"isCache\":\"0\",\"path\":\"tool\",\"children\":[],\"createTime\":1649589770000,\"updateBy\":\"admin\",\"isFrame\":\"1\",\"menuId\":3,\"menuType\":\"M\",\"perms\":\"\",\"status\":\"0\"}', '{\"msg\":\"操作成功\",\"code\":200}', 0, NULL, '2022-05-03 23:12:09');
INSERT INTO `sys_oper_log` VALUES (153, '菜单管理', 2, 'com.dragon.web.controller.system.SysMenuController.edit()', 'PUT', 1, 'admin', '/system/menu', '127.0.0.1', '内网IP', '{\"visible\":\"0\",\"query\":\"\",\"icon\":\"guide\",\"orderNum\":5,\"menuName\":\"博客官网\",\"params\":{},\"parentId\":0,\"isCache\":\"0\",\"path\":\"http://dragonwen.cn\",\"children\":[],\"createTime\":1649589770000,\"updateBy\":\"admin\",\"isFrame\":\"0\",\"menuId\":4,\"menuType\":\"M\",\"perms\":\"\",\"status\":\"0\"}', '{\"msg\":\"操作成功\",\"code\":200}', 0, NULL, '2022-05-03 23:12:15');
INSERT INTO `sys_oper_log` VALUES (154, '菜单管理', 2, 'com.dragon.web.controller.system.SysMenuController.edit()', 'PUT', 1, 'admin', '/system/menu', '127.0.0.1', '内网IP', '{\"visible\":\"0\",\"icon\":\"portal-manage\",\"orderNum\":1,\"menuName\":\"网站管理\",\"params\":{},\"parentId\":0,\"isCache\":\"0\",\"path\":\"portal\",\"children\":[],\"createTime\":1651590702000,\"updateBy\":\"admin\",\"isFrame\":\"1\",\"menuId\":2000,\"menuType\":\"M\",\"perms\":\"\",\"status\":\"0\"}', '{\"msg\":\"操作成功\",\"code\":200}', 0, NULL, '2022-05-08 21:42:00');
INSERT INTO `sys_oper_log` VALUES (155, '代码生成', 6, 'com.dragon.generator.controller.GenController.importTableSave()', 'POST', 1, 'admin', '/tool/gen/importTable', '127.0.0.1', '内网IP', 'portal_article', '{\"msg\":\"操作成功\",\"code\":200}', 0, NULL, '2022-05-08 21:45:47');
INSERT INTO `sys_oper_log` VALUES (156, '字典类型', 1, 'com.dragon.web.controller.system.SysDictTypeController.add()', 'POST', 1, 'admin', '/system/dict/type', '127.0.0.1', '内网IP', '{\"createBy\":\"admin\",\"dictName\":\"文章类型\",\"remark\":\"文章类型列表\",\"params\":{},\"dictType\":\"portal_article_type\",\"status\":\"0\"}', '{\"msg\":\"操作成功\",\"code\":200}', 0, NULL, '2022-05-08 21:48:48');
INSERT INTO `sys_oper_log` VALUES (157, '字典数据', 1, 'com.dragon.web.controller.system.SysDictDataController.add()', 'POST', 1, 'admin', '/system/dict/data', '127.0.0.1', '内网IP', '{\"dictValue\":\"1\",\"listClass\":\"default\",\"dictSort\":1,\"remark\":\"文章类型公开\",\"params\":{},\"dictType\":\"portal_article_type\",\"dictLabel\":\"原创\",\"createBy\":\"admin\",\"default\":false,\"status\":\"0\"}', '{\"msg\":\"操作成功\",\"code\":200}', 0, NULL, '2022-05-08 21:50:37');
INSERT INTO `sys_oper_log` VALUES (158, '字典数据', 1, 'com.dragon.web.controller.system.SysDictDataController.add()', 'POST', 1, 'admin', '/system/dict/data', '127.0.0.1', '内网IP', '{\"dictValue\":\"2\",\"listClass\":\"default\",\"dictSort\":2,\"remark\":\"文章类型转载\",\"params\":{},\"dictType\":\"portal_article_type\",\"dictLabel\":\"转载\",\"createBy\":\"admin\",\"default\":false,\"status\":\"0\"}', '{\"msg\":\"操作成功\",\"code\":200}', 0, NULL, '2022-05-08 21:50:56');
INSERT INTO `sys_oper_log` VALUES (159, '字典数据', 1, 'com.dragon.web.controller.system.SysDictDataController.add()', 'POST', 1, 'admin', '/system/dict/data', '127.0.0.1', '内网IP', '{\"dictValue\":\"3\",\"listClass\":\"default\",\"dictSort\":3,\"remark\":\"文章类型翻译\",\"params\":{},\"dictType\":\"portal_article_type\",\"dictLabel\":\"翻译\",\"createBy\":\"admin\",\"default\":false,\"status\":\"0\"}', '{\"msg\":\"操作成功\",\"code\":200}', 0, NULL, '2022-05-08 21:51:17');
INSERT INTO `sys_oper_log` VALUES (160, '字典类型', 1, 'com.dragon.web.controller.system.SysDictTypeController.add()', 'POST', 1, 'admin', '/system/dict/type', '127.0.0.1', '内网IP', '{\"createBy\":\"admin\",\"dictName\":\"文章发布形式\",\"remark\":\"文章发布形式列表\",\"params\":{},\"dictType\":\"portal_article_publish_type\",\"status\":\"0\"}', '{\"msg\":\"操作成功\",\"code\":200}', 0, NULL, '2022-05-08 21:53:27');
INSERT INTO `sys_oper_log` VALUES (161, '字典数据', 1, 'com.dragon.web.controller.system.SysDictDataController.add()', 'POST', 1, 'admin', '/system/dict/data', '127.0.0.1', '内网IP', '{\"dictValue\":\"1\",\"listClass\":\"default\",\"dictSort\":1,\"remark\":\"文章发布形式公开\",\"params\":{},\"dictType\":\"portal_article_publish_type\",\"dictLabel\":\"公开\",\"createBy\":\"admin\",\"default\":false,\"status\":\"0\"}', '{\"msg\":\"操作成功\",\"code\":200}', 0, NULL, '2022-05-08 21:54:23');
INSERT INTO `sys_oper_log` VALUES (162, '字典数据', 1, 'com.dragon.web.controller.system.SysDictDataController.add()', 'POST', 1, 'admin', '/system/dict/data', '127.0.0.1', '内网IP', '{\"dictValue\":\"2\",\"listClass\":\"default\",\"dictSort\":2,\"remark\":\"文章发布形式私密\",\"params\":{},\"dictType\":\"portal_article_publish_type\",\"dictLabel\":\"私密\",\"createBy\":\"admin\",\"default\":false,\"status\":\"0\"}', '{\"msg\":\"操作成功\",\"code\":200}', 0, NULL, '2022-05-08 21:54:51');
INSERT INTO `sys_oper_log` VALUES (163, '字典数据', 1, 'com.dragon.web.controller.system.SysDictDataController.add()', 'POST', 1, 'admin', '/system/dict/data', '127.0.0.1', '内网IP', '{\"dictValue\":\"3\",\"listClass\":\"default\",\"dictSort\":3,\"remark\":\"文章发布形式VIP可见\",\"params\":{},\"dictType\":\"portal_article_publish_type\",\"dictLabel\":\"VIP可见\",\"createBy\":\"admin\",\"default\":false,\"status\":\"0\"}', '{\"msg\":\"操作成功\",\"code\":200}', 0, NULL, '2022-05-08 21:55:34');
INSERT INTO `sys_oper_log` VALUES (164, '字典类型', 1, 'com.dragon.web.controller.system.SysDictTypeController.add()', 'POST', 1, 'admin', '/system/dict/type', '127.0.0.1', '内网IP', '{\"createBy\":\"admin\",\"dictName\":\"文章内容等级\",\"remark\":\"文章内容等级列表\",\"params\":{},\"dictType\":\"portal_article_content_level\",\"status\":\"0\"}', '{\"msg\":\"操作成功\",\"code\":200}', 0, NULL, '2022-05-08 21:56:27');
INSERT INTO `sys_oper_log` VALUES (165, '字典数据', 1, 'com.dragon.web.controller.system.SysDictDataController.add()', 'POST', 1, 'admin', '/system/dict/data', '127.0.0.1', '内网IP', '{\"dictValue\":\"1\",\"listClass\":\"default\",\"dictSort\":1,\"remark\":\"文章内容等级初级\",\"params\":{},\"dictType\":\"portal_article_content_level\",\"dictLabel\":\"初级\",\"createBy\":\"admin\",\"default\":false,\"status\":\"0\"}', '{\"msg\":\"操作成功\",\"code\":200}', 0, NULL, '2022-05-08 21:57:48');
INSERT INTO `sys_oper_log` VALUES (166, '字典数据', 1, 'com.dragon.web.controller.system.SysDictDataController.add()', 'POST', 1, 'admin', '/system/dict/data', '127.0.0.1', '内网IP', '{\"dictValue\":\"2\",\"listClass\":\"default\",\"dictSort\":2,\"remark\":\"文章内容等级中级\",\"params\":{},\"dictType\":\"portal_article_content_level\",\"dictLabel\":\"中级\",\"createBy\":\"admin\",\"default\":false,\"status\":\"0\"}', '{\"msg\":\"操作成功\",\"code\":200}', 0, NULL, '2022-05-08 21:58:03');
INSERT INTO `sys_oper_log` VALUES (167, '字典数据', 1, 'com.dragon.web.controller.system.SysDictDataController.add()', 'POST', 1, 'admin', '/system/dict/data', '127.0.0.1', '内网IP', '{\"dictValue\":\"3\",\"listClass\":\"default\",\"dictSort\":3,\"remark\":\"文章内容等级高级\",\"params\":{},\"dictType\":\"portal_article_content_level\",\"dictLabel\":\"高级\",\"createBy\":\"admin\",\"default\":false,\"status\":\"0\"}', '{\"msg\":\"操作成功\",\"code\":200}', 0, NULL, '2022-05-08 21:58:20');
INSERT INTO `sys_oper_log` VALUES (168, '字典类型', 1, 'com.dragon.web.controller.system.SysDictTypeController.add()', 'POST', 1, 'admin', '/system/dict/type', '127.0.0.1', '内网IP', '{\"createBy\":\"admin\",\"dictName\":\"文章状态\",\"remark\":\"文章状态列表\",\"params\":{},\"dictType\":\"portal_article_status\",\"status\":\"0\"}', '{\"msg\":\"操作成功\",\"code\":200}', 0, NULL, '2022-05-08 21:59:32');
INSERT INTO `sys_oper_log` VALUES (169, '字典数据', 1, 'com.dragon.web.controller.system.SysDictDataController.add()', 'POST', 1, 'admin', '/system/dict/data', '127.0.0.1', '内网IP', '{\"dictValue\":\"0\",\"listClass\":\"default\",\"dictSort\":0,\"remark\":\"文章状态已发布\",\"params\":{},\"dictType\":\"portal_article_status\",\"dictLabel\":\"已发布\",\"createBy\":\"admin\",\"default\":false,\"status\":\"0\"}', '{\"msg\":\"操作成功\",\"code\":200}', 0, NULL, '2022-05-08 22:00:52');
INSERT INTO `sys_oper_log` VALUES (170, '字典数据', 1, 'com.dragon.web.controller.system.SysDictDataController.add()', 'POST', 1, 'admin', '/system/dict/data', '127.0.0.1', '内网IP', '{\"dictValue\":\"已删除\",\"listClass\":\"default\",\"dictSort\":1,\"remark\":\"文章状态已删除\",\"params\":{},\"dictType\":\"portal_article_status\",\"dictLabel\":\"删除\",\"createBy\":\"admin\",\"default\":false,\"status\":\"0\"}', '{\"msg\":\"操作成功\",\"code\":200}', 0, NULL, '2022-05-08 22:01:40');
INSERT INTO `sys_oper_log` VALUES (171, '字典数据', 2, 'com.dragon.web.controller.system.SysDictDataController.edit()', 'PUT', 1, 'admin', '/system/dict/data', '127.0.0.1', '内网IP', '{\"dictValue\":\"1\",\"listClass\":\"default\",\"dictSort\":1,\"remark\":\"文章状态已删除\",\"params\":{},\"dictType\":\"portal_article_status\",\"dictLabel\":\"已删除\",\"createBy\":\"admin\",\"default\":false,\"isDefault\":\"N\",\"createTime\":1652018500000,\"dictCode\":110,\"updateBy\":\"admin\",\"status\":\"0\"}', '{\"msg\":\"操作成功\",\"code\":200}', 0, NULL, '2022-05-08 22:02:19');
INSERT INTO `sys_oper_log` VALUES (172, '字典数据', 1, 'com.dragon.web.controller.system.SysDictDataController.add()', 'POST', 1, 'admin', '/system/dict/data', '127.0.0.1', '内网IP', '{\"dictValue\":\"2\",\"listClass\":\"default\",\"dictSort\":0,\"remark\":\"文章状态草稿\",\"params\":{},\"dictType\":\"portal_article_status\",\"dictLabel\":\"草稿\",\"createBy\":\"admin\",\"default\":false,\"status\":\"0\"}', '{\"msg\":\"操作成功\",\"code\":200}', 0, NULL, '2022-05-08 22:03:14');
INSERT INTO `sys_oper_log` VALUES (173, '字典数据', 2, 'com.dragon.web.controller.system.SysDictDataController.edit()', 'PUT', 1, 'admin', '/system/dict/data', '127.0.0.1', '内网IP', '{\"dictValue\":\"2\",\"listClass\":\"default\",\"dictSort\":2,\"remark\":\"文章状态草稿\",\"params\":{},\"dictType\":\"portal_article_status\",\"dictLabel\":\"草稿\",\"createBy\":\"admin\",\"default\":false,\"isDefault\":\"N\",\"createTime\":1652018594000,\"dictCode\":111,\"updateBy\":\"admin\",\"status\":\"0\"}', '{\"msg\":\"操作成功\",\"code\":200}', 0, NULL, '2022-05-08 22:03:24');
INSERT INTO `sys_oper_log` VALUES (174, '字典类型', 9, 'com.dragon.web.controller.system.SysDictTypeController.refreshCache()', 'DELETE', 1, 'admin', '/system/dict/type/refreshCache', '127.0.0.1', '内网IP', '{}', '{\"msg\":\"操作成功\",\"code\":200}', 0, NULL, '2022-05-08 22:03:36');
INSERT INTO `sys_oper_log` VALUES (175, '代码生成', 2, 'com.dragon.generator.controller.GenController.synchDb()', 'GET', 1, 'admin', '/tool/gen/synchDb/portal_article', '127.0.0.1', '内网IP', '{tableName=portal_article}', '{\"msg\":\"操作成功\",\"code\":200}', 0, NULL, '2022-05-08 22:03:44');
INSERT INTO `sys_oper_log` VALUES (176, '代码生成', 2, 'com.dragon.generator.controller.GenController.synchDb()', 'GET', 1, 'admin', '/tool/gen/synchDb/portal_article', '127.0.0.1', '内网IP', '{tableName=portal_article}', '{\"msg\":\"操作成功\",\"code\":200}', 0, NULL, '2022-05-08 22:06:07');
INSERT INTO `sys_oper_log` VALUES (177, '代码生成', 2, 'com.dragon.generator.controller.GenController.editSave()', 'PUT', 1, 'admin', '/tool/gen', '127.0.0.1', '内网IP', '{\"sub\":false,\"functionAuthor\":\"dragon\",\"columns\":[{\"capJavaField\":\"ArticleId\",\"usableColumn\":false,\"columnId\":1,\"isIncrement\":\"1\",\"increment\":true,\"insert\":true,\"required\":false,\"superColumn\":false,\"isInsert\":\"1\",\"javaField\":\"articleId\",\"htmlType\":\"input\",\"edit\":false,\"query\":false,\"columnComment\":\"文章ID\",\"updateTime\":1652018767000,\"sort\":1,\"list\":false,\"params\":{},\"javaType\":\"Long\",\"queryType\":\"EQ\",\"columnType\":\"bigint\",\"createBy\":\"admin\",\"isPk\":\"1\",\"createTime\":1652017547000,\"tableId\":1,\"pk\":true,\"columnName\":\"article_id\"},{\"capJavaField\":\"ArticleTitle\",\"usableColumn\":false,\"columnId\":2,\"isIncrement\":\"0\",\"increment\":false,\"insert\":true,\"isList\":\"1\",\"dictType\":\"\",\"required\":true,\"superColumn\":false,\"isInsert\":\"1\",\"isRequired\":\"1\",\"javaField\":\"articleTitle\",\"htmlType\":\"input\",\"edit\":true,\"query\":true,\"columnComment\":\"文章标题\",\"isQuery\":\"1\",\"updateTime\":1652018767000,\"sort\":2,\"list\":true,\"params\":{},\"javaType\":\"String\",\"queryType\":\"EQ\",\"columnType\":\"varchar(64)\",\"createBy\":\"admin\",\"isPk\":\"0\",\"createTime\":1652017547000,\"isEdit\":\"1\",\"tableId\":1,\"pk\":false,\"columnName\":\"article_title\"},{\"capJavaField\":\"ArticleType\",\"usableColumn\":false,\"columnId\":3,\"isIncrement\":\"0\",\"increment\":false,\"insert\":true,\"isList\":\"1\",\"dictType\":\"portal_article_type\",\"required\":true,\"superColumn\":false,\"isInsert\":\"1\",\"isRequired\":\"1\",\"javaField\":\"articleType\",\"htmlType\":\"select\",\"edit\":true,\"query\":true,\"columnComment\":\"文章类型（1：原创，2：转载，3：翻译）\",\"isQuery\":\"1\",\"updateTime\":1652018767000,\"sort\":3,\"list\":true,\"params\":{},\"javaType\":\"String\",\"queryType\":\"LIKE\",\"columnType\":\"char(1)\",\"createBy\":\"admin\",\"isPk\":\"0\",\"createTime\":1652017547000,\"isEdit\":\"1\",\"tableId\":1,\"pk\":false,\"columnName\":\"article_type\"},{\"capJavaField\":\"Cover\",\"usableColumn\":false,\"columnId\":4,\"isIncrement\":\"0\",\"increment\":false,\"insert\":true,\"isList\":\"1\",\"dictType\":\"\",\"required\":true,\"superColumn\":false,\"isInsert\":\"1\",\"isRequired\":\"1\",\"javaField\":\"cover\",\"htmlType\":\"input\",\"edit\":true,\"query\":true,\"columnComment\":\"封面(实际存储sys_file表file_id)\"', '{\"msg\":\"操作成功\",\"code\":200}', 0, NULL, '2022-05-08 22:08:51');
INSERT INTO `sys_oper_log` VALUES (178, '代码生成', 2, 'com.dragon.generator.controller.GenController.editSave()', 'PUT', 1, 'admin', '/tool/gen', '127.0.0.1', '内网IP', '{\"sub\":false,\"functionAuthor\":\"dragon\",\"columns\":[{\"capJavaField\":\"ArticleId\",\"usableColumn\":false,\"columnId\":1,\"isIncrement\":\"1\",\"increment\":true,\"insert\":true,\"required\":false,\"superColumn\":false,\"isInsert\":\"1\",\"javaField\":\"articleId\",\"htmlType\":\"input\",\"edit\":false,\"query\":false,\"columnComment\":\"文章ID\",\"updateTime\":1652018931000,\"sort\":1,\"list\":false,\"params\":{},\"javaType\":\"Long\",\"queryType\":\"EQ\",\"columnType\":\"bigint\",\"createBy\":\"admin\",\"isPk\":\"1\",\"createTime\":1652017547000,\"tableId\":1,\"pk\":true,\"columnName\":\"article_id\"},{\"capJavaField\":\"ArticleTitle\",\"usableColumn\":false,\"columnId\":2,\"isIncrement\":\"0\",\"increment\":false,\"insert\":true,\"isList\":\"1\",\"dictType\":\"\",\"required\":true,\"superColumn\":false,\"isInsert\":\"1\",\"isRequired\":\"1\",\"javaField\":\"articleTitle\",\"htmlType\":\"input\",\"edit\":true,\"query\":true,\"columnComment\":\"文章标题\",\"isQuery\":\"1\",\"updateTime\":1652018931000,\"sort\":2,\"list\":true,\"params\":{},\"javaType\":\"String\",\"queryType\":\"EQ\",\"columnType\":\"varchar(64)\",\"createBy\":\"admin\",\"isPk\":\"0\",\"createTime\":1652017547000,\"isEdit\":\"1\",\"tableId\":1,\"pk\":false,\"columnName\":\"article_title\"},{\"capJavaField\":\"ArticleType\",\"usableColumn\":false,\"columnId\":3,\"isIncrement\":\"0\",\"increment\":false,\"insert\":true,\"isList\":\"1\",\"dictType\":\"portal_article_type\",\"required\":true,\"superColumn\":false,\"isInsert\":\"1\",\"isRequired\":\"1\",\"javaField\":\"articleType\",\"htmlType\":\"select\",\"edit\":true,\"query\":true,\"columnComment\":\"文章类型（1：原创，2：转载，3：翻译）\",\"isQuery\":\"1\",\"updateTime\":1652018931000,\"sort\":3,\"list\":true,\"params\":{},\"javaType\":\"String\",\"queryType\":\"LIKE\",\"columnType\":\"char(1)\",\"createBy\":\"admin\",\"isPk\":\"0\",\"createTime\":1652017547000,\"isEdit\":\"1\",\"tableId\":1,\"pk\":false,\"columnName\":\"article_type\"},{\"capJavaField\":\"Cover\",\"usableColumn\":false,\"columnId\":4,\"isIncrement\":\"0\",\"increment\":false,\"insert\":true,\"isList\":\"1\",\"dictType\":\"\",\"required\":true,\"superColumn\":false,\"isInsert\":\"1\",\"isRequired\":\"1\",\"javaField\":\"cover\",\"htmlType\":\"input\",\"edit\":true,\"query\":true,\"columnComment\":\"封面(实际存储sys_file表file_id)\"', '{\"msg\":\"操作成功\",\"code\":200}', 0, NULL, '2022-05-08 22:11:48');
INSERT INTO `sys_oper_log` VALUES (179, '代码生成', 8, 'com.dragon.generator.controller.GenController.batchGenCode()', 'GET', 1, 'admin', '/tool/gen/batchGenCode', '127.0.0.1', '内网IP', '{}', NULL, 0, NULL, '2022-05-08 22:13:53');
INSERT INTO `sys_oper_log` VALUES (180, '代码生成', 2, 'com.dragon.generator.controller.GenController.editSave()', 'PUT', 1, 'admin', '/tool/gen', '127.0.0.1', '内网IP', '{\"sub\":false,\"functionAuthor\":\"dragon\",\"columns\":[{\"capJavaField\":\"ArticleId\",\"usableColumn\":false,\"columnId\":1,\"isIncrement\":\"1\",\"increment\":true,\"insert\":true,\"required\":false,\"superColumn\":false,\"isInsert\":\"1\",\"javaField\":\"articleId\",\"htmlType\":\"input\",\"edit\":false,\"query\":false,\"columnComment\":\"文章ID\",\"updateTime\":1652019108000,\"sort\":1,\"list\":false,\"params\":{},\"javaType\":\"Long\",\"queryType\":\"EQ\",\"columnType\":\"bigint\",\"createBy\":\"admin\",\"isPk\":\"1\",\"createTime\":1652017547000,\"tableId\":1,\"pk\":true,\"columnName\":\"article_id\"},{\"capJavaField\":\"ArticleTitle\",\"usableColumn\":false,\"columnId\":2,\"isIncrement\":\"0\",\"increment\":false,\"insert\":true,\"isList\":\"1\",\"dictType\":\"\",\"required\":true,\"superColumn\":false,\"isInsert\":\"1\",\"isRequired\":\"1\",\"javaField\":\"articleTitle\",\"htmlType\":\"input\",\"edit\":true,\"query\":true,\"columnComment\":\"文章标题\",\"isQuery\":\"1\",\"updateTime\":1652019108000,\"sort\":2,\"list\":true,\"params\":{},\"javaType\":\"String\",\"queryType\":\"EQ\",\"columnType\":\"varchar(64)\",\"createBy\":\"admin\",\"isPk\":\"0\",\"createTime\":1652017547000,\"isEdit\":\"1\",\"tableId\":1,\"pk\":false,\"columnName\":\"article_title\"},{\"capJavaField\":\"ArticleType\",\"usableColumn\":false,\"columnId\":3,\"isIncrement\":\"0\",\"increment\":false,\"insert\":true,\"isList\":\"1\",\"dictType\":\"portal_article_type\",\"required\":true,\"superColumn\":false,\"isInsert\":\"1\",\"isRequired\":\"1\",\"javaField\":\"articleType\",\"htmlType\":\"select\",\"edit\":true,\"query\":true,\"columnComment\":\"文章类型（1：原创，2：转载，3：翻译）\",\"isQuery\":\"1\",\"updateTime\":1652019108000,\"sort\":3,\"list\":true,\"params\":{},\"javaType\":\"String\",\"queryType\":\"LIKE\",\"columnType\":\"char(1)\",\"createBy\":\"admin\",\"isPk\":\"0\",\"createTime\":1652017547000,\"isEdit\":\"1\",\"tableId\":1,\"pk\":false,\"columnName\":\"article_type\"},{\"capJavaField\":\"Cover\",\"usableColumn\":false,\"columnId\":4,\"isIncrement\":\"0\",\"increment\":false,\"insert\":true,\"isList\":\"1\",\"dictType\":\"\",\"required\":true,\"superColumn\":false,\"isInsert\":\"1\",\"isRequired\":\"1\",\"javaField\":\"cover\",\"htmlType\":\"input\",\"edit\":true,\"query\":true,\"columnComment\":\"封面(实际存储sys_file表file_id)\"', '{\"msg\":\"操作成功\",\"code\":200}', 0, NULL, '2022-05-08 22:20:46');
INSERT INTO `sys_oper_log` VALUES (181, '代码生成', 8, 'com.dragon.generator.controller.GenController.batchGenCode()', 'GET', 1, 'admin', '/tool/gen/batchGenCode', '127.0.0.1', '内网IP', '{}', NULL, 0, NULL, '2022-05-08 22:21:17');
INSERT INTO `sys_oper_log` VALUES (182, '代码生成', 2, 'com.dragon.generator.controller.GenController.editSave()', 'PUT', 1, 'admin', '/tool/gen', '127.0.0.1', '内网IP', '{\"sub\":false,\"functionAuthor\":\"dragon\",\"columns\":[{\"capJavaField\":\"ArticleId\",\"usableColumn\":false,\"columnId\":1,\"isIncrement\":\"1\",\"increment\":true,\"insert\":true,\"required\":false,\"superColumn\":false,\"isInsert\":\"1\",\"javaField\":\"articleId\",\"htmlType\":\"input\",\"edit\":false,\"query\":false,\"columnComment\":\"文章ID\",\"updateTime\":1652019646000,\"sort\":1,\"list\":false,\"params\":{},\"javaType\":\"Long\",\"queryType\":\"EQ\",\"columnType\":\"bigint\",\"createBy\":\"admin\",\"isPk\":\"1\",\"createTime\":1652017547000,\"tableId\":1,\"pk\":true,\"columnName\":\"article_id\"},{\"capJavaField\":\"ArticleTitle\",\"usableColumn\":false,\"columnId\":2,\"isIncrement\":\"0\",\"increment\":false,\"insert\":true,\"isList\":\"1\",\"dictType\":\"\",\"required\":true,\"superColumn\":false,\"isInsert\":\"1\",\"isRequired\":\"1\",\"javaField\":\"articleTitle\",\"htmlType\":\"input\",\"edit\":true,\"query\":true,\"columnComment\":\"文章标题\",\"isQuery\":\"1\",\"updateTime\":1652019646000,\"sort\":2,\"list\":true,\"params\":{},\"javaType\":\"String\",\"queryType\":\"EQ\",\"columnType\":\"varchar(64)\",\"createBy\":\"admin\",\"isPk\":\"0\",\"createTime\":1652017547000,\"isEdit\":\"1\",\"tableId\":1,\"pk\":false,\"columnName\":\"article_title\"},{\"capJavaField\":\"ArticleType\",\"usableColumn\":false,\"columnId\":3,\"isIncrement\":\"0\",\"increment\":false,\"insert\":true,\"isList\":\"1\",\"dictType\":\"portal_article_type\",\"required\":true,\"superColumn\":false,\"isInsert\":\"1\",\"isRequired\":\"1\",\"javaField\":\"articleType\",\"htmlType\":\"select\",\"edit\":true,\"query\":true,\"columnComment\":\"文章类型（1：原创，2：转载，3：翻译）\",\"isQuery\":\"1\",\"updateTime\":1652019646000,\"sort\":3,\"list\":true,\"params\":{},\"javaType\":\"String\",\"queryType\":\"LIKE\",\"columnType\":\"char(1)\",\"createBy\":\"admin\",\"isPk\":\"0\",\"createTime\":1652017547000,\"isEdit\":\"1\",\"tableId\":1,\"pk\":false,\"columnName\":\"article_type\"},{\"capJavaField\":\"Cover\",\"usableColumn\":false,\"columnId\":4,\"isIncrement\":\"0\",\"increment\":false,\"insert\":true,\"isList\":\"1\",\"dictType\":\"\",\"required\":true,\"superColumn\":false,\"isInsert\":\"1\",\"isRequired\":\"1\",\"javaField\":\"cover\",\"htmlType\":\"input\",\"edit\":true,\"query\":true,\"columnComment\":\"封面(实际存储sys_file表file_id)\"', '{\"msg\":\"操作成功\",\"code\":200}', 0, NULL, '2022-05-08 22:36:46');
INSERT INTO `sys_oper_log` VALUES (183, '代码生成', 2, 'com.dragon.generator.controller.GenController.editSave()', 'PUT', 1, 'admin', '/tool/gen', '127.0.0.1', '内网IP', '{\"sub\":false,\"functionAuthor\":\"dragon\",\"columns\":[{\"capJavaField\":\"ArticleId\",\"usableColumn\":false,\"columnId\":1,\"isIncrement\":\"1\",\"increment\":true,\"insert\":true,\"required\":false,\"superColumn\":false,\"isInsert\":\"1\",\"javaField\":\"articleId\",\"htmlType\":\"input\",\"edit\":false,\"query\":false,\"columnComment\":\"文章ID\",\"updateTime\":1652020606000,\"sort\":1,\"list\":false,\"params\":{},\"javaType\":\"Long\",\"queryType\":\"EQ\",\"columnType\":\"bigint\",\"createBy\":\"admin\",\"isPk\":\"1\",\"createTime\":1652017547000,\"tableId\":1,\"pk\":true,\"columnName\":\"article_id\"},{\"capJavaField\":\"ArticleTitle\",\"usableColumn\":false,\"columnId\":2,\"isIncrement\":\"0\",\"increment\":false,\"insert\":true,\"isList\":\"1\",\"dictType\":\"\",\"required\":true,\"superColumn\":false,\"isInsert\":\"1\",\"isRequired\":\"1\",\"javaField\":\"articleTitle\",\"htmlType\":\"input\",\"edit\":true,\"query\":true,\"columnComment\":\"文章标题\",\"isQuery\":\"1\",\"updateTime\":1652020606000,\"sort\":2,\"list\":true,\"params\":{},\"javaType\":\"String\",\"queryType\":\"EQ\",\"columnType\":\"varchar(64)\",\"createBy\":\"admin\",\"isPk\":\"0\",\"createTime\":1652017547000,\"isEdit\":\"1\",\"tableId\":1,\"pk\":false,\"columnName\":\"article_title\"},{\"capJavaField\":\"ArticleType\",\"usableColumn\":false,\"columnId\":3,\"isIncrement\":\"0\",\"increment\":false,\"insert\":true,\"isList\":\"1\",\"dictType\":\"portal_article_type\",\"required\":true,\"superColumn\":false,\"isInsert\":\"1\",\"isRequired\":\"1\",\"javaField\":\"articleType\",\"htmlType\":\"select\",\"edit\":true,\"query\":true,\"columnComment\":\"文章类型（1：原创，2：转载，3：翻译）\",\"isQuery\":\"1\",\"updateTime\":1652020606000,\"sort\":3,\"list\":true,\"params\":{},\"javaType\":\"String\",\"queryType\":\"LIKE\",\"columnType\":\"char(1)\",\"createBy\":\"admin\",\"isPk\":\"0\",\"createTime\":1652017547000,\"isEdit\":\"1\",\"tableId\":1,\"pk\":false,\"columnName\":\"article_type\"},{\"capJavaField\":\"Cover\",\"usableColumn\":false,\"columnId\":4,\"isIncrement\":\"0\",\"increment\":false,\"insert\":true,\"isList\":\"1\",\"dictType\":\"\",\"required\":true,\"superColumn\":false,\"isInsert\":\"1\",\"isRequired\":\"1\",\"javaField\":\"cover\",\"htmlType\":\"input\",\"edit\":true,\"query\":true,\"columnComment\":\"封面(实际存储sys_file表file_id)\"', '{\"msg\":\"操作成功\",\"code\":200}', 0, NULL, '2022-05-08 22:38:00');
INSERT INTO `sys_oper_log` VALUES (184, '代码生成', 2, 'com.dragon.generator.controller.GenController.editSave()', 'PUT', 1, 'admin', '/tool/gen', '127.0.0.1', '内网IP', '{\"sub\":false,\"functionAuthor\":\"dragon\",\"columns\":[{\"capJavaField\":\"ArticleId\",\"usableColumn\":false,\"columnId\":1,\"isIncrement\":\"1\",\"increment\":true,\"insert\":true,\"required\":false,\"superColumn\":false,\"isInsert\":\"1\",\"javaField\":\"articleId\",\"htmlType\":\"input\",\"edit\":false,\"query\":false,\"columnComment\":\"文章ID\",\"updateTime\":1652020680000,\"sort\":1,\"list\":false,\"params\":{},\"javaType\":\"Long\",\"queryType\":\"EQ\",\"columnType\":\"bigint\",\"createBy\":\"admin\",\"isPk\":\"1\",\"createTime\":1652017547000,\"tableId\":1,\"pk\":true,\"columnName\":\"article_id\"},{\"capJavaField\":\"ArticleTitle\",\"usableColumn\":false,\"columnId\":2,\"isIncrement\":\"0\",\"increment\":false,\"insert\":true,\"isList\":\"1\",\"dictType\":\"\",\"required\":true,\"superColumn\":false,\"isInsert\":\"1\",\"isRequired\":\"1\",\"javaField\":\"articleTitle\",\"htmlType\":\"input\",\"edit\":true,\"query\":true,\"columnComment\":\"文章标题\",\"isQuery\":\"1\",\"updateTime\":1652020680000,\"sort\":2,\"list\":true,\"params\":{},\"javaType\":\"String\",\"queryType\":\"EQ\",\"columnType\":\"varchar(64)\",\"createBy\":\"admin\",\"isPk\":\"0\",\"createTime\":1652017547000,\"isEdit\":\"1\",\"tableId\":1,\"pk\":false,\"columnName\":\"article_title\"},{\"capJavaField\":\"ArticleType\",\"usableColumn\":false,\"columnId\":3,\"isIncrement\":\"0\",\"increment\":false,\"insert\":true,\"isList\":\"1\",\"dictType\":\"portal_article_type\",\"required\":true,\"superColumn\":false,\"isInsert\":\"1\",\"isRequired\":\"1\",\"javaField\":\"articleType\",\"htmlType\":\"select\",\"edit\":true,\"query\":true,\"columnComment\":\"文章类型（1：原创，2：转载，3：翻译）\",\"isQuery\":\"1\",\"updateTime\":1652020680000,\"sort\":3,\"list\":true,\"params\":{},\"javaType\":\"String\",\"queryType\":\"LIKE\",\"columnType\":\"char(1)\",\"createBy\":\"admin\",\"isPk\":\"0\",\"createTime\":1652017547000,\"isEdit\":\"1\",\"tableId\":1,\"pk\":false,\"columnName\":\"article_type\"},{\"capJavaField\":\"Cover\",\"usableColumn\":false,\"columnId\":4,\"isIncrement\":\"0\",\"increment\":false,\"insert\":true,\"isList\":\"1\",\"dictType\":\"\",\"required\":true,\"superColumn\":false,\"isInsert\":\"1\",\"isRequired\":\"1\",\"javaField\":\"cover\",\"htmlType\":\"input\",\"edit\":true,\"query\":true,\"columnComment\":\"封面(实际存储sys_file表file_id)\"', '{\"msg\":\"操作成功\",\"code\":200}', 0, NULL, '2022-05-08 22:38:54');
INSERT INTO `sys_oper_log` VALUES (185, '代码生成', 2, 'com.dragon.generator.controller.GenController.editSave()', 'PUT', 1, 'admin', '/tool/gen', '127.0.0.1', '内网IP', '{\"sub\":false,\"functionAuthor\":\"dragon\",\"columns\":[{\"capJavaField\":\"ArticleId\",\"usableColumn\":false,\"columnId\":1,\"isIncrement\":\"1\",\"increment\":true,\"insert\":true,\"required\":false,\"superColumn\":false,\"isInsert\":\"1\",\"javaField\":\"articleId\",\"htmlType\":\"input\",\"edit\":false,\"query\":false,\"columnComment\":\"文章ID\",\"updateTime\":1652020734000,\"sort\":1,\"list\":false,\"params\":{},\"javaType\":\"Long\",\"queryType\":\"EQ\",\"columnType\":\"bigint\",\"createBy\":\"admin\",\"isPk\":\"1\",\"createTime\":1652017547000,\"tableId\":1,\"pk\":true,\"columnName\":\"article_id\"},{\"capJavaField\":\"ArticleTitle\",\"usableColumn\":false,\"columnId\":2,\"isIncrement\":\"0\",\"increment\":false,\"insert\":true,\"isList\":\"1\",\"dictType\":\"\",\"required\":true,\"superColumn\":false,\"isInsert\":\"1\",\"isRequired\":\"1\",\"javaField\":\"articleTitle\",\"htmlType\":\"input\",\"edit\":true,\"query\":true,\"columnComment\":\"文章标题\",\"isQuery\":\"1\",\"updateTime\":1652020734000,\"sort\":2,\"list\":true,\"params\":{},\"javaType\":\"String\",\"queryType\":\"EQ\",\"columnType\":\"varchar(64)\",\"createBy\":\"admin\",\"isPk\":\"0\",\"createTime\":1652017547000,\"isEdit\":\"1\",\"tableId\":1,\"pk\":false,\"columnName\":\"article_title\"},{\"capJavaField\":\"ArticleType\",\"usableColumn\":false,\"columnId\":3,\"isIncrement\":\"0\",\"increment\":false,\"insert\":true,\"isList\":\"1\",\"dictType\":\"portal_article_type\",\"required\":true,\"superColumn\":false,\"isInsert\":\"1\",\"isRequired\":\"1\",\"javaField\":\"articleType\",\"htmlType\":\"select\",\"edit\":true,\"query\":true,\"columnComment\":\"文章类型（1：原创，2：转载，3：翻译）\",\"isQuery\":\"1\",\"updateTime\":1652020734000,\"sort\":3,\"list\":true,\"params\":{},\"javaType\":\"String\",\"queryType\":\"LIKE\",\"columnType\":\"char(1)\",\"createBy\":\"admin\",\"isPk\":\"0\",\"createTime\":1652017547000,\"isEdit\":\"1\",\"tableId\":1,\"pk\":false,\"columnName\":\"article_type\"},{\"capJavaField\":\"Cover\",\"usableColumn\":false,\"columnId\":4,\"isIncrement\":\"0\",\"increment\":false,\"insert\":true,\"isList\":\"1\",\"dictType\":\"\",\"required\":true,\"superColumn\":false,\"isInsert\":\"1\",\"isRequired\":\"1\",\"javaField\":\"cover\",\"htmlType\":\"input\",\"edit\":true,\"query\":true,\"columnComment\":\"封面(实际存储sys_file表file_id)\"', '{\"msg\":\"操作成功\",\"code\":200}', 0, NULL, '2022-05-08 22:39:05');
INSERT INTO `sys_oper_log` VALUES (186, '菜单管理', 1, 'com.dragon.web.controller.system.SysMenuController.add()', 'POST', 1, 'admin', '/system/menu', '127.0.0.1', '内网IP', '{\"visible\":\"0\",\"icon\":\"content-manage\",\"orderNum\":1,\"menuName\":\"文章管理\",\"params\":{},\"parentId\":2000,\"isCache\":\"0\",\"path\":\"article\",\"component\":\"portal/article/index\",\"createBy\":\"admin\",\"children\":[],\"isFrame\":\"1\",\"menuType\":\"C\",\"perms\":\"portal:article:list\",\"status\":\"0\"}', '{\"msg\":\"操作成功\",\"code\":200}', 0, NULL, '2022-05-08 22:46:46');
INSERT INTO `sys_oper_log` VALUES (187, '代码生成', 2, 'com.dragon.generator.controller.GenController.editSave()', 'PUT', 1, 'admin', '/tool/gen', '127.0.0.1', '内网IP', '{\"sub\":false,\"functionAuthor\":\"dragon\",\"columns\":[{\"capJavaField\":\"ArticleId\",\"usableColumn\":false,\"columnId\":1,\"isIncrement\":\"1\",\"increment\":true,\"insert\":true,\"required\":false,\"superColumn\":false,\"isInsert\":\"1\",\"javaField\":\"articleId\",\"htmlType\":\"input\",\"edit\":false,\"query\":false,\"columnComment\":\"文章ID\",\"updateTime\":1652020745000,\"sort\":1,\"list\":false,\"params\":{},\"javaType\":\"Long\",\"queryType\":\"EQ\",\"columnType\":\"bigint\",\"createBy\":\"admin\",\"isPk\":\"1\",\"createTime\":1652017547000,\"tableId\":1,\"pk\":true,\"columnName\":\"article_id\"},{\"capJavaField\":\"ArticleTitle\",\"usableColumn\":false,\"columnId\":2,\"isIncrement\":\"0\",\"increment\":false,\"insert\":true,\"isList\":\"1\",\"dictType\":\"\",\"required\":true,\"superColumn\":false,\"isInsert\":\"1\",\"isRequired\":\"1\",\"javaField\":\"articleTitle\",\"htmlType\":\"input\",\"edit\":true,\"query\":true,\"columnComment\":\"文章标题\",\"isQuery\":\"1\",\"updateTime\":1652020745000,\"sort\":2,\"list\":true,\"params\":{},\"javaType\":\"String\",\"queryType\":\"EQ\",\"columnType\":\"varchar(64)\",\"createBy\":\"admin\",\"isPk\":\"0\",\"createTime\":1652017547000,\"isEdit\":\"1\",\"tableId\":1,\"pk\":false,\"columnName\":\"article_title\"},{\"capJavaField\":\"ArticleType\",\"usableColumn\":false,\"columnId\":3,\"isIncrement\":\"0\",\"increment\":false,\"insert\":true,\"isList\":\"1\",\"dictType\":\"portal_article_type\",\"required\":true,\"superColumn\":false,\"isInsert\":\"1\",\"isRequired\":\"1\",\"javaField\":\"articleType\",\"htmlType\":\"select\",\"edit\":true,\"query\":true,\"columnComment\":\"文章类型（1：原创，2：转载，3：翻译）\",\"isQuery\":\"1\",\"updateTime\":1652020745000,\"sort\":3,\"list\":true,\"params\":{},\"javaType\":\"String\",\"queryType\":\"LIKE\",\"columnType\":\"char(1)\",\"createBy\":\"admin\",\"isPk\":\"0\",\"createTime\":1652017547000,\"isEdit\":\"1\",\"tableId\":1,\"pk\":false,\"columnName\":\"article_type\"},{\"capJavaField\":\"Cover\",\"usableColumn\":false,\"columnId\":4,\"isIncrement\":\"0\",\"increment\":false,\"insert\":true,\"isList\":\"1\",\"dictType\":\"\",\"required\":true,\"superColumn\":false,\"isInsert\":\"1\",\"isRequired\":\"1\",\"javaField\":\"cover\",\"htmlType\":\"input\",\"edit\":true,\"query\":true,\"columnComment\":\"封面(实际存储sys_file表file_id)\"', '{\"msg\":\"操作成功\",\"code\":200}', 0, NULL, '2022-05-08 22:51:34');
INSERT INTO `sys_oper_log` VALUES (188, '代码生成', 2, 'com.dragon.generator.controller.GenController.editSave()', 'PUT', 1, 'admin', '/tool/gen', '127.0.0.1', '内网IP', '{\"sub\":false,\"functionAuthor\":\"dragon\",\"columns\":[{\"capJavaField\":\"ArticleId\",\"usableColumn\":false,\"columnId\":1,\"isIncrement\":\"1\",\"increment\":true,\"insert\":true,\"required\":false,\"superColumn\":false,\"isInsert\":\"1\",\"javaField\":\"articleId\",\"htmlType\":\"input\",\"edit\":false,\"query\":false,\"columnComment\":\"文章ID\",\"updateTime\":1652021494000,\"sort\":1,\"list\":false,\"params\":{},\"javaType\":\"Long\",\"queryType\":\"EQ\",\"columnType\":\"bigint\",\"createBy\":\"admin\",\"isPk\":\"1\",\"createTime\":1652017547000,\"tableId\":1,\"pk\":true,\"columnName\":\"article_id\"},{\"capJavaField\":\"ArticleTitle\",\"usableColumn\":false,\"columnId\":2,\"isIncrement\":\"0\",\"increment\":false,\"insert\":true,\"isList\":\"1\",\"dictType\":\"\",\"required\":true,\"superColumn\":false,\"isInsert\":\"1\",\"isRequired\":\"1\",\"javaField\":\"articleTitle\",\"htmlType\":\"input\",\"edit\":true,\"query\":true,\"columnComment\":\"文章标题\",\"isQuery\":\"1\",\"updateTime\":1652021494000,\"sort\":2,\"list\":true,\"params\":{},\"javaType\":\"String\",\"queryType\":\"EQ\",\"columnType\":\"varchar(64)\",\"createBy\":\"admin\",\"isPk\":\"0\",\"createTime\":1652017547000,\"isEdit\":\"1\",\"tableId\":1,\"pk\":false,\"columnName\":\"article_title\"},{\"capJavaField\":\"ArticleType\",\"usableColumn\":false,\"columnId\":3,\"isIncrement\":\"0\",\"increment\":false,\"insert\":true,\"isList\":\"1\",\"dictType\":\"portal_article_type\",\"required\":true,\"superColumn\":false,\"isInsert\":\"1\",\"isRequired\":\"1\",\"javaField\":\"articleType\",\"htmlType\":\"select\",\"edit\":true,\"query\":true,\"columnComment\":\"文章类型（1：原创，2：转载，3：翻译）\",\"isQuery\":\"1\",\"updateTime\":1652021494000,\"sort\":3,\"list\":true,\"params\":{},\"javaType\":\"String\",\"queryType\":\"LIKE\",\"columnType\":\"char(1)\",\"createBy\":\"admin\",\"isPk\":\"0\",\"createTime\":1652017547000,\"isEdit\":\"1\",\"tableId\":1,\"pk\":false,\"columnName\":\"article_type\"},{\"capJavaField\":\"Cover\",\"usableColumn\":false,\"columnId\":4,\"isIncrement\":\"0\",\"increment\":false,\"insert\":true,\"isList\":\"1\",\"dictType\":\"\",\"required\":true,\"superColumn\":false,\"isInsert\":\"1\",\"isRequired\":\"1\",\"javaField\":\"cover\",\"htmlType\":\"input\",\"edit\":true,\"query\":true,\"columnComment\":\"封面(实际存储sys_file表file_id)\"', '{\"msg\":\"操作成功\",\"code\":200}', 0, NULL, '2022-05-08 22:52:03');
INSERT INTO `sys_oper_log` VALUES (189, '代码生成', 2, 'com.dragon.generator.controller.GenController.editSave()', 'PUT', 1, 'admin', '/tool/gen', '127.0.0.1', '内网IP', '{\"sub\":false,\"functionAuthor\":\"dragon\",\"columns\":[{\"capJavaField\":\"ArticleId\",\"usableColumn\":false,\"columnId\":1,\"isIncrement\":\"1\",\"increment\":true,\"insert\":true,\"required\":false,\"superColumn\":false,\"isInsert\":\"1\",\"javaField\":\"articleId\",\"htmlType\":\"input\",\"edit\":false,\"query\":false,\"columnComment\":\"文章ID\",\"updateTime\":1652021523000,\"sort\":1,\"list\":false,\"params\":{},\"javaType\":\"Long\",\"queryType\":\"EQ\",\"columnType\":\"bigint\",\"createBy\":\"admin\",\"isPk\":\"1\",\"createTime\":1652017547000,\"tableId\":1,\"pk\":true,\"columnName\":\"article_id\"},{\"capJavaField\":\"ArticleTitle\",\"usableColumn\":false,\"columnId\":2,\"isIncrement\":\"0\",\"increment\":false,\"insert\":true,\"isList\":\"1\",\"dictType\":\"\",\"required\":true,\"superColumn\":false,\"isInsert\":\"1\",\"isRequired\":\"1\",\"javaField\":\"articleTitle\",\"htmlType\":\"input\",\"edit\":true,\"query\":true,\"columnComment\":\"文章标题\",\"isQuery\":\"1\",\"updateTime\":1652021523000,\"sort\":2,\"list\":true,\"params\":{},\"javaType\":\"String\",\"queryType\":\"EQ\",\"columnType\":\"varchar(64)\",\"createBy\":\"admin\",\"isPk\":\"0\",\"createTime\":1652017547000,\"isEdit\":\"1\",\"tableId\":1,\"pk\":false,\"columnName\":\"article_title\"},{\"capJavaField\":\"ArticleType\",\"usableColumn\":false,\"columnId\":3,\"isIncrement\":\"0\",\"increment\":false,\"insert\":true,\"isList\":\"1\",\"dictType\":\"portal_article_type\",\"required\":true,\"superColumn\":false,\"isInsert\":\"1\",\"isRequired\":\"1\",\"javaField\":\"articleType\",\"htmlType\":\"select\",\"edit\":true,\"query\":true,\"columnComment\":\"文章类型（1：原创，2：转载，3：翻译）\",\"isQuery\":\"1\",\"updateTime\":1652021523000,\"sort\":3,\"list\":true,\"params\":{},\"javaType\":\"String\",\"queryType\":\"LIKE\",\"columnType\":\"char(1)\",\"createBy\":\"admin\",\"isPk\":\"0\",\"createTime\":1652017547000,\"isEdit\":\"1\",\"tableId\":1,\"pk\":false,\"columnName\":\"article_type\"},{\"capJavaField\":\"Cover\",\"usableColumn\":false,\"columnId\":4,\"isIncrement\":\"0\",\"increment\":false,\"insert\":true,\"isList\":\"1\",\"dictType\":\"\",\"required\":true,\"superColumn\":false,\"isInsert\":\"1\",\"isRequired\":\"1\",\"javaField\":\"cover\",\"htmlType\":\"input\",\"edit\":true,\"query\":false,\"columnComment\":\"封面\",\"updateTime\":1652021', '{\"msg\":\"操作成功\",\"code\":200}', 0, NULL, '2022-05-08 22:52:51');
INSERT INTO `sys_oper_log` VALUES (190, '菜单管理', 2, 'com.dragon.web.controller.system.SysMenuController.edit()', 'PUT', 1, 'admin', '/system/menu', '127.0.0.1', '内网IP', '{\"visible\":\"0\",\"icon\":\"article\",\"orderNum\":1,\"menuName\":\"文章管理\",\"params\":{},\"parentId\":2000,\"isCache\":\"0\",\"path\":\"article\",\"component\":\"portal/article/index\",\"children\":[],\"createTime\":1652021206000,\"updateBy\":\"admin\",\"isFrame\":\"1\",\"menuId\":2001,\"menuType\":\"C\",\"perms\":\"portal:article:list\",\"status\":\"0\"}', '{\"msg\":\"操作成功\",\"code\":200}', 0, NULL, '2022-05-08 23:00:53');
INSERT INTO `sys_oper_log` VALUES (191, '代码生成', 2, 'com.dragon.generator.controller.GenController.editSave()', 'PUT', 1, 'admin', '/tool/gen', '127.0.0.1', '内网IP', '{\"sub\":false,\"functionAuthor\":\"dragon\",\"columns\":[{\"capJavaField\":\"ArticleId\",\"usableColumn\":false,\"columnId\":1,\"isIncrement\":\"1\",\"increment\":true,\"insert\":true,\"required\":false,\"superColumn\":false,\"isInsert\":\"1\",\"javaField\":\"articleId\",\"htmlType\":\"input\",\"edit\":false,\"query\":false,\"columnComment\":\"文章ID\",\"updateTime\":1652021571000,\"sort\":1,\"list\":false,\"params\":{},\"javaType\":\"Long\",\"queryType\":\"EQ\",\"columnType\":\"bigint\",\"createBy\":\"admin\",\"isPk\":\"1\",\"createTime\":1652017547000,\"tableId\":1,\"pk\":true,\"columnName\":\"article_id\"},{\"capJavaField\":\"ArticleTitle\",\"usableColumn\":false,\"columnId\":2,\"isIncrement\":\"0\",\"increment\":false,\"insert\":true,\"isList\":\"1\",\"dictType\":\"\",\"required\":true,\"superColumn\":false,\"isInsert\":\"1\",\"isRequired\":\"1\",\"javaField\":\"articleTitle\",\"htmlType\":\"input\",\"edit\":true,\"query\":true,\"columnComment\":\"文章标题\",\"isQuery\":\"1\",\"updateTime\":1652021571000,\"sort\":2,\"list\":true,\"params\":{},\"javaType\":\"String\",\"queryType\":\"EQ\",\"columnType\":\"varchar(64)\",\"createBy\":\"admin\",\"isPk\":\"0\",\"createTime\":1652017547000,\"isEdit\":\"1\",\"tableId\":1,\"pk\":false,\"columnName\":\"article_title\"},{\"capJavaField\":\"ArticleType\",\"usableColumn\":false,\"columnId\":3,\"isIncrement\":\"0\",\"increment\":false,\"insert\":true,\"isList\":\"1\",\"dictType\":\"portal_article_type\",\"required\":true,\"superColumn\":false,\"isInsert\":\"1\",\"isRequired\":\"1\",\"javaField\":\"articleType\",\"htmlType\":\"checkbox\",\"edit\":true,\"query\":true,\"columnComment\":\"文章类型（1：原创，2：转载，3：翻译）\",\"isQuery\":\"1\",\"updateTime\":1652021571000,\"sort\":3,\"list\":true,\"params\":{},\"javaType\":\"String\",\"queryType\":\"EQ\",\"columnType\":\"char(1)\",\"createBy\":\"admin\",\"isPk\":\"0\",\"createTime\":1652017547000,\"isEdit\":\"1\",\"tableId\":1,\"pk\":false,\"columnName\":\"article_type\"},{\"capJavaField\":\"Cover\",\"usableColumn\":false,\"columnId\":4,\"isIncrement\":\"0\",\"increment\":false,\"insert\":true,\"isList\":\"1\",\"dictType\":\"\",\"required\":true,\"superColumn\":false,\"isInsert\":\"1\",\"isRequired\":\"1\",\"javaField\":\"cover\",\"htmlType\":\"input\",\"edit\":true,\"query\":false,\"columnComment\":\"封面\",\"updateTime\":1652021', '{\"msg\":\"操作成功\",\"code\":200}', 0, NULL, '2022-05-15 21:45:15');
INSERT INTO `sys_oper_log` VALUES (192, '代码生成', 2, 'com.dragon.generator.controller.GenController.editSave()', 'PUT', 1, 'admin', '/tool/gen', '127.0.0.1', '内网IP', '{\"sub\":false,\"functionAuthor\":\"dragon\",\"columns\":[{\"capJavaField\":\"ArticleId\",\"usableColumn\":false,\"columnId\":1,\"isIncrement\":\"1\",\"increment\":true,\"insert\":true,\"required\":false,\"superColumn\":false,\"isInsert\":\"1\",\"javaField\":\"articleId\",\"htmlType\":\"input\",\"edit\":false,\"query\":false,\"columnComment\":\"文章ID\",\"updateTime\":1652622315000,\"sort\":1,\"list\":false,\"params\":{},\"javaType\":\"Long\",\"queryType\":\"EQ\",\"columnType\":\"bigint\",\"createBy\":\"admin\",\"isPk\":\"1\",\"createTime\":1652017547000,\"tableId\":1,\"pk\":true,\"columnName\":\"article_id\"},{\"capJavaField\":\"ArticleTitle\",\"usableColumn\":false,\"columnId\":2,\"isIncrement\":\"0\",\"increment\":false,\"insert\":true,\"isList\":\"1\",\"dictType\":\"\",\"required\":true,\"superColumn\":false,\"isInsert\":\"1\",\"isRequired\":\"1\",\"javaField\":\"articleTitle\",\"htmlType\":\"input\",\"edit\":true,\"query\":true,\"columnComment\":\"文章标题\",\"isQuery\":\"1\",\"updateTime\":1652622315000,\"sort\":2,\"list\":true,\"params\":{},\"javaType\":\"String\",\"queryType\":\"EQ\",\"columnType\":\"varchar(64)\",\"createBy\":\"admin\",\"isPk\":\"0\",\"createTime\":1652017547000,\"isEdit\":\"1\",\"tableId\":1,\"pk\":false,\"columnName\":\"article_title\"},{\"capJavaField\":\"ArticleType\",\"usableColumn\":false,\"columnId\":3,\"isIncrement\":\"0\",\"increment\":false,\"insert\":true,\"isList\":\"1\",\"dictType\":\"portal_article_type\",\"required\":true,\"superColumn\":false,\"isInsert\":\"1\",\"isRequired\":\"1\",\"javaField\":\"articleType\",\"htmlType\":\"radio\",\"edit\":true,\"query\":true,\"columnComment\":\"文章类型（1：原创，2：转载，3：翻译）\",\"isQuery\":\"1\",\"updateTime\":1652622315000,\"sort\":3,\"list\":true,\"params\":{},\"javaType\":\"String\",\"queryType\":\"EQ\",\"columnType\":\"char(1)\",\"createBy\":\"admin\",\"isPk\":\"0\",\"createTime\":1652017547000,\"isEdit\":\"1\",\"tableId\":1,\"pk\":false,\"columnName\":\"article_type\"},{\"capJavaField\":\"Cover\",\"usableColumn\":false,\"columnId\":4,\"isIncrement\":\"0\",\"increment\":false,\"insert\":true,\"isList\":\"1\",\"dictType\":\"\",\"required\":true,\"superColumn\":false,\"isInsert\":\"1\",\"isRequired\":\"1\",\"javaField\":\"cover\",\"htmlType\":\"input\",\"edit\":true,\"query\":false,\"columnComment\":\"封面\",\"updateTime\":1652622315', '{\"msg\":\"操作成功\",\"code\":200}', 0, NULL, '2022-05-15 21:57:22');
INSERT INTO `sys_oper_log` VALUES (193, '代码生成', 2, 'com.dragon.generator.controller.GenController.editSave()', 'PUT', 1, 'admin', '/tool/gen', '127.0.0.1', '内网IP', '{\"sub\":false,\"functionAuthor\":\"dragon\",\"columns\":[{\"capJavaField\":\"ArticleId\",\"usableColumn\":false,\"columnId\":1,\"isIncrement\":\"1\",\"increment\":true,\"insert\":true,\"required\":false,\"superColumn\":false,\"isInsert\":\"1\",\"javaField\":\"articleId\",\"htmlType\":\"input\",\"edit\":false,\"query\":false,\"columnComment\":\"文章ID\",\"updateTime\":1652623041000,\"sort\":1,\"list\":false,\"params\":{},\"javaType\":\"Long\",\"queryType\":\"EQ\",\"columnType\":\"bigint\",\"createBy\":\"admin\",\"isPk\":\"1\",\"createTime\":1652017547000,\"tableId\":1,\"pk\":true,\"columnName\":\"article_id\"},{\"capJavaField\":\"ArticleTitle\",\"usableColumn\":false,\"columnId\":2,\"isIncrement\":\"0\",\"increment\":false,\"insert\":true,\"isList\":\"1\",\"dictType\":\"\",\"required\":true,\"superColumn\":false,\"isInsert\":\"1\",\"isRequired\":\"1\",\"javaField\":\"articleTitle\",\"htmlType\":\"input\",\"edit\":true,\"query\":true,\"columnComment\":\"文章标题\",\"isQuery\":\"1\",\"updateTime\":1652623041000,\"sort\":2,\"list\":true,\"params\":{},\"javaType\":\"String\",\"queryType\":\"EQ\",\"columnType\":\"varchar(64)\",\"createBy\":\"admin\",\"isPk\":\"0\",\"createTime\":1652017547000,\"isEdit\":\"1\",\"tableId\":1,\"pk\":false,\"columnName\":\"article_title\"},{\"capJavaField\":\"ArticleType\",\"usableColumn\":false,\"columnId\":3,\"isIncrement\":\"0\",\"increment\":false,\"insert\":true,\"isList\":\"1\",\"dictType\":\"portal_article_type\",\"required\":true,\"superColumn\":false,\"isInsert\":\"1\",\"isRequired\":\"1\",\"javaField\":\"articleType\",\"htmlType\":\"radio\",\"edit\":true,\"query\":true,\"columnComment\":\"文章类型（1：原创，2：转载，3：翻译）\",\"isQuery\":\"1\",\"updateTime\":1652623041000,\"sort\":3,\"list\":true,\"params\":{},\"javaType\":\"String\",\"queryType\":\"EQ\",\"columnType\":\"char(1)\",\"createBy\":\"admin\",\"isPk\":\"0\",\"createTime\":1652017547000,\"isEdit\":\"1\",\"tableId\":1,\"pk\":false,\"columnName\":\"article_type\"},{\"capJavaField\":\"Cover\",\"usableColumn\":false,\"columnId\":4,\"isIncrement\":\"0\",\"increment\":false,\"insert\":true,\"isList\":\"1\",\"dictType\":\"\",\"required\":true,\"superColumn\":false,\"isInsert\":\"1\",\"isRequired\":\"1\",\"javaField\":\"cover\",\"htmlType\":\"imageUpload\",\"edit\":true,\"query\":false,\"columnComment\":\"封面\",\"updateTime\":1652', '{\"msg\":\"操作成功\",\"code\":200}', 0, NULL, '2022-05-15 22:02:12');
INSERT INTO `sys_oper_log` VALUES (194, '代码生成', 2, 'com.dragon.generator.controller.GenController.editSave()', 'PUT', 1, 'admin', '/tool/gen', '127.0.0.1', '内网IP', '{\"sub\":false,\"functionAuthor\":\"dragon\",\"columns\":[{\"capJavaField\":\"ArticleId\",\"usableColumn\":false,\"columnId\":1,\"isIncrement\":\"1\",\"increment\":true,\"insert\":true,\"required\":false,\"superColumn\":false,\"isInsert\":\"1\",\"javaField\":\"articleId\",\"htmlType\":\"input\",\"edit\":false,\"query\":false,\"columnComment\":\"文章ID\",\"updateTime\":1652623332000,\"sort\":1,\"list\":false,\"params\":{},\"javaType\":\"Long\",\"queryType\":\"EQ\",\"columnType\":\"bigint\",\"createBy\":\"admin\",\"isPk\":\"1\",\"createTime\":1652017547000,\"tableId\":1,\"pk\":true,\"columnName\":\"article_id\"},{\"capJavaField\":\"ArticleTitle\",\"usableColumn\":false,\"columnId\":2,\"isIncrement\":\"0\",\"increment\":false,\"insert\":true,\"isList\":\"1\",\"dictType\":\"\",\"required\":true,\"superColumn\":false,\"isInsert\":\"1\",\"isRequired\":\"1\",\"javaField\":\"articleTitle\",\"htmlType\":\"input\",\"edit\":true,\"query\":true,\"columnComment\":\"文章标题\",\"isQuery\":\"1\",\"updateTime\":1652623332000,\"sort\":2,\"list\":true,\"params\":{},\"javaType\":\"String\",\"queryType\":\"EQ\",\"columnType\":\"varchar(64)\",\"createBy\":\"admin\",\"isPk\":\"0\",\"createTime\":1652017547000,\"isEdit\":\"1\",\"tableId\":1,\"pk\":false,\"columnName\":\"article_title\"},{\"capJavaField\":\"ArticleType\",\"usableColumn\":false,\"columnId\":3,\"isIncrement\":\"0\",\"increment\":false,\"insert\":true,\"isList\":\"1\",\"dictType\":\"portal_article_type\",\"required\":true,\"superColumn\":false,\"isInsert\":\"1\",\"isRequired\":\"1\",\"javaField\":\"articleType\",\"htmlType\":\"radio\",\"edit\":true,\"query\":true,\"columnComment\":\"文章类型（1：原创，2：转载，3：翻译）\",\"isQuery\":\"1\",\"updateTime\":1652623332000,\"sort\":3,\"list\":true,\"params\":{},\"javaType\":\"String\",\"queryType\":\"EQ\",\"columnType\":\"char(1)\",\"createBy\":\"admin\",\"isPk\":\"0\",\"createTime\":1652017547000,\"isEdit\":\"1\",\"tableId\":1,\"pk\":false,\"columnName\":\"article_type\"},{\"capJavaField\":\"Cover\",\"usableColumn\":false,\"columnId\":4,\"isIncrement\":\"0\",\"increment\":false,\"insert\":true,\"isList\":\"1\",\"dictType\":\"\",\"required\":true,\"superColumn\":false,\"isInsert\":\"1\",\"isRequired\":\"1\",\"javaField\":\"cover\",\"htmlType\":\"imageUpload\",\"edit\":true,\"query\":false,\"columnComment\":\"封面\",\"updateTime\":1652', '{\"msg\":\"操作成功\",\"code\":200}', 0, NULL, '2022-05-15 22:05:47');
INSERT INTO `sys_oper_log` VALUES (195, '代码生成', 2, 'com.dragon.generator.controller.GenController.editSave()', 'PUT', 1, 'admin', '/tool/gen', '127.0.0.1', '内网IP', '{\"sub\":false,\"functionAuthor\":\"dragon\",\"columns\":[{\"capJavaField\":\"ArticleId\",\"usableColumn\":false,\"columnId\":1,\"isIncrement\":\"1\",\"increment\":true,\"insert\":true,\"required\":false,\"superColumn\":false,\"isInsert\":\"1\",\"javaField\":\"articleId\",\"htmlType\":\"input\",\"edit\":false,\"query\":false,\"columnComment\":\"文章ID\",\"updateTime\":1652623547000,\"sort\":1,\"list\":false,\"params\":{},\"javaType\":\"Long\",\"queryType\":\"EQ\",\"columnType\":\"bigint\",\"createBy\":\"admin\",\"isPk\":\"1\",\"createTime\":1652017547000,\"tableId\":1,\"pk\":true,\"columnName\":\"article_id\"},{\"capJavaField\":\"ArticleTitle\",\"usableColumn\":false,\"columnId\":2,\"isIncrement\":\"0\",\"increment\":false,\"insert\":true,\"isList\":\"1\",\"dictType\":\"\",\"required\":true,\"superColumn\":false,\"isInsert\":\"1\",\"isRequired\":\"1\",\"javaField\":\"articleTitle\",\"htmlType\":\"input\",\"edit\":true,\"query\":true,\"columnComment\":\"文章标题\",\"isQuery\":\"1\",\"updateTime\":1652623547000,\"sort\":2,\"list\":true,\"params\":{},\"javaType\":\"String\",\"queryType\":\"EQ\",\"columnType\":\"varchar(64)\",\"createBy\":\"admin\",\"isPk\":\"0\",\"createTime\":1652017547000,\"isEdit\":\"1\",\"tableId\":1,\"pk\":false,\"columnName\":\"article_title\"},{\"capJavaField\":\"ArticleType\",\"usableColumn\":false,\"columnId\":3,\"isIncrement\":\"0\",\"increment\":false,\"insert\":true,\"isList\":\"1\",\"dictType\":\"portal_article_type\",\"required\":true,\"superColumn\":false,\"isInsert\":\"1\",\"isRequired\":\"1\",\"javaField\":\"articleType\",\"htmlType\":\"radio\",\"edit\":true,\"query\":true,\"columnComment\":\"文章类型（1：原创，2：转载，3：翻译）\",\"isQuery\":\"1\",\"updateTime\":1652623547000,\"sort\":3,\"list\":true,\"params\":{},\"javaType\":\"String\",\"queryType\":\"EQ\",\"columnType\":\"char(1)\",\"createBy\":\"admin\",\"isPk\":\"0\",\"createTime\":1652017547000,\"isEdit\":\"1\",\"tableId\":1,\"pk\":false,\"columnName\":\"article_type\"},{\"capJavaField\":\"Cover\",\"usableColumn\":false,\"columnId\":4,\"isIncrement\":\"0\",\"increment\":false,\"insert\":true,\"isList\":\"1\",\"dictType\":\"\",\"required\":true,\"superColumn\":false,\"isInsert\":\"1\",\"isRequired\":\"1\",\"javaField\":\"cover\",\"htmlType\":\"imageUpload\",\"edit\":true,\"query\":false,\"columnComment\":\"封面\",\"updateTime\":1652', '{\"msg\":\"操作成功\",\"code\":200}', 0, NULL, '2022-05-15 22:10:23');
INSERT INTO `sys_oper_log` VALUES (196, '文章信息', 1, 'com.dragon.web.controller.portal.ArticleController.add()', 'POST', 1, 'admin', '/portal/article', '127.0.0.1', '内网IP', '{\"summary\":\"测试发布\",\"articleTitle\":\"测试发布\",\"contentLevel\":\"1\",\"contentHtml\":\"<ol>\\n<li>走进Linux<br />\\n1.1 入门概述<br />\\n我们为什么要学习Linux</li>\\n</ol>\\n<p>linux诞生了这么多年，以前还喊着如何能取代windows系统，现在这个口号已经小多了，任何事物发展都有其局限性都有其天花板。就如同在国内再搞一个社交软件取代腾讯一样，想想而已基本不可能，因为用户已经习惯于使用微信交流，不是说技术上实现不了解而是老百姓已经习惯了，想让他们不用，即使他们自己不用亲戚朋友还是要用，没有办法的事情。</p>\\n<p>用习惯了windows操作系统，再让大家切换到别的操作系统基本上是不可能的事情，改变一个人已经养成的习惯太难。没有办法深入到普通老百姓的生活中，并不意味着linux就没有用武之地了。在服务器端，在开发领域linux倒是越来越受欢迎，很多程序员都觉得不懂点linux都觉得不好意思，linux在开源社区的地位依然岿然不动。</p>\\n<p>尤其是作为一个后端程序员，是必须要掌握Linux的，因为这都成为了你找工作的基础门槛了，所以不得不学习！</p>\\n<p>Linux 简介</p>\\n<p>Linux 内核最初只是由芬兰人林纳斯·托瓦兹（Linus Torvalds）在赫尔辛基大学上学时出于个人爱好而编写的。</p>\\n<p>Linux 是一套免费使用和自由传播的类 Unix 操作系统，是一个基于 POSIX（可移植操作系统接口） 和 UNIX 的多用户、多任务、支持多线程和多 CPU 的操作系统。</p>\\n<p>Linux 能运行主要的 UNIX 工具软件、应用程序和网络协议。它支持 32 位和 64 位硬件。Linux 继承了 Unix 以网络为核心的设计思想，是一个性能稳定的多用户网络操作系统。</p>\\n<p>Linux 发行版</p>\\n<p>Linux 的发行版说简单点就是将 Linux 内核与应用软件做一个打包。</p>\\n<p>目前市面上较知名的发行版有：Ubuntu、RedHat、CentOS、Debian、Fedora、SuSE、OpenSUSE、Arch Linux、SolusOS 等。</p>\\n\",\"params\":{},\"content\":\"1. 走进Linux\\n1.1 入门概述\\n我们为什么要学习Linux\\n\\nlinux诞生了这么多年，以前还喊着如何能取代windows系统，现在这个口号已经小多了，任何事物发展都有其局限性都有其天花板。就如同在国内再搞一个社交软件取代腾讯一样，想想而已基本不可能，因为用户已经习惯于使用微信交流，不是说技术上实现不了解而是老百姓已经习惯了，想让他们不用，即使他们自己不用亲戚朋友还是要用，没有办法的事情。\\n\\n用习惯了windows操作系统，再让大家切换到别的操作系统基本上是不可能的事情，改变一个人已经养成的习惯太难。没有办法深入到普通老百姓的生活中，并不意味着linux就没有用武之地了。在服务器端，在开发领域linux倒是越来越受欢迎，很多程序员都觉得不懂点linux都觉得不好意思，linux在开源社区的地位依然岿然不动。\\n\\n尤其是作为一个后端程序员，是必须要掌握Linux的，因为这都成为了你找工作的基础门槛了，所以不得不学习！\\n\\nLinux 简介\\n\\nLinux 内核最初只是由芬兰人林纳斯·托瓦兹（Linus Torvalds）在赫尔辛基大学上学时出于个人爱好而编写的。\\n\\nLinux 是一套免费使用和自由传播的类 Unix 操作系统，是一个基于 POSIX（可移植操作系统接口） 和 UNIX 的多用户、多任务、支持多线程和多 CPU 的操作系统。\\n\\nLinux 能运行主要的 UNIX 工具软件、应用程序和网络协议。它支持 32 位和 64 位硬件。Linux 继承了 Unix 以网络为核心的设计思想，是一个性能稳定的多用户网络操作系统。\\n\\nLinux 发行版\\n\\nLinux 的发行版说简单点就是将 Linux 内核与应用软件做一个打包。\\n\\n目前市面上较知名的发行版有：Ubuntu、RedHat、CentOS、Debian、Fedora、SuSE、OpenSUSE、Arch Linux、SolusOS 等。\",\"coverUrl\":\"https://blog-dragon.oss-cn-shenzhen.aliyuncs.com/2022-05-18/avatar_20220518230427A001.jpg\",\"publishType\":\"1\",\"articleType\":\"1\"}', NULL, 1, '\r\n### Error updating database.  Cause: java.sql.SQLException: Field \'file_name\' doesn\'t have a default value\r\n### The error may exist in file [D:\\Project\\idea-workspace\\my_blog\\blog-system\\target\\classes\\mapper\\system\\SysFileMapper.xml]\r\n### The error may involve com.dragon.system.mapper.SysFileMapper.insertSysFile-Inline\r\n### The error occurred while setting parameters\r\n### SQL: insert into sys_file          ( file_url,                                                                 is_enable,                          create_by,             create_time )           values ( ?,                                                                 ?,                          ?,             ? )\r\n### Cause: java.sql.SQLException: Field \'file_name\' doesn\'t have a default value\n; Field \'file_name\' doesn\'t have a default value; nested exception is java.sql.SQLException: Field \'file_name\' doesn\'t have a default value', '2022-05-18 23:04:58');
INSERT INTO `sys_oper_log` VALUES (197, '文章信息', 1, 'com.dragon.web.controller.portal.ArticleController.add()', 'POST', 1, 'admin', '/portal/article', '127.0.0.1', '内网IP', '{\"summary\":\"测试发布\",\"articleTitle\":\"测试发布\",\"contentLevel\":\"1\",\"contentHtml\":\"<ol>\\n<li>走进Linux<br />\\n1.1 入门概述<br />\\n我们为什么要学习Linux</li>\\n</ol>\\n<p>linux诞生了这么多年，以前还喊着如何能取代windows系统，现在这个口号已经小多了，任何事物发展都有其局限性都有其天花板。就如同在国内再搞一个社交软件取代腾讯一样，想想而已基本不可能，因为用户已经习惯于使用微信交流，不是说技术上实现不了解而是老百姓已经习惯了，想让他们不用，即使他们自己不用亲戚朋友还是要用，没有办法的事情。</p>\\n<p>用习惯了windows操作系统，再让大家切换到别的操作系统基本上是不可能的事情，改变一个人已经养成的习惯太难。没有办法深入到普通老百姓的生活中，并不意味着linux就没有用武之地了。在服务器端，在开发领域linux倒是越来越受欢迎，很多程序员都觉得不懂点linux都觉得不好意思，linux在开源社区的地位依然岿然不动。</p>\\n<p>尤其是作为一个后端程序员，是必须要掌握Linux的，因为这都成为了你找工作的基础门槛了，所以不得不学习！</p>\\n<p>Linux 简介</p>\\n<p>Linux 内核最初只是由芬兰人林纳斯·托瓦兹（Linus Torvalds）在赫尔辛基大学上学时出于个人爱好而编写的。</p>\\n<p>Linux 是一套免费使用和自由传播的类 Unix 操作系统，是一个基于 POSIX（可移植操作系统接口） 和 UNIX 的多用户、多任务、支持多线程和多 CPU 的操作系统。</p>\\n<p>Linux 能运行主要的 UNIX 工具软件、应用程序和网络协议。它支持 32 位和 64 位硬件。Linux 继承了 Unix 以网络为核心的设计思想，是一个性能稳定的多用户网络操作系统。</p>\\n<p>Linux 发行版</p>\\n<p>Linux 的发行版说简单点就是将 Linux 内核与应用软件做一个打包。</p>\\n<p>目前市面上较知名的发行版有：Ubuntu、RedHat、CentOS、Debian、Fedora、SuSE、OpenSUSE、Arch Linux、SolusOS 等。</p>\\n\",\"params\":{},\"content\":\"1. 走进Linux\\n1.1 入门概述\\n我们为什么要学习Linux\\n\\nlinux诞生了这么多年，以前还喊着如何能取代windows系统，现在这个口号已经小多了，任何事物发展都有其局限性都有其天花板。就如同在国内再搞一个社交软件取代腾讯一样，想想而已基本不可能，因为用户已经习惯于使用微信交流，不是说技术上实现不了解而是老百姓已经习惯了，想让他们不用，即使他们自己不用亲戚朋友还是要用，没有办法的事情。\\n\\n用习惯了windows操作系统，再让大家切换到别的操作系统基本上是不可能的事情，改变一个人已经养成的习惯太难。没有办法深入到普通老百姓的生活中，并不意味着linux就没有用武之地了。在服务器端，在开发领域linux倒是越来越受欢迎，很多程序员都觉得不懂点linux都觉得不好意思，linux在开源社区的地位依然岿然不动。\\n\\n尤其是作为一个后端程序员，是必须要掌握Linux的，因为这都成为了你找工作的基础门槛了，所以不得不学习！\\n\\nLinux 简介\\n\\nLinux 内核最初只是由芬兰人林纳斯·托瓦兹（Linus Torvalds）在赫尔辛基大学上学时出于个人爱好而编写的。\\n\\nLinux 是一套免费使用和自由传播的类 Unix 操作系统，是一个基于 POSIX（可移植操作系统接口） 和 UNIX 的多用户、多任务、支持多线程和多 CPU 的操作系统。\\n\\nLinux 能运行主要的 UNIX 工具软件、应用程序和网络协议。它支持 32 位和 64 位硬件。Linux 继承了 Unix 以网络为核心的设计思想，是一个性能稳定的多用户网络操作系统。\\n\\nLinux 发行版\\n\\nLinux 的发行版说简单点就是将 Linux 内核与应用软件做一个打包。\\n\\n目前市面上较知名的发行版有：Ubuntu、RedHat、CentOS、Debian、Fedora、SuSE、OpenSUSE、Arch Linux、SolusOS 等。\",\"coverUrl\":\"https://blog-dragon.oss-cn-shenzhen.aliyuncs.com/2022-05-18/avatar_20220518230427A001.jpg\",\"createBy\":\"admin\",\"publishType\":\"1\",\"articleTy', NULL, 1, '\r\n### Error updating database.  Cause: java.sql.SQLException: Field \'cover\' doesn\'t have a default value\r\n### The error may exist in file [D:\\Project\\idea-workspace\\my_blog\\blog-portal\\target\\classes\\mapper\\portal\\ArticleMapper.xml]\r\n### The error may involve com.dragon.portal.mapper.ArticleMapper.insertArticle-Inline\r\n### The error occurred while setting parameters\r\n### SQL: insert into portal_article          ( article_title,             article_type,                          summary,             publish_type,             content_level,                          content,             content_html,             create_by,             create_time )           values ( ?,             ?,                          ?,             ?,             ?,                          ?,             ?,             ?,             ? )\r\n### Cause: java.sql.SQLException: Field \'cover\' doesn\'t have a default value\n; Field \'cover\' doesn\'t have a default value; nested exception is java.sql.SQLException: Field \'cover\' doesn\'t have a default value', '2022-05-18 23:06:33');
INSERT INTO `sys_oper_log` VALUES (198, '文章信息', 1, 'com.dragon.web.controller.portal.ArticleController.add()', 'POST', 1, 'admin', '/portal/article', '127.0.0.1', '内网IP', '{\"summary\":\"测试发布\",\"articleTitle\":\"测试发布\",\"contentLevel\":\"1\",\"contentHtml\":\"<ol>\\n<li>走进Linux<br />\\n1.1 入门概述<br />\\n我们为什么要学习Linux</li>\\n</ol>\\n<p>linux诞生了这么多年，以前还喊着如何能取代windows系统，现在这个口号已经小多了，任何事物发展都有其局限性都有其天花板。就如同在国内再搞一个社交软件取代腾讯一样，想想而已基本不可能，因为用户已经习惯于使用微信交流，不是说技术上实现不了解而是老百姓已经习惯了，想让他们不用，即使他们自己不用亲戚朋友还是要用，没有办法的事情。</p>\\n<p>用习惯了windows操作系统，再让大家切换到别的操作系统基本上是不可能的事情，改变一个人已经养成的习惯太难。没有办法深入到普通老百姓的生活中，并不意味着linux就没有用武之地了。在服务器端，在开发领域linux倒是越来越受欢迎，很多程序员都觉得不懂点linux都觉得不好意思，linux在开源社区的地位依然岿然不动。</p>\\n<p>尤其是作为一个后端程序员，是必须要掌握Linux的，因为这都成为了你找工作的基础门槛了，所以不得不学习！</p>\\n<p>Linux 简介</p>\\n<p>Linux 内核最初只是由芬兰人林纳斯·托瓦兹（Linus Torvalds）在赫尔辛基大学上学时出于个人爱好而编写的。</p>\\n<p>Linux 是一套免费使用和自由传播的类 Unix 操作系统，是一个基于 POSIX（可移植操作系统接口） 和 UNIX 的多用户、多任务、支持多线程和多 CPU 的操作系统。</p>\\n<p>Linux 能运行主要的 UNIX 工具软件、应用程序和网络协议。它支持 32 位和 64 位硬件。Linux 继承了 Unix 以网络为核心的设计思想，是一个性能稳定的多用户网络操作系统。</p>\\n<p>Linux 发行版</p>\\n<p>Linux 的发行版说简单点就是将 Linux 内核与应用软件做一个打包。</p>\\n<p>目前市面上较知名的发行版有：Ubuntu、RedHat、CentOS、Debian、Fedora、SuSE、OpenSUSE、Arch Linux、SolusOS 等。</p>\\n\",\"params\":{},\"content\":\"1. 走进Linux\\n1.1 入门概述\\n我们为什么要学习Linux\\n\\nlinux诞生了这么多年，以前还喊着如何能取代windows系统，现在这个口号已经小多了，任何事物发展都有其局限性都有其天花板。就如同在国内再搞一个社交软件取代腾讯一样，想想而已基本不可能，因为用户已经习惯于使用微信交流，不是说技术上实现不了解而是老百姓已经习惯了，想让他们不用，即使他们自己不用亲戚朋友还是要用，没有办法的事情。\\n\\n用习惯了windows操作系统，再让大家切换到别的操作系统基本上是不可能的事情，改变一个人已经养成的习惯太难。没有办法深入到普通老百姓的生活中，并不意味着linux就没有用武之地了。在服务器端，在开发领域linux倒是越来越受欢迎，很多程序员都觉得不懂点linux都觉得不好意思，linux在开源社区的地位依然岿然不动。\\n\\n尤其是作为一个后端程序员，是必须要掌握Linux的，因为这都成为了你找工作的基础门槛了，所以不得不学习！\\n\\nLinux 简介\\n\\nLinux 内核最初只是由芬兰人林纳斯·托瓦兹（Linus Torvalds）在赫尔辛基大学上学时出于个人爱好而编写的。\\n\\nLinux 是一套免费使用和自由传播的类 Unix 操作系统，是一个基于 POSIX（可移植操作系统接口） 和 UNIX 的多用户、多任务、支持多线程和多 CPU 的操作系统。\\n\\nLinux 能运行主要的 UNIX 工具软件、应用程序和网络协议。它支持 32 位和 64 位硬件。Linux 继承了 Unix 以网络为核心的设计思想，是一个性能稳定的多用户网络操作系统。\\n\\nLinux 发行版\\n\\nLinux 的发行版说简单点就是将 Linux 内核与应用软件做一个打包。\\n\\n目前市面上较知名的发行版有：Ubuntu、RedHat、CentOS、Debian、Fedora、SuSE、OpenSUSE、Arch Linux、SolusOS 等。\",\"cover\":36,\"coverUrl\":\"https://blog-dragon.oss-cn-shenzhen.aliyuncs.com/2022-05-18/avatar_20220518230427A001.jpg\",\"createBy\":\"admin\",\"publishType\":\"1\"', NULL, 1, '\r\n### Error updating database.  Cause: java.sql.SQLException: Field \'status\' doesn\'t have a default value\r\n### The error may exist in file [D:\\Project\\idea-workspace\\my_blog\\blog-portal\\target\\classes\\mapper\\portal\\ArticleMapper.xml]\r\n### The error may involve com.dragon.portal.mapper.ArticleMapper.insertArticle-Inline\r\n### The error occurred while setting parameters\r\n### SQL: insert into portal_article          ( article_title,             article_type,             cover,             summary,             publish_type,             content_level,                          content,             content_html,             create_by,             create_time )           values ( ?,             ?,             ?,             ?,             ?,             ?,                          ?,             ?,             ?,             ? )\r\n### Cause: java.sql.SQLException: Field \'status\' doesn\'t have a default value\n; Field \'status\' doesn\'t have a default value; nested exception is java.sql.SQLException: Field \'status\' doesn\'t have a default value', '2022-05-18 23:07:46');
INSERT INTO `sys_oper_log` VALUES (199, '文章信息', 1, 'com.dragon.web.controller.portal.ArticleController.add()', 'POST', 1, 'admin', '/portal/article', '127.0.0.1', '内网IP', '{\"summary\":\"测试发布\",\"articleTitle\":\"测试发布\",\"articleId\":1,\"contentLevel\":\"1\",\"contentHtml\":\"<ol>\\n<li>走进Linux<br />\\n1.1 入门概述<br />\\n我们为什么要学习Linux</li>\\n</ol>\\n<p>linux诞生了这么多年，以前还喊着如何能取代windows系统，现在这个口号已经小多了，任何事物发展都有其局限性都有其天花板。就如同在国内再搞一个社交软件取代腾讯一样，想想而已基本不可能，因为用户已经习惯于使用微信交流，不是说技术上实现不了解而是老百姓已经习惯了，想让他们不用，即使他们自己不用亲戚朋友还是要用，没有办法的事情。</p>\\n<p>用习惯了windows操作系统，再让大家切换到别的操作系统基本上是不可能的事情，改变一个人已经养成的习惯太难。没有办法深入到普通老百姓的生活中，并不意味着linux就没有用武之地了。在服务器端，在开发领域linux倒是越来越受欢迎，很多程序员都觉得不懂点linux都觉得不好意思，linux在开源社区的地位依然岿然不动。</p>\\n<p>尤其是作为一个后端程序员，是必须要掌握Linux的，因为这都成为了你找工作的基础门槛了，所以不得不学习！</p>\\n<p>Linux 简介</p>\\n<p>Linux 内核最初只是由芬兰人林纳斯·托瓦兹（Linus Torvalds）在赫尔辛基大学上学时出于个人爱好而编写的。</p>\\n<p>Linux 是一套免费使用和自由传播的类 Unix 操作系统，是一个基于 POSIX（可移植操作系统接口） 和 UNIX 的多用户、多任务、支持多线程和多 CPU 的操作系统。</p>\\n<p>Linux 能运行主要的 UNIX 工具软件、应用程序和网络协议。它支持 32 位和 64 位硬件。Linux 继承了 Unix 以网络为核心的设计思想，是一个性能稳定的多用户网络操作系统。</p>\\n<p>Linux 发行版</p>\\n<p>Linux 的发行版说简单点就是将 Linux 内核与应用软件做一个打包。</p>\\n<p>目前市面上较知名的发行版有：Ubuntu、RedHat、CentOS、Debian、Fedora、SuSE、OpenSUSE、Arch Linux、SolusOS 等。</p>\\n\",\"params\":{},\"content\":\"1. 走进Linux\\n1.1 入门概述\\n我们为什么要学习Linux\\n\\nlinux诞生了这么多年，以前还喊着如何能取代windows系统，现在这个口号已经小多了，任何事物发展都有其局限性都有其天花板。就如同在国内再搞一个社交软件取代腾讯一样，想想而已基本不可能，因为用户已经习惯于使用微信交流，不是说技术上实现不了解而是老百姓已经习惯了，想让他们不用，即使他们自己不用亲戚朋友还是要用，没有办法的事情。\\n\\n用习惯了windows操作系统，再让大家切换到别的操作系统基本上是不可能的事情，改变一个人已经养成的习惯太难。没有办法深入到普通老百姓的生活中，并不意味着linux就没有用武之地了。在服务器端，在开发领域linux倒是越来越受欢迎，很多程序员都觉得不懂点linux都觉得不好意思，linux在开源社区的地位依然岿然不动。\\n\\n尤其是作为一个后端程序员，是必须要掌握Linux的，因为这都成为了你找工作的基础门槛了，所以不得不学习！\\n\\nLinux 简介\\n\\nLinux 内核最初只是由芬兰人林纳斯·托瓦兹（Linus Torvalds）在赫尔辛基大学上学时出于个人爱好而编写的。\\n\\nLinux 是一套免费使用和自由传播的类 Unix 操作系统，是一个基于 POSIX（可移植操作系统接口） 和 UNIX 的多用户、多任务、支持多线程和多 CPU 的操作系统。\\n\\nLinux 能运行主要的 UNIX 工具软件、应用程序和网络协议。它支持 32 位和 64 位硬件。Linux 继承了 Unix 以网络为核心的设计思想，是一个性能稳定的多用户网络操作系统。\\n\\nLinux 发行版\\n\\nLinux 的发行版说简单点就是将 Linux 内核与应用软件做一个打包。\\n\\n目前市面上较知名的发行版有：Ubuntu、RedHat、CentOS、Debian、Fedora、SuSE、OpenSUSE、Arch Linux、SolusOS 等。\",\"cover\":37,\"coverUrl\":\"https://blog-dragon.oss-cn-shenzhen.aliyuncs.com/2022-05-18/avatar_20220518230427A001.jpg\",\"createBy\":\"admin\",\"pu', '{\"msg\":\"操作成功\",\"code\":200}', 0, NULL, '2022-05-18 23:09:38');
INSERT INTO `sys_oper_log` VALUES (200, '文章信息', 1, 'com.dragon.web.controller.portal.ArticleController.add()', 'POST', 1, 'admin', '/portal/article', '127.0.0.1', '内网IP', '{\"summary\":\"Vue的学习是路阻且艰的，这是一个系列文章，帮助vue的新手可以快速上路，创建的自己的项目，该系列文章主要讲解作者在vue学习之路上，创建项目中最重要的知识，因为笔者水平有限，希望大家多多指正，该系列文章旨在让大家感受vue的便捷，详细学习vue希望大家多多观看官方文档.\",\"articleTitle\":\"Vue父子组件传值\",\"articleId\":2,\"contentLevel\":\"2\",\"contentHtml\":\"<p>前言<br />\\n例如：Vue的学习是路阻且艰的，这是一个系列文章，帮助vue的新手可以快速上路，创建的自己的项目，该系列文章主要讲解作者在vue学习之路上，创建项目中最重要的知识，因为笔者水平有限，希望大家多多指正，该系列文章旨在让大家感受vue的便捷，详细学习vue希望大家多多观看官方文档.</p>\\n<p>一、Vue父子传值的方法<br />\\n我们在Vue项目进行父子传值主要有以下三种方法：<br />\\n(1) props / $emit<br />\\n(2) $parent / children<br />\\n(3) $ref<br />\\n在观看方法详解时大家先创建一个父组件parent.vue和一个子组件child.vue并完成父子组件的注册</p>\\n\",\"params\":{},\"content\":\"前言\\n例如：Vue的学习是路阻且艰的，这是一个系列文章，帮助vue的新手可以快速上路，创建的自己的项目，该系列文章主要讲解作者在vue学习之路上，创建项目中最重要的知识，因为笔者水平有限，希望大家多多指正，该系列文章旨在让大家感受vue的便捷，详细学习vue希望大家多多观看官方文档.\\n\\n一、Vue父子传值的方法\\n我们在Vue项目进行父子传值主要有以下三种方法：\\n(1) props / $emit\\n(2) $parent / children\\n(3) $ref\\n在观看方法详解时大家先创建一个父组件parent.vue和一个子组件child.vue并完成父子组件的注册\",\"cover\":38,\"coverUrl\":\"https://blog-dragon.oss-cn-shenzhen.aliyuncs.com/2022-06-06/boy_20220606175323A001.png\",\"createBy\":\"admin\",\"publishType\":\"3\",\"articleType\":\"2\",\"createTime\":1654509207733,\"status\":\"0\"}', '{\"msg\":\"操作成功\",\"code\":200}', 0, NULL, '2022-06-06 17:53:27');
INSERT INTO `sys_oper_log` VALUES (201, '文章信息', 1, 'com.dragon.web.controller.portal.ArticleController.add()', 'POST', 1, 'admin', '/portal/article', '127.0.0.1', '内网IP', '{\"summary\":\"问题：vue.js a标签href里有变量，函数拼接问题\",\"articleTitle\":\"vue中a标签的href属性的写法\",\"articleId\":3,\"contentLevel\":\"3\",\"contentHtml\":\"<p>问题：vue.js a标签href里有变量，函数拼接问题</p>\\n<p>正确格式：</p>\\n<pre><div class=\\\"hljs\\\"><code class=\\\"lang-html\\\"><span class=\\\"hljs-tag\\\">&lt;<span class=\\\"hljs-name\\\">a</span> <span class=\\\"hljs-attr\\\">:href</span> =<span class=\\\"hljs-string\\\">&quot;&#x27;http://search.jd.com/Search?enc=utf-8&amp;keyword=&#x27;+keyWord+&#x27;&amp;page=&#x27;+Math.ceil(record.skuRank/60)+&#x27;.html&#x27;&quot;</span>&gt;</span>跳转<span class=\\\"hljs-tag\\\">&lt;/<span class=\\\"hljs-name\\\">a</span>&gt;</span>\\n</code></div></pre>\\n<p>注意点：</p>\\n<p>1.href前面要加“：”</p>\\n<p>2.字符串要用单引号“ ’ ”包住</p>\\n<p>3.句尾要加“.html”</p>\\n\",\"params\":{},\"content\":\"问题：vue.js a标签href里有变量，函数拼接问题\\n\\n正确格式：\\n\\n```html\\n<a :href =\\\"\'http://search.jd.com/Search?enc=utf-8&keyword=\'+keyWord+\'&page=\'+Math.ceil(record.skuRank/60)+\'.html\'\\\">跳转</a>\\n```\\n\\n\\n注意点：\\n\\n1.href前面要加“：”\\n\\n2.字符串要用单引号“ ’ ”包住\\n\\n3.句尾要加“.html”\",\"cover\":39,\"coverUrl\":\"https://blog-dragon.oss-cn-shenzhen.aliyuncs.com/2022-06-06/vue_20220606180150A002.png\",\"createBy\":\"admin\",\"publishType\":\"3\",\"articleType\":\"3\",\"createTime\":1654509714371,\"status\":\"0\"}', '{\"msg\":\"操作成功\",\"code\":200}', 0, NULL, '2022-06-06 18:01:54');
INSERT INTO `sys_oper_log` VALUES (202, '文章信息', 2, 'com.dragon.web.controller.portal.ArticleController.edit()', 'PUT', 1, 'admin', '/portal/article', '127.0.0.1', '内网IP', '{\"summary\":\"Vue的学习是路阻且艰的，这是一个系列文章，帮助vue的新手可以快速上路，创建的自己的项目，该系列文章主要讲解作者在vue学习之路上，创建项目中最重要的知识，因为笔者水平有限，希望大家多多指正，该系列文章旨在让大家感受vue的便捷，详细学习vue希望大家多多观看官方文档.\",\"articleTitle\":\"Vue父子组件传值\",\"articleId\":2,\"contentLevel\":\"2\",\"updateTime\":1654510046675,\"contentHtml\":\"<p>前言<br />\\n例如：Vue的学习是路阻且艰的，这是一个系列文章，帮助vue的新手可以快速上路，创建的自己的项目，该系列文章主要讲解作者在vue学习之路上，创建项目中最重要的知识，因为笔者水平有限，希望大家多多指正，该系列文章旨在让大家感受vue的便捷，详细学习vue希望大家多多观看官方文档.</p>\\n<p>一、Vue父子传值的方法<br />\\n我们在Vue项目进行父子传值主要有以下三种方法：<br />\\n(1) props / $emit<br />\\n(2) $parent / children<br />\\n(3) $ref<br />\\n在观看方法详解时大家先创建一个父组件parent.vue和一个子组件child.vue并完成父子组件的注册1</p>\\n\",\"params\":{},\"content\":\"前言\\n例如：Vue的学习是路阻且艰的，这是一个系列文章，帮助vue的新手可以快速上路，创建的自己的项目，该系列文章主要讲解作者在vue学习之路上，创建项目中最重要的知识，因为笔者水平有限，希望大家多多指正，该系列文章旨在让大家感受vue的便捷，详细学习vue希望大家多多观看官方文档.\\n\\n一、Vue父子传值的方法\\n我们在Vue项目进行父子传值主要有以下三种方法：\\n(1) props / $emit\\n(2) $parent / children\\n(3) $ref\\n在观看方法详解时大家先创建一个父组件parent.vue和一个子组件child.vue并完成父子组件的注册1\",\"cover\":38,\"coverUrl\":\"https://blog-dragon.oss-cn-shenzhen.aliyuncs.com/2022-06-06/boy_20220606175323A001.png\",\"createBy\":\"admin\",\"publishType\":\"3\",\"articleType\":\"2\",\"createTime\":1654509208000,\"status\":\"0\"}', '{\"msg\":\"操作成功\",\"code\":200}', 0, NULL, '2022-06-06 18:07:26');
INSERT INTO `sys_oper_log` VALUES (203, '文章信息', 2, 'com.dragon.web.controller.portal.ArticleController.edit()', 'PUT', 1, 'admin', '/portal/article', '127.0.0.1', '内网IP', '{\"summary\":\"Vue的学习是路阻且艰的，这是一个系列文章，帮助vue的新手可以快速上路，创建的自己的项目，该系列文章主要讲解作者在vue学习之路上，创建项目中最重要的知识，因为笔者水平有限，希望大家多多指正，该系列文章旨在让大家感受vue的便捷，详细学习vue希望大家多多观看官方文档.\",\"articleTitle\":\"Vue父子组件传值\",\"articleId\":2,\"contentLevel\":\"2\",\"updateTime\":1654510068277,\"contentHtml\":\"<p>前言<br />\\n例如：Vue的学习是路阻且艰的，这是一个系列文章，帮助vue的新手可以快速上路，创建的自己的项目，该系列文章主要讲解作者在vue学习之路上，创建项目中最重要的知识，因为笔者水平有限，希望大家多多指正，该系列文章旨在让大家感受vue的便捷，详细学习vue希望大家多多观看官方文档.</p>\\n<p>一、Vue父子传值的方法<br />\\n我们在Vue项目进行父子传值主要有以下三种方法：<br />\\n(1) props / $emit<br />\\n(2) $parent / children<br />\\n(3) $ref<br />\\n在观看方法详解时大家先创建一个父组件parent.vue和一个子组件child.vue并完成父子组件的注册</p>\\n\",\"params\":{},\"content\":\"前言\\n例如：Vue的学习是路阻且艰的，这是一个系列文章，帮助vue的新手可以快速上路，创建的自己的项目，该系列文章主要讲解作者在vue学习之路上，创建项目中最重要的知识，因为笔者水平有限，希望大家多多指正，该系列文章旨在让大家感受vue的便捷，详细学习vue希望大家多多观看官方文档.\\n\\n一、Vue父子传值的方法\\n我们在Vue项目进行父子传值主要有以下三种方法：\\n(1) props / $emit\\n(2) $parent / children\\n(3) $ref\\n在观看方法详解时大家先创建一个父组件parent.vue和一个子组件child.vue并完成父子组件的注册\",\"cover\":38,\"coverUrl\":\"https://blog-dragon.oss-cn-shenzhen.aliyuncs.com/2022-06-06/boy_20220606175323A001.png\",\"createBy\":\"admin\",\"publishType\":\"3\",\"articleType\":\"2\",\"createTime\":1654509208000,\"status\":\"0\"}', '{\"msg\":\"操作成功\",\"code\":200}', 0, NULL, '2022-06-06 18:07:48');
INSERT INTO `sys_oper_log` VALUES (204, '文章信息', 2, 'com.dragon.web.controller.portal.ArticleController.edit()', 'PUT', 1, 'admin', '/portal/article', '127.0.0.1', '内网IP', '{\"summary\":\"测试发布\",\"articleTitle\":\"走进Linux\",\"articleId\":1,\"contentLevel\":\"2\",\"updateTime\":1654510270811,\"contentHtml\":\"<ol>\\n<li>走进Linux<br />\\n1.1 入门概述<br />\\n我们为什么要学习Linux</li>\\n</ol>\\n<p>linux诞生了这么多年，以前还喊着如何能取代windows系统，现在这个口号已经小多了，任何事物发展都有其局限性都有其天花板。就如同在国内再搞一个社交软件取代腾讯一样，想想而已基本不可能，因为用户已经习惯于使用微信交流，不是说技术上实现不了解而是老百姓已经习惯了，想让他们不用，即使他们自己不用亲戚朋友还是要用，没有办法的事情。</p>\\n<p>用习惯了windows操作系统，再让大家切换到别的操作系统基本上是不可能的事情，改变一个人已经养成的习惯太难。没有办法深入到普通老百姓的生活中，并不意味着linux就没有用武之地了。在服务器端，在开发领域linux倒是越来越受欢迎，很多程序员都觉得不懂点linux都觉得不好意思，linux在开源社区的地位依然岿然不动。</p>\\n<p>尤其是作为一个后端程序员，是必须要掌握Linux的，因为这都成为了你找工作的基础门槛了，所以不得不学习！</p>\\n<p>Linux 简介</p>\\n<p>Linux 内核最初只是由芬兰人林纳斯·托瓦兹（Linus Torvalds）在赫尔辛基大学上学时出于个人爱好而编写的。</p>\\n<p>Linux 是一套免费使用和自由传播的类 Unix 操作系统，是一个基于 POSIX（可移植操作系统接口） 和 UNIX 的多用户、多任务、支持多线程和多 CPU 的操作系统。</p>\\n<p>Linux 能运行主要的 UNIX 工具软件、应用程序和网络协议。它支持 32 位和 64 位硬件。Linux 继承了 Unix 以网络为核心的设计思想，是一个性能稳定的多用户网络操作系统。</p>\\n<p>Linux 发行版</p>\\n<p>Linux 的发行版说简单点就是将 Linux 内核与应用软件做一个打包。</p>\\n<p>目前市面上较知名的发行版有：Ubuntu、RedHat、CentOS、Debian、Fedora、SuSE、OpenSUSE、Arch Linux、SolusOS 等。</p>\\n\",\"params\":{},\"content\":\"1. 走进Linux\\n1.1 入门概述\\n我们为什么要学习Linux\\n\\nlinux诞生了这么多年，以前还喊着如何能取代windows系统，现在这个口号已经小多了，任何事物发展都有其局限性都有其天花板。就如同在国内再搞一个社交软件取代腾讯一样，想想而已基本不可能，因为用户已经习惯于使用微信交流，不是说技术上实现不了解而是老百姓已经习惯了，想让他们不用，即使他们自己不用亲戚朋友还是要用，没有办法的事情。\\n\\n用习惯了windows操作系统，再让大家切换到别的操作系统基本上是不可能的事情，改变一个人已经养成的习惯太难。没有办法深入到普通老百姓的生活中，并不意味着linux就没有用武之地了。在服务器端，在开发领域linux倒是越来越受欢迎，很多程序员都觉得不懂点linux都觉得不好意思，linux在开源社区的地位依然岿然不动。\\n\\n尤其是作为一个后端程序员，是必须要掌握Linux的，因为这都成为了你找工作的基础门槛了，所以不得不学习！\\n\\nLinux 简介\\n\\nLinux 内核最初只是由芬兰人林纳斯·托瓦兹（Linus Torvalds）在赫尔辛基大学上学时出于个人爱好而编写的。\\n\\nLinux 是一套免费使用和自由传播的类 Unix 操作系统，是一个基于 POSIX（可移植操作系统接口） 和 UNIX 的多用户、多任务、支持多线程和多 CPU 的操作系统。\\n\\nLinux 能运行主要的 UNIX 工具软件、应用程序和网络协议。它支持 32 位和 64 位硬件。Linux 继承了 Unix 以网络为核心的设计思想，是一个性能稳定的多用户网络操作系统。\\n\\nLinux 发行版\\n\\nLinux 的发行版说简单点就是将 Linux 内核与应用软件做一个打包。\\n\\n目前市面上较知名的发行版有：Ubuntu、RedHat、CentOS、Debian、Fedora、SuSE、OpenSUSE、Arch Linux、SolusOS 等。\",\"cover\":37,\"coverUrl\":\"https://blog-dragon.oss-cn-shenzhen.aliyuncs.com/2022-05-18/avatar_20220518230427A0', '{\"msg\":\"操作成功\",\"code\":200}', 0, NULL, '2022-06-06 18:11:10');
INSERT INTO `sys_oper_log` VALUES (205, '文章信息', 2, 'com.dragon.web.controller.portal.ArticleController.edit()', 'PUT', 1, 'admin', '/portal/article', '127.0.0.1', '内网IP', '{\"articleId\":1,\"articleTitle\":\"走进Linux1\",\"articleType\":\"1\",\"content\":\"1. 走进Linux\\n1.1 入门概述\\n我们为什么要学习Linux\\n\\nlinux诞生了这么多年，以前还喊着如何能取代windows系统，现在这个口号已经小多了，任何事物发展都有其局限性都有其天花板。就如同在国内再搞一个社交软件取代腾讯一样，想想而已基本不可能，因为用户已经习惯于使用微信交流，不是说技术上实现不了解而是老百姓已经习惯了，想让他们不用，即使他们自己不用亲戚朋友还是要用，没有办法的事情。\\n\\n用习惯了windows操作系统，再让大家切换到别的操作系统基本上是不可能的事情，改变一个人已经养成的习惯太难。没有办法深入到普通老百姓的生活中，并不意味着linux就没有用武之地了。在服务器端，在开发领域linux倒是越来越受欢迎，很多程序员都觉得不懂点linux都觉得不好意思，linux在开源社区的地位依然岿然不动。\\n\\n尤其是作为一个后端程序员，是必须要掌握Linux的，因为这都成为了你找工作的基础门槛了，所以不得不学习！\\n\\nLinux 简介\\n\\nLinux 内核最初只是由芬兰人林纳斯·托瓦兹（Linus Torvalds）在赫尔辛基大学上学时出于个人爱好而编写的。\\n\\nLinux 是一套免费使用和自由传播的类 Unix 操作系统，是一个基于 POSIX（可移植操作系统接口） 和 UNIX 的多用户、多任务、支持多线程和多 CPU 的操作系统。\\n\\nLinux 能运行主要的 UNIX 工具软件、应用程序和网络协议。它支持 32 位和 64 位硬件。Linux 继承了 Unix 以网络为核心的设计思想，是一个性能稳定的多用户网络操作系统。\\n\\nLinux 发行版\\n\\nLinux 的发行版说简单点就是将 Linux 内核与应用软件做一个打包。\\n\\n目前市面上较知名的发行版有：Ubuntu、RedHat、CentOS、Debian、Fedora、SuSE、OpenSUSE、Arch Linux、SolusOS 等。\",\"contentHtml\":\"<ol>\\n<li>走进Linux<br />\\n1.1 入门概述<br />\\n我们为什么要学习Linux</li>\\n</ol>\\n<p>linux诞生了这么多年，以前还喊着如何能取代windows系统，现在这个口号已经小多了，任何事物发展都有其局限性都有其天花板。就如同在国内再搞一个社交软件取代腾讯一样，想想而已基本不可能，因为用户已经习惯于使用微信交流，不是说技术上实现不了解而是老百姓已经习惯了，想让他们不用，即使他们自己不用亲戚朋友还是要用，没有办法的事情。</p>\\n<p>用习惯了windows操作系统，再让大家切换到别的操作系统基本上是不可能的事情，改变一个人已经养成的习惯太难。没有办法深入到普通老百姓的生活中，并不意味着linux就没有用武之地了。在服务器端，在开发领域linux倒是越来越受欢迎，很多程序员都觉得不懂点linux都觉得不好意思，linux在开源社区的地位依然岿然不动。</p>\\n<p>尤其是作为一个后端程序员，是必须要掌握Linux的，因为这都成为了你找工作的基础门槛了，所以不得不学习！</p>\\n<p>Linux 简介</p>\\n<p>Linux 内核最初只是由芬兰人林纳斯·托瓦兹（Linus Torvalds）在赫尔辛基大学上学时出于个人爱好而编写的。</p>\\n<p>Linux 是一套免费使用和自由传播的类 Unix 操作系统，是一个基于 POSIX（可移植操作系统接口） 和 UNIX 的多用户、多任务、支持多线程和多 CPU 的操作系统。</p>\\n<p>Linux 能运行主要的 UNIX 工具软件、应用程序和网络协议。它支持 32 位和 64 位硬件。Linux 继承了 Unix 以网络为核心的设计思想，是一个性能稳定的多用户网络操作系统。</p>\\n<p>Linux 发行版</p>\\n<p>Linux 的发行版说简单点就是将 Linux 内核与应用软件做一个打包。</p>\\n<p>目前市面上较知名的发行版有：Ubuntu、RedHat、CentOS、Debian、Fedora、SuSE、OpenSUSE、Arch Linux、SolusOS 等。</p>\\n\",\"contentLevel\":\"2\",\"cover\":37,\"coverUrl\":\"https://blog-dragon.oss-cn-shenzhen.aliyuncs.com/2022-05-18/avatar_20220518230427A001.jpg\",\"createBy\":\"admin\",\"createTim', '{\"msg\":\"操作成功\",\"code\":200}', 0, NULL, '2022-06-09 16:03:35');
INSERT INTO `sys_oper_log` VALUES (206, '文章信息', 2, 'com.dragon.web.controller.portal.ArticleController.edit()', 'PUT', 1, 'admin', '/portal/article', '127.0.0.1', '内网IP', '{\"articleId\":1,\"articleTitle\":\"走进Linux\",\"articleType\":\"1\",\"content\":\"1. 走进Linux\\n1.1 入门概述\\n我们为什么要学习Linux\\n\\nlinux诞生了这么多年，以前还喊着如何能取代windows系统，现在这个口号已经小多了，任何事物发展都有其局限性都有其天花板。就如同在国内再搞一个社交软件取代腾讯一样，想想而已基本不可能，因为用户已经习惯于使用微信交流，不是说技术上实现不了解而是老百姓已经习惯了，想让他们不用，即使他们自己不用亲戚朋友还是要用，没有办法的事情。\\n\\n用习惯了windows操作系统，再让大家切换到别的操作系统基本上是不可能的事情，改变一个人已经养成的习惯太难。没有办法深入到普通老百姓的生活中，并不意味着linux就没有用武之地了。在服务器端，在开发领域linux倒是越来越受欢迎，很多程序员都觉得不懂点linux都觉得不好意思，linux在开源社区的地位依然岿然不动。\\n\\n尤其是作为一个后端程序员，是必须要掌握Linux的，因为这都成为了你找工作的基础门槛了，所以不得不学习！\\n\\nLinux 简介\\n\\nLinux 内核最初只是由芬兰人林纳斯·托瓦兹（Linus Torvalds）在赫尔辛基大学上学时出于个人爱好而编写的。\\n\\nLinux 是一套免费使用和自由传播的类 Unix 操作系统，是一个基于 POSIX（可移植操作系统接口） 和 UNIX 的多用户、多任务、支持多线程和多 CPU 的操作系统。\\n\\nLinux 能运行主要的 UNIX 工具软件、应用程序和网络协议。它支持 32 位和 64 位硬件。Linux 继承了 Unix 以网络为核心的设计思想，是一个性能稳定的多用户网络操作系统。\\n\\nLinux 发行版\\n\\nLinux 的发行版说简单点就是将 Linux 内核与应用软件做一个打包。\\n\\n目前市面上较知名的发行版有：Ubuntu、RedHat、CentOS、Debian、Fedora、SuSE、OpenSUSE、Arch Linux、SolusOS 等。\",\"contentHtml\":\"<ol>\\n<li>走进Linux<br />\\n1.1 入门概述<br />\\n我们为什么要学习Linux</li>\\n</ol>\\n<p>linux诞生了这么多年，以前还喊着如何能取代windows系统，现在这个口号已经小多了，任何事物发展都有其局限性都有其天花板。就如同在国内再搞一个社交软件取代腾讯一样，想想而已基本不可能，因为用户已经习惯于使用微信交流，不是说技术上实现不了解而是老百姓已经习惯了，想让他们不用，即使他们自己不用亲戚朋友还是要用，没有办法的事情。</p>\\n<p>用习惯了windows操作系统，再让大家切换到别的操作系统基本上是不可能的事情，改变一个人已经养成的习惯太难。没有办法深入到普通老百姓的生活中，并不意味着linux就没有用武之地了。在服务器端，在开发领域linux倒是越来越受欢迎，很多程序员都觉得不懂点linux都觉得不好意思，linux在开源社区的地位依然岿然不动。</p>\\n<p>尤其是作为一个后端程序员，是必须要掌握Linux的，因为这都成为了你找工作的基础门槛了，所以不得不学习！</p>\\n<p>Linux 简介</p>\\n<p>Linux 内核最初只是由芬兰人林纳斯·托瓦兹（Linus Torvalds）在赫尔辛基大学上学时出于个人爱好而编写的。</p>\\n<p>Linux 是一套免费使用和自由传播的类 Unix 操作系统，是一个基于 POSIX（可移植操作系统接口） 和 UNIX 的多用户、多任务、支持多线程和多 CPU 的操作系统。</p>\\n<p>Linux 能运行主要的 UNIX 工具软件、应用程序和网络协议。它支持 32 位和 64 位硬件。Linux 继承了 Unix 以网络为核心的设计思想，是一个性能稳定的多用户网络操作系统。</p>\\n<p>Linux 发行版</p>\\n<p>Linux 的发行版说简单点就是将 Linux 内核与应用软件做一个打包。</p>\\n<p>目前市面上较知名的发行版有：Ubuntu、RedHat、CentOS、Debian、Fedora、SuSE、OpenSUSE、Arch Linux、SolusOS 等。</p>\\n\",\"contentLevel\":\"2\",\"cover\":37,\"coverUrl\":\"https://blog-dragon.oss-cn-shenzhen.aliyuncs.com/2022-05-18/avatar_20220518230427A001.jpg\",\"createBy\":\"admin\",\"createTime', '{\"msg\":\"操作成功\",\"code\":200}', 0, NULL, '2022-06-09 16:03:48');
INSERT INTO `sys_oper_log` VALUES (207, '文章信息', 1, 'com.dragon.web.controller.portal.ArticleController.add()', 'POST', 1, 'admin', '/portal/article', '127.0.0.1', '内网IP', '{\"articleId\":4,\"articleTitle\":\"VUE单文件组件\",\"articleType\":\"2\",\"content\":\"在很多 Vue 项目中，我们使用 Vue.component 来定义全局组件，紧接着用 new Vue({ el: \'#container \'}) 在每个页面内指定一个容器元素。\\n\\n这种方式在很多中小规模的项目中运作的很好，在这些项目里 JavaScript 只被用来加强特定的视图。但当在更复杂的项目中，或者你的前端完全由 JavaScript 驱动的时候，下面这些缺点将变得非常明显：\\n\\n全局定义 (Global definitions) 强制要求每个 component 中的命名不得重复\\n字符串模板 (String templates) 缺乏语法高亮，在 HTML 有多行的时候，需要用到丑陋的 \\\\\\n不支持 CSS (No CSS support) 意味着当 HTML 和 JavaScript 组件化时，CSS 明显被遗漏\\n没有构建步骤 (No build step) 限制只能使用 HTML 和 ES5 JavaScript，而不能使用预处理器，如 Pug (formerly Jade) 和 Babel\\n文件扩展名为 .vue 的 single-file components (单文件组件) 为以上所有问题提供了解决方法，并且还可以使用 webpack 或 Browserify 等构建工具。\\n\\n这是一个文件名为 Hello.vue 的简单实例：\\n![ceode](https://img-blog.csdnimg.cn/20200615175823742.png?x-oss-process=image/watermark,type_ZmFuZ3poZW5naGVpdGk,shadow_10,text_aHR0cHM6Ly9ibG9nLmNzZG4ubmV0L3Bhbl9oMTk5NQ==,size_16,color_FFFFFF,t_70)\",\"contentHtml\":\"<p>在很多 Vue 项目中，我们使用 Vue.component 来定义全局组件，紧接着用 new Vue({ el: \'#container \'}) 在每个页面内指定一个容器元素。</p>\\n<p>这种方式在很多中小规模的项目中运作的很好，在这些项目里 JavaScript 只被用来加强特定的视图。但当在更复杂的项目中，或者你的前端完全由 JavaScript 驱动的时候，下面这些缺点将变得非常明显：</p>\\n<p>全局定义 (Global definitions) 强制要求每个 component 中的命名不得重复<br />\\n字符串模板 (String templates) 缺乏语法高亮，在 HTML 有多行的时候，需要用到丑陋的 <br />\\n不支持 CSS (No CSS support) 意味着当 HTML 和 JavaScript 组件化时，CSS 明显被遗漏<br />\\n没有构建步骤 (No build step) 限制只能使用 HTML 和 ES5 JavaScript，而不能使用预处理器，如 Pug (formerly Jade) 和 Babel<br />\\n文件扩展名为 .vue 的 single-file components (单文件组件) 为以上所有问题提供了解决方法，并且还可以使用 webpack 或 Browserify 等构建工具。</p>\\n<p>这是一个文件名为 Hello.vue 的简单实例：<br />\\n<img src=\\\"https://img-blog.csdnimg.cn/20200615175823742.png?x-oss-process=image/watermark,type_ZmFuZ3poZW5naGVpdGk,shadow_10,text_aHR0cHM6Ly9ibG9nLmNzZG4ubmV0L3Bhbl9oMTk5NQ==,size_16,color_FFFFFF,t_70\\\" alt=\\\"ceode\\\" /></p>\\n\",\"contentLevel\":\"2\",\"cover\":40,\"coverUrl\":\"https://blog-dragon.oss-cn-shenzhen.aliyuncs.com/2022-06-09/分类_20220609161103A001.png\",\"createBy\":\"admin\",\"createTime\":\"2022-06-09T16:11:27.781+08:00\",\"params\":{},\"publishType\":\"3\",\"status\":\"0\",\"summary\":\"单文件组', '{\"msg\":\"操作成功\",\"code\":200}', 0, NULL, '2022-06-09 16:11:27');
INSERT INTO `sys_oper_log` VALUES (208, '文章信息', 2, 'com.dragon.web.controller.portal.ArticleController.edit()', 'PUT', 1, 'admin', '/portal/article', '127.0.0.1', '内网IP', '{\"articleId\":4,\"articleTitle\":\"VUE单文件组件\",\"articleType\":\"2\",\"content\":\"在很多 Vue 项目中，我们使用 Vue.component 来定义全局组件，紧接着用 new Vue({ el: \'#container \'}) 在每个页面内指定一个容器元素。\\n\\n这种方式在很多中小规模的项目中运作的很好，在这些项目里 JavaScript 只被用来加强特定的视图。但当在更复杂的项目中，或者你的前端完全由 JavaScript 驱动的时候，下面这些缺点将变得非常明显：\\n\\n全局定义 (Global definitions) 强制要求每个 component 中的命名不得重复\\n字符串模板 (String templates) 缺乏语法高亮，在 HTML 有多行的时候，需要用到丑陋的 \\\\\\n不支持 CSS (No CSS support) 意味着当 HTML 和 JavaScript 组件化时，CSS 明显被遗漏\\n没有构建步骤 (No build step) 限制只能使用 HTML 和 ES5 JavaScript，而不能使用预处理器，如 Pug (formerly Jade) 和 Babel\\n文件扩展名为 .vue 的 single-file components (单文件组件) 为以上所有问题提供了解决方法，并且还可以使用 webpack 或 Browserify 等构建工具。\\n\\n这是一个文件名为 Hello.vue 的简单实例：\\n![ceode](https://img-blog.csdnimg.cn/20200615175823742.png?x-oss-process=image/watermark,type_ZmFuZ3poZW5naGVpdGk,shadow_10,text_aHR0cHM6Ly9ibG9nLmNzZG4ubmV0L3Bhbl9oMTk5NQ==,size_16,color_FFFFFF,t_70)\",\"contentHtml\":\"<p>在很多 Vue 项目中，我们使用 Vue.component 来定义全局组件，紧接着用 new Vue({ el: \'#container \'}) 在每个页面内指定一个容器元素。</p>\\n<p>这种方式在很多中小规模的项目中运作的很好，在这些项目里 JavaScript 只被用来加强特定的视图。但当在更复杂的项目中，或者你的前端完全由 JavaScript 驱动的时候，下面这些缺点将变得非常明显：</p>\\n<p>全局定义 (Global definitions) 强制要求每个 component 中的命名不得重复<br />\\n字符串模板 (String templates) 缺乏语法高亮，在 HTML 有多行的时候，需要用到丑陋的 <br />\\n不支持 CSS (No CSS support) 意味着当 HTML 和 JavaScript 组件化时，CSS 明显被遗漏<br />\\n没有构建步骤 (No build step) 限制只能使用 HTML 和 ES5 JavaScript，而不能使用预处理器，如 Pug (formerly Jade) 和 Babel<br />\\n文件扩展名为 .vue 的 single-file components (单文件组件) 为以上所有问题提供了解决方法，并且还可以使用 webpack 或 Browserify 等构建工具。</p>\\n<p>这是一个文件名为 Hello.vue 的简单实例：<br />\\n<img src=\\\"https://img-blog.csdnimg.cn/20200615175823742.png?x-oss-process=image/watermark,type_ZmFuZ3poZW5naGVpdGk,shadow_10,text_aHR0cHM6Ly9ibG9nLmNzZG4ubmV0L3Bhbl9oMTk5NQ==,size_16,color_FFFFFF,t_70\\\" alt=\\\"ceode\\\" /></p>\\n\",\"contentLevel\":\"2\",\"cover\":40,\"coverUrl\":\"https://blog-dragon.oss-cn-shenzhen.aliyuncs.com/2022-06-09/分类_20220609161103A001.png\",\"createBy\":\"admin\",\"createTime\":\"2022-06-09 16:11:28\",\"params\":{},\"publishType\":\"1\",\"status\":\"0\",\"summary\":\"单文件组件\",\"update', '{\"msg\":\"操作成功\",\"code\":200}', 0, NULL, '2022-06-09 17:09:54');
INSERT INTO `sys_oper_log` VALUES (209, '文章信息', 2, 'com.dragon.web.controller.portal.ArticleController.edit()', 'PUT', 1, 'admin', '/portal/article', '127.0.0.1', '内网IP', '{\"articleId\":3,\"articleTitle\":\"vue中a标签的href属性的写法\",\"articleType\":\"3\",\"content\":\"问题：vue.js a标签href里有变量，函数拼接问题\\n\\n正确格式：\\n\\n```html\\n<a :href =\\\"\'http://search.jd.com/Search?enc=utf-8&keyword=\'+keyWord+\'&page=\'+Math.ceil(record.skuRank/60)+\'.html\'\\\">跳转</a>\\n```\\n\\n\\n注意点：\\n\\n1.href前面要加“：”\\n\\n2.字符串要用单引号“ ’ ”包住\\n\\n3.句尾要加“.html”\",\"contentHtml\":\"<p>问题：vue.js a标签href里有变量，函数拼接问题</p>\\n<p>正确格式：</p>\\n<pre><div class=\\\"hljs\\\"><code class=\\\"lang-html\\\"><span class=\\\"hljs-tag\\\">&lt;<span class=\\\"hljs-name\\\">a</span> <span class=\\\"hljs-attr\\\">:href</span> =<span class=\\\"hljs-string\\\">&quot;&#x27;http://search.jd.com/Search?enc=utf-8&amp;keyword=&#x27;+keyWord+&#x27;&amp;page=&#x27;+Math.ceil(record.skuRank/60)+&#x27;.html&#x27;&quot;</span>&gt;</span>跳转<span class=\\\"hljs-tag\\\">&lt;/<span class=\\\"hljs-name\\\">a</span>&gt;</span>\\n</code></div></pre>\\n<p>注意点：</p>\\n<p>1.href前面要加“：”</p>\\n<p>2.字符串要用单引号“ ’ ”包住</p>\\n<p>3.句尾要加“.html”</p>\\n\",\"contentLevel\":\"3\",\"cover\":39,\"coverUrl\":\"https://blog-dragon.oss-cn-shenzhen.aliyuncs.com/2022-06-06/vue_20220606180150A002.png\",\"createBy\":\"admin\",\"createTime\":\"2022-06-06 18:01:54\",\"params\":{},\"publishType\":\"2\",\"status\":\"0\",\"summary\":\"问题：vue.js a标签href里有变量，函数拼接问题\",\"updateTime\":\"2022-06-09T17:10:07.08+08:00\"}', '{\"msg\":\"操作成功\",\"code\":200}', 0, NULL, '2022-06-09 17:10:07');
INSERT INTO `sys_oper_log` VALUES (210, '文章信息', 1, 'com.dragon.web.controller.portal.ArticleController.add()', 'POST', 1, 'admin', '/portal/article', '127.0.0.1', '内网IP', '{\"articleTitle\":\"测试\",\"content\":\"Bug 修复\\nSelect\\n修复 filter 模式下，点击图标不能触发下拉的 bug (#21314 by @dennyak47)\\n修复 composition 模式下 keydown 事件 (#21336 by @bchen1029)\\nBadge\\n修复 is-dot class (#21308 by @adaex)\\nForm\\nvalidate 方法返回错误信息 (#21374 by @cs1707)\\nTable\\n修复 resizeObserver loop limit exceeded (#21255 by @tomieric)\\n修复 toggleAllSelection (#21456 by @cs1707)\\n优化 table 性能 (#21330 by @cs1707)\\nButton\\n修复 disabled 优先级 (#21375 by @cs1707)\\nDescriptions\\n修复 label slot bug (#21462 by @cs1707)\\nSASS\\nnode-sass 替换为 dart-sass (#21019 by @linxsbox)\\nDocs\\n修复 skeleton 文案 (#21408 by @zhhbstudio)\",\"contentHtml\":\"<p>Bug 修复<br />\\nSelect<br />\\n修复 filter 模式下，点击图标不能触发下拉的 bug (#21314 by @dennyak47)<br />\\n修复 composition 模式下 keydown 事件 (#21336 by @bchen1029)<br />\\nBadge<br />\\n修复 is-dot class (#21308 by @adaex)<br />\\nForm<br />\\nvalidate 方法返回错误信息 (#21374 by @cs1707)<br />\\nTable<br />\\n修复 resizeObserver loop limit exceeded (#21255 by @tomieric)<br />\\n修复 toggleAllSelection (#21456 by @cs1707)<br />\\n优化 table 性能 (#21330 by @cs1707)<br />\\nButton<br />\\n修复 disabled 优先级 (#21375 by @cs1707)<br />\\nDescriptions<br />\\n修复 label slot bug (#21462 by @cs1707)<br />\\nSASS<br />\\nnode-sass 替换为 dart-sass (#21019 by @linxsbox)<br />\\nDocs<br />\\n修复 skeleton 文案 (#21408 by @zhhbstudio)</p>\\n\",\"params\":{},\"publishType\":\"0\",\"summary\":\"测试\"}', NULL, 1, '\r\n### Error updating database.  Cause: java.sql.SQLException: Field \'file_url\' doesn\'t have a default value\r\n### The error may exist in file [D:\\Project\\idea-workspace\\my_blog\\blog-system\\target\\classes\\mapper\\system\\SysFileMapper.xml]\r\n### The error may involve com.dragon.system.mapper.SysFileMapper.insertSysFile-Inline\r\n### The error occurred while setting parameters\r\n### SQL: insert into sys_file          ( is_enable,                          create_by,             create_time )           values ( ?,                          ?,             ? )\r\n### Cause: java.sql.SQLException: Field \'file_url\' doesn\'t have a default value\n; Field \'file_url\' doesn\'t have a default value; nested exception is java.sql.SQLException: Field \'file_url\' doesn\'t have a default value', '2022-06-09 17:25:46');
INSERT INTO `sys_oper_log` VALUES (211, '文章信息', 1, 'com.dragon.web.controller.portal.ArticleController.add()', 'POST', 1, 'admin', '/portal/article', '127.0.0.1', '内网IP', '{\"articleTitle\":\"测试\",\"content\":\"Bug 修复\\nSelect\\n修复 filter 模式下，点击图标不能触发下拉的 bug (#21314 by @dennyak47)\\n修复 composition 模式下 keydown 事件 (#21336 by @bchen1029)\\nBadge\\n修复 is-dot class (#21308 by @adaex)\\nForm\\nvalidate 方法返回错误信息 (#21374 by @cs1707)\\nTable\\n修复 resizeObserver loop limit exceeded (#21255 by @tomieric)\\n修复 toggleAllSelection (#21456 by @cs1707)\\n优化 table 性能 (#21330 by @cs1707)\\nButton\\n修复 disabled 优先级 (#21375 by @cs1707)\\nDescriptions\\n修复 label slot bug (#21462 by @cs1707)\\nSASS\\nnode-sass 替换为 dart-sass (#21019 by @linxsbox)\\nDocs\\n修复 skeleton 文案 (#21408 by @zhhbstudio)\",\"contentHtml\":\"<p>Bug 修复<br />\\nSelect<br />\\n修复 filter 模式下，点击图标不能触发下拉的 bug (#21314 by @dennyak47)<br />\\n修复 composition 模式下 keydown 事件 (#21336 by @bchen1029)<br />\\nBadge<br />\\n修复 is-dot class (#21308 by @adaex)<br />\\nForm<br />\\nvalidate 方法返回错误信息 (#21374 by @cs1707)<br />\\nTable<br />\\n修复 resizeObserver loop limit exceeded (#21255 by @tomieric)<br />\\n修复 toggleAllSelection (#21456 by @cs1707)<br />\\n优化 table 性能 (#21330 by @cs1707)<br />\\nButton<br />\\n修复 disabled 优先级 (#21375 by @cs1707)<br />\\nDescriptions<br />\\n修复 label slot bug (#21462 by @cs1707)<br />\\nSASS<br />\\nnode-sass 替换为 dart-sass (#21019 by @linxsbox)<br />\\nDocs<br />\\n修复 skeleton 文案 (#21408 by @zhhbstudio)</p>\\n\",\"cover\":41,\"coverUrl\":\"https://blog-dragon.oss-cn-shenzhen.aliyuncs.com/2022-06-09/avatar_20220609172602A001.jpg\",\"createBy\":\"admin\",\"createTime\":\"2022-06-09T17:26:05.891+08:00\",\"params\":{},\"publishType\":\"0\",\"status\":\"0\",\"summary\":\"测试\"}', NULL, 1, '\r\n### Error updating database.  Cause: java.sql.SQLException: Field \'article_type\' doesn\'t have a default value\r\n### The error may exist in file [D:\\Project\\idea-workspace\\my_blog\\blog-portal\\target\\classes\\mapper\\portal\\ArticleMapper.xml]\r\n### The error may involve com.dragon.portal.mapper.ArticleMapper.insertArticle-Inline\r\n### The error occurred while setting parameters\r\n### SQL: insert into portal_article          ( article_title,                          cover,             summary,             publish_type,                          status,             content,             content_html,             create_by,             create_time )           values ( ?,                          ?,             ?,             ?,                          ?,             ?,             ?,             ?,             ? )\r\n### Cause: java.sql.SQLException: Field \'article_type\' doesn\'t have a default value\n; Field \'article_type\' doesn\'t have a default value; nested exception is java.sql.SQLException: Field \'article_type\' doesn\'t have a default value', '2022-06-09 17:26:05');
INSERT INTO `sys_oper_log` VALUES (212, '文章信息', 1, 'com.dragon.web.controller.portal.ArticleController.add()', 'POST', 1, 'admin', '/portal/article', '127.0.0.1', '内网IP', '{\"articleTitle\":\"ddd\",\"content\":\"Bug 修复\\nSelect\\n修复 filter 模式下，点击图标不能触发下拉的 bug (#21314 by @dennyak47)\\n修复 composition 模式下 keydown 事件 (#21336 by @bchen1029)\\nBadge\\n修复 is-dot class (#21308 by @adaex)\\nForm\\nvalidate 方法返回错误信息 (#21374 by @cs1707)\\nTable\\n修复 resizeObserver loop limit exceeded (#21255 by @tomieric)\\n修复 toggleAllSelection (#21456 by @cs1707)\\n优化 table 性能 (#21330 by @cs1707)\\nButton\\n修复 disabled 优先级 (#21375 by @cs1707)\\nDescriptions\\n修复 label slot bug (#21462 by @cs1707)\\nSASS\\nnode-sass 替换为 dart-sass (#21019 by @linxsbox)\\nDocs\\n修复 skeleton 文案 (#21408 by @zhhbstudio)\",\"contentHtml\":\"<p>Bug 修复<br />\\nSelect<br />\\n修复 filter 模式下，点击图标不能触发下拉的 bug (#21314 by @dennyak47)<br />\\n修复 composition 模式下 keydown 事件 (#21336 by @bchen1029)<br />\\nBadge<br />\\n修复 is-dot class (#21308 by @adaex)<br />\\nForm<br />\\nvalidate 方法返回错误信息 (#21374 by @cs1707)<br />\\nTable<br />\\n修复 resizeObserver loop limit exceeded (#21255 by @tomieric)<br />\\n修复 toggleAllSelection (#21456 by @cs1707)<br />\\n优化 table 性能 (#21330 by @cs1707)<br />\\nButton<br />\\n修复 disabled 优先级 (#21375 by @cs1707)<br />\\nDescriptions<br />\\n修复 label slot bug (#21462 by @cs1707)<br />\\nSASS<br />\\nnode-sass 替换为 dart-sass (#21019 by @linxsbox)<br />\\nDocs<br />\\n修复 skeleton 文案 (#21408 by @zhhbstudio)</p>\\n\",\"params\":{},\"publishType\":\"0\",\"summary\":\"aaaa\"}', NULL, 1, '\r\n### Error updating database.  Cause: java.sql.SQLException: Field \'file_url\' doesn\'t have a default value\r\n### The error may exist in file [D:\\Project\\idea-workspace\\my_blog\\blog-system\\target\\classes\\mapper\\system\\SysFileMapper.xml]\r\n### The error may involve com.dragon.system.mapper.SysFileMapper.insertSysFile-Inline\r\n### The error occurred while setting parameters\r\n### SQL: insert into sys_file          ( is_enable,                          create_by,             create_time )           values ( ?,                          ?,             ? )\r\n### Cause: java.sql.SQLException: Field \'file_url\' doesn\'t have a default value\n; Field \'file_url\' doesn\'t have a default value; nested exception is java.sql.SQLException: Field \'file_url\' doesn\'t have a default value', '2022-06-09 17:35:59');
INSERT INTO `sys_oper_log` VALUES (213, '文章信息', 1, 'com.dragon.web.controller.portal.ArticleController.add()', 'POST', 1, 'admin', '/portal/article', '127.0.0.1', '内网IP', '{\"articleTitle\":\"测试\",\"articleType\":\"1\",\"content\":\"\",\"contentHtml\":\"\",\"contentLevel\":\"1\",\"params\":{},\"publishType\":\"1\",\"status\":\"0\",\"summary\":\"测试\"}', NULL, 1, '\r\n### Error updating database.  Cause: java.sql.SQLException: Field \'file_url\' doesn\'t have a default value\r\n### The error may exist in file [D:\\Project\\idea-workspace\\my_blog\\blog-system\\target\\classes\\mapper\\system\\SysFileMapper.xml]\r\n### The error may involve com.dragon.system.mapper.SysFileMapper.insertSysFile-Inline\r\n### The error occurred while setting parameters\r\n### SQL: insert into sys_file          ( is_enable,                          create_by,             create_time )           values ( ?,                          ?,             ? )\r\n### Cause: java.sql.SQLException: Field \'file_url\' doesn\'t have a default value\n; Field \'file_url\' doesn\'t have a default value; nested exception is java.sql.SQLException: Field \'file_url\' doesn\'t have a default value', '2022-06-09 21:43:00');
INSERT INTO `sys_oper_log` VALUES (214, '文章信息', 1, 'com.dragon.web.controller.portal.ArticleController.add()', 'POST', 1, 'admin', '/portal/article', '127.0.0.1', '内网IP', '{\"articleTitle\":\"测试\",\"articleType\":\"1\",\"content\":\"\",\"contentHtml\":\"\",\"contentLevel\":\"1\",\"params\":{},\"publishType\":\"1\",\"status\":\"0\",\"summary\":\"测试\"}', NULL, 1, '\r\n### Error updating database.  Cause: java.sql.SQLException: Field \'file_url\' doesn\'t have a default value\r\n### The error may exist in file [D:\\Project\\idea-workspace\\my_blog\\blog-system\\target\\classes\\mapper\\system\\SysFileMapper.xml]\r\n### The error may involve com.dragon.system.mapper.SysFileMapper.insertSysFile-Inline\r\n### The error occurred while setting parameters\r\n### SQL: insert into sys_file          ( is_enable,                          create_by,             create_time )           values ( ?,                          ?,             ? )\r\n### Cause: java.sql.SQLException: Field \'file_url\' doesn\'t have a default value\n; Field \'file_url\' doesn\'t have a default value; nested exception is java.sql.SQLException: Field \'file_url\' doesn\'t have a default value', '2022-06-09 21:45:07');
INSERT INTO `sys_oper_log` VALUES (215, '文章信息', 1, 'com.dragon.web.controller.portal.ArticleController.add()', 'POST', 1, 'admin', '/portal/article', '127.0.0.1', '内网IP', '{\"articleTitle\":\"dsds\",\"articleType\":\"1\",\"content\":\"\",\"contentHtml\":\"\",\"contentLevel\":\"1\",\"params\":{},\"publishType\":\"1\",\"status\":\"0\",\"summary\":\"dsa\"}', NULL, 1, '\r\n### Error updating database.  Cause: java.sql.SQLException: Field \'file_url\' doesn\'t have a default value\r\n### The error may exist in file [D:\\Project\\idea-workspace\\my_blog\\blog-system\\target\\classes\\mapper\\system\\SysFileMapper.xml]\r\n### The error may involve com.dragon.system.mapper.SysFileMapper.insertSysFile-Inline\r\n### The error occurred while setting parameters\r\n### SQL: insert into sys_file          ( is_enable,                          create_by,             create_time )           values ( ?,                          ?,             ? )\r\n### Cause: java.sql.SQLException: Field \'file_url\' doesn\'t have a default value\n; Field \'file_url\' doesn\'t have a default value; nested exception is java.sql.SQLException: Field \'file_url\' doesn\'t have a default value', '2022-06-09 21:45:21');
INSERT INTO `sys_oper_log` VALUES (216, '文章信息', 1, 'com.dragon.web.controller.portal.ArticleController.add()', 'POST', 1, 'admin', '/portal/article', '127.0.0.1', '内网IP', '{\"articleTitle\":\"dsds\",\"articleType\":\"1\",\"content\":\"\",\"contentHtml\":\"\",\"contentLevel\":\"1\",\"params\":{},\"publishType\":\"1\",\"status\":\"0\",\"summary\":\"dsa\"}', NULL, 1, '\r\n### Error updating database.  Cause: java.sql.SQLException: Field \'file_url\' doesn\'t have a default value\r\n### The error may exist in file [D:\\Project\\idea-workspace\\my_blog\\blog-system\\target\\classes\\mapper\\system\\SysFileMapper.xml]\r\n### The error may involve com.dragon.system.mapper.SysFileMapper.insertSysFile-Inline\r\n### The error occurred while setting parameters\r\n### SQL: insert into sys_file          ( is_enable,                          create_by,             create_time )           values ( ?,                          ?,             ? )\r\n### Cause: java.sql.SQLException: Field \'file_url\' doesn\'t have a default value\n; Field \'file_url\' doesn\'t have a default value; nested exception is java.sql.SQLException: Field \'file_url\' doesn\'t have a default value', '2022-06-09 21:45:35');
INSERT INTO `sys_oper_log` VALUES (217, '文章信息', 1, 'com.dragon.web.controller.portal.ArticleController.add()', 'POST', 1, 'admin', '/portal/article', '127.0.0.1', '内网IP', '{\"articleId\":5,\"articleTitle\":\"测试\",\"articleType\":\"1\",\"content\":\"测试\",\"contentHtml\":\"<p>测试</p>\\n\",\"contentLevel\":\"1\",\"cover\":42,\"coverUrl\":\"https://blog-dragon.oss-cn-shenzhen.aliyuncs.com/2022-06-10/alipay_20220610152640A001.png\",\"createBy\":\"admin\",\"createTime\":\"2022-06-10T15:26:43.503+08:00\",\"params\":{},\"publishType\":\"1\",\"status\":\"0\",\"summary\":\"测试\"}', '{\"msg\":\"操作成功\",\"code\":200}', 0, NULL, '2022-06-10 15:26:43');
INSERT INTO `sys_oper_log` VALUES (218, '文章信息', 2, 'com.dragon.web.controller.portal.ArticleController.edit()', 'PUT', 1, 'admin', '/portal/article', '127.0.0.1', '内网IP', '{\"articleId\":5,\"articleTitle\":\"测试\",\"articleType\":\"1\",\"content\":\"测试\",\"contentHtml\":\"<p>测试</p>\\n\",\"contentLevel\":\"1\",\"cover\":42,\"coverUrl\":\"https://blog-dragon.oss-cn-shenzhen.aliyuncs.com/2022-06-10/alipay_20220610152640A001.png\",\"createBy\":\"admin\",\"createTime\":\"2022-06-10 15:26:44\",\"params\":{},\"publishType\":\"1\",\"status\":\"2\",\"summary\":\"测试\",\"updateTime\":\"2022-06-10T15:34:12.743+08:00\"}', '{\"msg\":\"操作成功\",\"code\":200}', 0, NULL, '2022-06-10 15:34:12');
INSERT INTO `sys_oper_log` VALUES (219, '文章信息', 3, 'com.dragon.web.controller.portal.ArticleController.remove()', 'DELETE', 1, 'admin', '/portal/article/5', '127.0.0.1', '内网IP', '{articleIds=5}', NULL, 1, '\r\n### Error updating database.  Cause: java.sql.SQLSyntaxErrorException: You have an error in your SQL syntax; check the manual that corresponds to your MySQL server version for the right syntax to use near \'update portal_article\n             SET status = \'1\',\n                update_by =\' at line 2\r\n### The error may exist in file [D:\\Project\\idea-workspace\\my_blog\\blog-portal\\target\\classes\\mapper\\portal\\ArticleMapper.xml]\r\n### The error may involve com.dragon.portal.mapper.ArticleMapper.deleteArticleByArticleIds-Inline\r\n### The error occurred while setting parameters\r\n### SQL: begin               update portal_article              SET status = \'1\',                 update_by = ?,                 update_time = sysdate              where article_id = ?          ;end;\r\n### Cause: java.sql.SQLSyntaxErrorException: You have an error in your SQL syntax; check the manual that corresponds to your MySQL server version for the right syntax to use near \'update portal_article\n             SET status = \'1\',\n                update_by =\' at line 2\n; bad SQL grammar []; nested exception is java.sql.SQLSyntaxErrorException: You have an error in your SQL syntax; check the manual that corresponds to your MySQL server version for the right syntax to use near \'update portal_article\n             SET status = \'1\',\n                update_by =\' at line 2', '2022-06-13 16:06:46');
INSERT INTO `sys_oper_log` VALUES (220, '文章信息', 3, 'com.dragon.web.controller.portal.ArticleController.remove()', 'DELETE', 1, 'admin', '/portal/article/3', '127.0.0.1', '内网IP', '{articleIds=3}', NULL, 1, '\r\n### Error updating database.  Cause: java.sql.SQLSyntaxErrorException: You have an error in your SQL syntax; check the manual that corresponds to your MySQL server version for the right syntax to use near \'update portal_article\n             SET status = \'1\',\n                update_by =\' at line 2\r\n### The error may exist in file [D:\\Project\\idea-workspace\\my_blog\\blog-portal\\target\\classes\\mapper\\portal\\ArticleMapper.xml]\r\n### The error may involve com.dragon.portal.mapper.ArticleMapper.deleteArticleByArticleIds-Inline\r\n### The error occurred while setting parameters\r\n### SQL: begin               update portal_article              SET status = \'1\',                 update_by = ?,                 update_time = ?              where article_id = ?          ;end;\r\n### Cause: java.sql.SQLSyntaxErrorException: You have an error in your SQL syntax; check the manual that corresponds to your MySQL server version for the right syntax to use near \'update portal_article\n             SET status = \'1\',\n                update_by =\' at line 2\n; bad SQL grammar []; nested exception is java.sql.SQLSyntaxErrorException: You have an error in your SQL syntax; check the manual that corresponds to your MySQL server version for the right syntax to use near \'update portal_article\n             SET status = \'1\',\n                update_by =\' at line 2', '2022-06-13 16:26:24');
INSERT INTO `sys_oper_log` VALUES (221, '文章信息', 3, 'com.dragon.web.controller.portal.ArticleController.remove()', 'DELETE', 1, 'admin', '/portal/article/5', '127.0.0.1', '内网IP', '{articleIds=5}', '{\"msg\":\"操作成功\",\"code\":200}', 0, NULL, '2022-06-13 16:35:55');
INSERT INTO `sys_oper_log` VALUES (222, '文章信息', 2, 'com.dragon.web.controller.portal.ArticleController.edit()', 'PUT', 1, 'admin', '/portal/article', '127.0.0.1', '内网IP', '{\"articleId\":4,\"articleTitle\":\"VUE单文件组件\",\"articleType\":\"2\",\"content\":\"在很多 Vue 项目中，我们使用 Vue.component 来定义全局组件，紧接着用 new Vue({ el: \'#container \'}) 在每个页面内指定一个容器元素。\\n\\n这种方式在很多中小规模的项目中运作的很好，在这些项目里 JavaScript 只被用来加强特定的视图。但当在更复杂的项目中，或者你的前端完全由 JavaScript 驱动的时候，下面这些缺点将变得非常明显：\\n\\n全局定义 (Global definitions) 强制要求每个 component 中的命名不得重复\\n字符串模板 (String templates) 缺乏语法高亮，在 HTML 有多行的时候，需要用到丑陋的 \\\\\\n不支持 CSS (No CSS support) 意味着当 HTML 和 JavaScript 组件化时，CSS 明显被遗漏\\n没有构建步骤 (No build step) 限制只能使用 HTML 和 ES5 JavaScript，而不能使用预处理器，如 Pug (formerly Jade) 和 Babel\\n文件扩展名为 .vue 的 single-file components (单文件组件) 为以上所有问题提供了解决方法，并且还可以使用 webpack 或 Browserify 等构建工具。\\n\\n这是一个文件名为 Hello.vue 的简单实例：\\n![ceode](https://img-blog.csdnimg.cn/20200615175823742.png?x-oss-process=image/watermark,type_ZmFuZ3poZW5naGVpdGk,shadow_10,text_aHR0cHM6Ly9ibG9nLmNzZG4ubmV0L3Bhbl9oMTk5NQ==,size_16,color_FFFFFF,t_70)\",\"contentHtml\":\"<p>在很多 Vue 项目中，我们使用 Vue.component 来定义全局组件，紧接着用 new Vue({ el: \'#container \'}) 在每个页面内指定一个容器元素。</p>\\n<p>这种方式在很多中小规模的项目中运作的很好，在这些项目里 JavaScript 只被用来加强特定的视图。但当在更复杂的项目中，或者你的前端完全由 JavaScript 驱动的时候，下面这些缺点将变得非常明显：</p>\\n<p>全局定义 (Global definitions) 强制要求每个 component 中的命名不得重复<br />\\n字符串模板 (String templates) 缺乏语法高亮，在 HTML 有多行的时候，需要用到丑陋的 <br />\\n不支持 CSS (No CSS support) 意味着当 HTML 和 JavaScript 组件化时，CSS 明显被遗漏<br />\\n没有构建步骤 (No build step) 限制只能使用 HTML 和 ES5 JavaScript，而不能使用预处理器，如 Pug (formerly Jade) 和 Babel<br />\\n文件扩展名为 .vue 的 single-file components (单文件组件) 为以上所有问题提供了解决方法，并且还可以使用 webpack 或 Browserify 等构建工具。</p>\\n<p>这是一个文件名为 Hello.vue 的简单实例：<br />\\n<img src=\\\"https://img-blog.csdnimg.cn/20200615175823742.png?x-oss-process=image/watermark,type_ZmFuZ3poZW5naGVpdGk,shadow_10,text_aHR0cHM6Ly9ibG9nLmNzZG4ubmV0L3Bhbl9oMTk5NQ==,size_16,color_FFFFFF,t_70\\\" alt=\\\"ceode\\\" /></p>\\n\",\"contentLevel\":\"2\",\"cover\":40,\"coverUrl\":\"https://blog-dragon.oss-cn-shenzhen.aliyuncs.com/2022-06-09/分类_20220609161103A001.png\",\"createBy\":\"admin\",\"createTime\":\"2022-06-09 16:11:28\",\"params\":{},\"publishType\":\"1\",\"status\":\"2\",\"summary\":\"单文件组件\",\"update', '{\"msg\":\"操作成功\",\"code\":200}', 0, NULL, '2022-06-13 16:36:03');
INSERT INTO `sys_oper_log` VALUES (223, '菜单管理', 1, 'com.dragon.web.controller.system.SysMenuController.add()', 'POST', 1, 'admin', '/system/menu', '116.7.54.74', 'XX XX', '{\"children\":[],\"component\":\"monitor/cache/list\",\"createBy\":\"admin\",\"icon\":\"redis-list\",\"isCache\":\"0\",\"isFrame\":\"1\",\"menuName\":\"缓存列表\",\"menuType\":\"C\",\"orderNum\":6,\"params\":{},\"parentId\":2,\"path\":\"cacheList\",\"perms\":\"monitor:cache:list\",\"status\":\"0\",\"visible\":\"0\"}', '{\"msg\":\"操作成功\",\"code\":200}', 0, NULL, '2022-07-09 13:58:00');
INSERT INTO `sys_oper_log` VALUES (224, '角色管理', 2, 'com.dragon.web.controller.system.SysRoleController.edit()', 'PUT', 1, 'admin', '/system/role', '116.7.54.74', 'XX XX', '{\"admin\":false,\"createTime\":\"2022-04-10 19:22:50\",\"delFlag\":\"0\",\"flag\":false,\"menuCheckStrictly\":true,\"menuIds\":[2000,2001,2002,2003,2004,2005,2006,1,100,1001,1002,1003,1004,1005,1006,1007,101,1008,1009,1010,1011,1012,102,1013,1014,1015,1016,105,1026,1027,1028,1029,1030,106,1031,1032,1033,1034,1035,107,1036,1037,1038,1039,108,500,1040,1041,1042,501,1043,1044,1045,2,109,1046,1047,1048,110,1049,1050,1051,1052,1053,1054,111,112,113,2007,3,114,115,1055,1056,1058,1057,1059,1060,116,4],\"params\":{},\"remark\":\"普通角色\",\"roleId\":2,\"roleKey\":\"common\",\"roleName\":\"普通角色\",\"roleSort\":\"2\",\"status\":\"0\",\"updateBy\":\"admin\"}', '{\"msg\":\"操作成功\",\"code\":200}', 0, NULL, '2022-07-09 13:58:20');
INSERT INTO `sys_oper_log` VALUES (225, '参数管理', 2, 'com.dragon.web.controller.system.SysConfigController.edit()', 'PUT', 1, 'admin', '/system/config', '116.7.52.251', 'XX XX', '{\"configId\":4,\"configKey\":\"sys.account.captchaEnabled\",\"configName\":\"账号自助-验证码开关\",\"configType\":\"Y\",\"configValue\":\"true\",\"createBy\":\"admin\",\"createTime\":\"2022-04-10 19:22:50\",\"params\":{},\"remark\":\"是否开启验证码功能（true开启，false关闭）\",\"updateBy\":\"admin\"}', '{\"msg\":\"操作成功\",\"code\":200}', 0, NULL, '2022-07-12 15:15:26');
INSERT INTO `sys_oper_log` VALUES (226, '参数管理', 1, 'com.dragon.web.controller.system.SysConfigController.add()', 'POST', 1, 'admin', '/system/config', '116.7.53.88', 'XX XX', '{\"configKey\":\"sys.domainName.ICP\",\"configName\":\"网站底部-域名备案信息\",\"configType\":\"Y\",\"configValue\":\"{\\\"ICP\\\":\\\"粤ICP备20001307号\\\",\\\"domainName\\\":\\\"www.dragonwen.cn\\\",\\\"year\\\":\\\"2018-2022\\\",\\\"MIIT\\\":\\\"https://beian.miit.gov.cn/\\\"}\",\"createBy\":\"admin\",\"params\":{},\"remark\":\"网站底部域名备案信息\"}', '{\"msg\":\"操作成功\",\"code\":200}', 0, NULL, '2022-07-14 14:37:56');
INSERT INTO `sys_oper_log` VALUES (227, '参数管理', 2, 'com.dragon.web.controller.system.SysConfigController.edit()', 'PUT', 1, 'admin', '/system/config', '116.7.53.88', 'XX XX', '{\"configId\":5,\"configKey\":\"sys.account.registerUser\",\"configName\":\"账号自助-是否开启用户注册功能\",\"configType\":\"Y\",\"configValue\":\"false\",\"createBy\":\"admin\",\"createTime\":\"2022-04-10 19:22:50\",\"params\":{},\"remark\":\"是否开启注册用户功能（true开启，false关闭）\",\"updateBy\":\"admin\",\"updateTime\":\"2022-05-03 22:45:55\"}', '{\"msg\":\"操作成功\",\"code\":200}', 0, NULL, '2022-07-15 14:40:47');
INSERT INTO `sys_oper_log` VALUES (228, '代码生成', 8, 'com.dragon.generator.controller.GenController.batchGenCode()', 'GET', 1, 'admin', '/tool/gen/batchGenCode', '115.220.139.33', 'XX XX', '{}', NULL, 0, NULL, '2022-07-16 04:38:15');
INSERT INTO `sys_oper_log` VALUES (229, '代码生成', 6, 'com.dragon.generator.controller.GenController.importTableSave()', 'POST', 1, 'admin', '/tool/gen/importTable', '115.220.139.33', 'XX XX', 'sys_menu,sys_logininfor,sys_job_log,sys_job', '{\"msg\":\"操作成功\",\"code\":200}', 0, NULL, '2022-07-16 04:38:33');
INSERT INTO `sys_oper_log` VALUES (230, '参数管理', 1, 'com.dragon.web.controller.system.SysConfigController.add()', 'POST', 1, 'admin', '/system/config', '116.7.53.132', '广东省 深圳市', '{\"configKey\":\"sys.account.sliderCaptcha\",\"configName\":\"账号自助-拼图验证码图片\",\"configType\":\"Y\",\"configValue\":\"[{\\\"imgUrl\\\":\\\"https://blog-dragon.oss-cn-shenzhen.aliyuncs.com/slider-captcha/slider_captcha_1.png\\\"},{\\\"imgUrl\\\":\\\"https://blog-dragon.oss-cn-shenzhen.aliyuncs.com/slider-captcha/slider_captcha_2.png\\\"},{\\\"imgUrl\\\":\\\"https://blog-dragon.oss-cn-shenzhen.aliyuncs.com/slider-captcha/slider_captcha_3.png\\\"},{\\\"imgUrl\\\":\\\"https://blog-dragon.oss-cn-shenzhen.aliyuncs.com/slider-captcha/slider_captcha_4.png\\\"}]\",\"createBy\":\"admin\",\"params\":{},\"remark\":\"拼图验证码图片库，图片尺寸必须为 350*218\"}', '{\"msg\":\"操作成功\",\"code\":200}', 0, NULL, '2022-08-14 14:04:49');
INSERT INTO `sys_oper_log` VALUES (231, '参数管理', 1, 'com.dragon.web.controller.system.SysConfigController.add()', 'POST', 1, 'admin', '/system/config', '116.7.52.229', '广东省 深圳市', '{\"configKey\":\"sys.aliyun.sms\",\"configName\":\"阿里云-短信服务\",\"configType\":\"Y\",\"configValue\":\"{\\\"signature\\\":\\\"DragonWen\\\",\\\"templateCode\\\":\\\"SMS_248095388\\\"}\",\"createBy\":\"admin\",\"params\":{},\"remark\":\"阿里云短信验证码发送模板参数\"}', '{\"msg\":\"操作成功\",\"code\":200}', 0, NULL, '2022-08-15 15:01:28');
INSERT INTO `sys_oper_log` VALUES (232, '字典数据', 1, 'com.dragon.web.controller.system.SysDictDataController.add()', 'POST', 1, 'admin', '/system/dict/data', '116.7.52.229', '广东省 深圳市', '{\"createBy\":\"admin\",\"default\":false,\"dictLabel\":\"其他\",\"dictSort\":10,\"dictType\":\"sys_oper_type\",\"dictValue\":\"0\",\"listClass\":\"info\",\"params\":{},\"remark\":\"其他操作\",\"status\":\"0\"}', '{\"msg\":\"操作成功\",\"code\":200}', 0, NULL, '2022-08-16 14:50:17');
INSERT INTO `sys_oper_log` VALUES (233, '参数管理', 1, 'com.dragon.web.controller.system.SysConfigController.add()', 'POST', 1, 'admin', '/system/config', '116.7.54.16', '广东省 深圳市', '{\"configKey\":\"sys.emailTemplate.verificationCode\",\"configName\":\"验证码邮件发送模板\",\"configType\":\"Y\",\"configValue\":\"【DragonWen】您的验证码#{[code]}，该验证码#{[expires]}分钟内有效，请勿泄露于他人！\",\"createBy\":\"admin\",\"params\":{},\"remark\":\"验证码邮件发送模板\"}', '{\"msg\":\"操作成功\",\"code\":200}', 0, NULL, '2022-08-19 14:45:42');
INSERT INTO `sys_oper_log` VALUES (234, '菜单管理', 2, 'com.dragon.web.controller.system.SysMenuController.edit()', 'PUT', 1, 'admin', '/system/menu', '116.7.54.245', '广东省 深圳市', '{\"children\":[],\"component\":\"portal/slideshow/index\",\"createTime\":\"2022-08-20 07:07:40\",\"icon\":\"slideshow\",\"isCache\":\"0\",\"isFrame\":\"1\",\"menuId\":2008,\"menuName\":\"轮播图管理\",\"menuType\":\"C\",\"orderNum\":2,\"params\":{},\"parentId\":2000,\"path\":\"slideshow\",\"perms\":\"portal:slideshow:list\",\"status\":\"0\",\"updateBy\":\"admin\",\"visible\":\"0\"}', '{\"msg\":\"操作成功\",\"code\":200}', 0, NULL, '2022-08-27 06:03:19');
INSERT INTO `sys_oper_log` VALUES (235, '菜单管理', 2, 'com.dragon.web.controller.system.SysMenuController.edit()', 'PUT', 1, 'admin', '/system/menu', '116.7.54.245', '广东省 深圳市', '{\"children\":[],\"component\":\"\",\"createTime\":\"2022-08-20 07:07:40\",\"icon\":\"#\",\"isCache\":\"0\",\"isFrame\":\"1\",\"menuId\":2009,\"menuName\":\"轮播图查询\",\"menuType\":\"F\",\"orderNum\":1,\"params\":{},\"parentId\":2008,\"path\":\"#\",\"perms\":\"portal:slideshow:query\",\"status\":\"0\",\"updateBy\":\"admin\",\"visible\":\"0\"}', '{\"msg\":\"操作成功\",\"code\":200}', 0, NULL, '2022-08-27 06:03:34');
INSERT INTO `sys_oper_log` VALUES (236, '菜单管理', 2, 'com.dragon.web.controller.system.SysMenuController.edit()', 'PUT', 1, 'admin', '/system/menu', '116.7.54.245', '广东省 深圳市', '{\"children\":[],\"component\":\"\",\"createTime\":\"2022-08-20 07:07:41\",\"icon\":\"#\",\"isCache\":\"0\",\"isFrame\":\"1\",\"menuId\":2010,\"menuName\":\"轮播图新增\",\"menuType\":\"F\",\"orderNum\":2,\"params\":{},\"parentId\":2008,\"path\":\"#\",\"perms\":\"portal:slideshow:add\",\"status\":\"0\",\"updateBy\":\"admin\",\"visible\":\"0\"}', '{\"msg\":\"操作成功\",\"code\":200}', 0, NULL, '2022-08-27 06:03:45');
INSERT INTO `sys_oper_log` VALUES (237, '菜单管理', 2, 'com.dragon.web.controller.system.SysMenuController.edit()', 'PUT', 1, 'admin', '/system/menu', '116.7.54.245', '广东省 深圳市', '{\"children\":[],\"component\":\"\",\"createTime\":\"2022-08-20 07:07:41\",\"icon\":\"#\",\"isCache\":\"0\",\"isFrame\":\"1\",\"menuId\":2011,\"menuName\":\"轮播图修改\",\"menuType\":\"F\",\"orderNum\":3,\"params\":{},\"parentId\":2008,\"path\":\"#\",\"perms\":\"portal:slideshow:edit\",\"status\":\"0\",\"updateBy\":\"admin\",\"visible\":\"0\"}', '{\"msg\":\"操作成功\",\"code\":200}', 0, NULL, '2022-08-27 06:03:53');
INSERT INTO `sys_oper_log` VALUES (238, '菜单管理', 2, 'com.dragon.web.controller.system.SysMenuController.edit()', 'PUT', 1, 'admin', '/system/menu', '116.7.54.245', '广东省 深圳市', '{\"children\":[],\"component\":\"\",\"createTime\":\"2022-08-20 07:07:41\",\"icon\":\"#\",\"isCache\":\"0\",\"isFrame\":\"1\",\"menuId\":2012,\"menuName\":\"轮播图删除\",\"menuType\":\"F\",\"orderNum\":4,\"params\":{},\"parentId\":2008,\"path\":\"#\",\"perms\":\"portal:slideshow:remove\",\"status\":\"0\",\"updateBy\":\"admin\",\"visible\":\"0\"}', '{\"msg\":\"操作成功\",\"code\":200}', 0, NULL, '2022-08-27 06:04:02');
INSERT INTO `sys_oper_log` VALUES (239, '菜单管理', 2, 'com.dragon.web.controller.system.SysMenuController.edit()', 'PUT', 1, 'admin', '/system/menu', '116.7.54.245', '广东省 深圳市', '{\"children\":[],\"component\":\"\",\"createTime\":\"2022-08-20 07:07:41\",\"icon\":\"#\",\"isCache\":\"0\",\"isFrame\":\"1\",\"menuId\":2013,\"menuName\":\"轮播图导出\",\"menuType\":\"F\",\"orderNum\":5,\"params\":{},\"parentId\":2008,\"path\":\"#\",\"perms\":\"portal:slideshow:export\",\"status\":\"0\",\"updateBy\":\"admin\",\"visible\":\"0\"}', '{\"msg\":\"操作成功\",\"code\":200}', 0, NULL, '2022-08-27 06:04:12');
INSERT INTO `sys_oper_log` VALUES (240, '文章信息', 1, 'com.dragon.web.controller.portal.ArticleController.add()', 'POST', 1, 'admin', '/portal/article', '117.176.231.66', '四川省 成都市', '{\"articleId\":16,\"articleTitle\":\"一直想做一款后台管理系统，看了很多优秀的开源项目但是发现没有合适的。\",\"articleType\":\"1\",\"content\":\"## 平台简介\\n\\n一直想做一款后台管理系统，看了很多优秀的开源项目但是发现没有合适的。于是利用空闲休息时间开始自己写了一套后台系统。如此有了若依。她可以用于所有的Web应用程序，如网站管理后台，网站会员中心，CMS，CRM，OA。所有前端后台代码封装过后十分精简易上手，出错概率低。同时支持移动客户端访问。系统会陆续更新一些实用功能。\\n\\n性别男，若依是给女儿取的名字（寓意：你若不离不弃，我必生死相依）\\n\\n若依是一套全部开源的快速开发平台，毫无保留给个人及企业免费使用。\\n\\n* 前后端分离版本，请移步[RuoYi-Vue](https://gitee.com/y_project/RuoYi-Vue)，微服务版本，请移步[RuoYi-Cloud](https://gitee.com/y_project/RuoYi-Cloud)\\n* 感谢 [hplus](https://gitee.com/hplus_admin/hplus) 后台主题 UI 框架。\\n* 阿里云折扣场：[点我进入](http://aly.ruoyi.vip)，腾讯云秒杀场：[点我进入](http://txy.ruoyi.vip)&nbsp;&nbsp;\\n* 阿里云优惠券：[点我领取](https://www.aliyun.com/minisite/goods?userCode=brki8iof&share_source=copy_link)，腾讯云优惠券：[点我领取](https://cloud.tencent.com/redirect.php?redirect=1025&cps_key=198c8df2ed259157187173bc7f4f32fd&from=console)&nbsp;&nbsp;\\n\\n## 内置功能\\n\\n1.  用户管理：用户是系统操作者，该功能主要完成系统用户配置。\\n2.  部门管理：配置系统组织机构（公司、部门、小组），树结构展现支持数据权限。\\n3.  岗位管理：配置系统用户所属担任职务。\\n4.  菜单管理：配置系统菜单，操作权限，按钮权限标识等。\\n5.  角色管理：角色菜单权限分配、设置角色按机构进行数据范围权限划分。\\n6.  字典管理：对系统中经常使用的一些较为固定的数据进行维护。\\n7.  参数管理：对系统动态配置常用参数。\\n8.  通知公告：系统通知公告信息发布维护。\\n9.  操作日志：系统正常操作日志记录和查询；系统异常信息日志记录和查询。\\n10. 登录日志：系统登录日志记录查询包含登录异常。\\n11. 在线用户：当前系统中活跃用户状态监控。\\n12. 定时任务：在线（添加、修改、删除)任务调度包含执行结果日志。\\n13. 代码生成：前后端代码的生成（java、html、xml、sql）支持CRUD下载 。\\n14. 系统接口：根据业务代码自动生成相关的api接口文档。\\n15. 服务监控：监视当前系统CPU、内存、磁盘、堆栈等相关信息。\\n16. 缓存监控：对系统的缓存查询，删除、清空等操作。\\n17. 在线构建器：拖动表单元素生成相应的HTML代码。\\n18. 连接池监视：监视当前系统数据库连接池状态，可进行分析SQL找出系统性能瓶颈。\\n\\n## 在线体验\\n\\n- admin/admin123  \\n- 陆陆续续收到一些打赏，为了更好的体验已用于演示服务器升级。谢谢各位小伙伴。\\n\\n演示地址：http://ruoyi.vip  \\n文档地址：http://doc.ruoyi.vip\",\"contentHtml\":\"<h2><a id=\\\"_0\\\"></a>平台简介</h2>\\n<p>一直想做一款后台管理系统，看了很多优秀的开源项目但是发现没有合适的。于是利用空闲休息时间开始自己写了一套后台系统。如此有了若依。她可以用于所有的Web应用程序，如网站管理后台，网站会员中心，CMS，CRM，OA。所有前端后台代码封装过后十分精简易上手，出错概率低。同时支持移动客户端访问。系统会陆续更新一些实用功能。</p>\\n<p>性别男，若依是给女儿取的名字（寓意：你若不离不弃，我必生死相依）</p>\\n<p>若依是一套全部开源的快速开发平台，毫无保留给个人及企业免费使用。</p>\\n<ul>\\n<li>前后端分离版本，请移步<a href=\\\"https://gitee.com/y_project/RuoYi-Vue\\\" target=\\\"_blank\\\">RuoYi-Vue</a>，微服务版本，请移步<a ', '{\"msg\":\"操作成功\",\"code\":200}', 0, NULL, '2022-08-29 10:36:54');
INSERT INTO `sys_oper_log` VALUES (241, '轮播图管理', 2, 'com.dragon.web.controller.portal.SlideshowController.edit()', 'PUT', 1, 'admin', '/portal/slideshow', '116.7.55.209', '广东省 深圳市', '{\"clicks\":0,\"createBy\":\"admin\",\"createTime\":\"2022-08-20 21:27:17\",\"isEnable\":\"0\",\"linkUrl\":\"http://dragonwen.cn/course/1\",\"params\":{},\"slideshow\":55,\"slideshowId\":1,\"slideshowImageUrl\":\"https://blog-dragon.oss-cn-shenzhen.aliyuncs.com/2022-08-20/172605dc29fe231548_20220820212328A001.jpg\",\"subTitle\":\"Flink性能调优\",\"target\":\"0\",\"title\":\"Flink性能调优\",\"updateBy\":\"admin\",\"updateTime\":\"2022-09-03T15:30:50.503+08:00\"}', '{\"msg\":\"操作成功\",\"code\":200}', 0, NULL, '2022-09-03 07:30:50');
INSERT INTO `sys_oper_log` VALUES (242, '轮播图管理', 2, 'com.dragon.web.controller.portal.SlideshowController.edit()', 'PUT', 1, 'admin', '/portal/slideshow', '116.7.55.209', '广东省 深圳市', '{\"clicks\":0,\"createBy\":\"admin\",\"createTime\":\"2022-08-20 21:38:34\",\"isEnable\":\"0\",\"linkUrl\":\"http://dragonwen.cn/course/2\",\"params\":{},\"slideshow\":56,\"slideshowId\":2,\"slideshowImageUrl\":\"https://blog-dragon.oss-cn-shenzhen.aliyuncs.com/2022-08-20/1502113c1947586168_20220820213829A001.jpg\",\"subTitle\":\"Kafka3.0\",\"target\":\"0\",\"title\":\"Kafka3.0\",\"updateBy\":\"admin\",\"updateTime\":\"2022-09-03T15:30:58.496+08:00\"}', '{\"msg\":\"操作成功\",\"code\":200}', 0, NULL, '2022-09-03 07:30:58');
INSERT INTO `sys_oper_log` VALUES (243, '轮播图管理', 2, 'com.dragon.web.controller.portal.SlideshowController.edit()', 'PUT', 1, 'admin', '/portal/slideshow', '116.7.55.209', '广东省 深圳市', '{\"clicks\":0,\"createBy\":\"admin\",\"createTime\":\"2022-08-20 22:01:20\",\"isEnable\":\"0\",\"linkUrl\":\"http://dragonwen.cn/course/3\",\"params\":{},\"slideshow\":57,\"slideshowId\":3,\"slideshowImageUrl\":\"https://blog-dragon.oss-cn-shenzhen.aliyuncs.com/2022-08-20/171400881c0d537063_20220820215848A001.jpg\",\"subTitle\":\"Canal数据实时同步神器\",\"target\":\"0\",\"title\":\"Canal数据实时同步神器\",\"updateBy\":\"admin\",\"updateTime\":\"2022-09-03T15:31:04.687+08:00\"}', '{\"msg\":\"操作成功\",\"code\":200}', 0, NULL, '2022-09-03 07:31:04');
INSERT INTO `sys_oper_log` VALUES (244, '轮播图管理', 2, 'com.dragon.web.controller.portal.SlideshowController.edit()', 'PUT', 1, 'admin', '/portal/slideshow', '116.7.55.209', '广东省 深圳市', '{\"clicks\":0,\"createBy\":\"admin\",\"createTime\":\"2022-08-20 22:02:11\",\"isEnable\":\"0\",\"linkUrl\":\"http://dragonwen.cn/course/4\",\"params\":{},\"slideshow\":58,\"slideshowId\":4,\"slideshowImageUrl\":\"https://blog-dragon.oss-cn-shenzhen.aliyuncs.com/2022-08-20/15375531895e994953_20220820220152A001.jpg\",\"subTitle\":\"JavaWeb\",\"target\":\"0\",\"title\":\"JavaWeb\",\"updateBy\":\"admin\",\"updateTime\":\"2022-09-03T15:31:12.21+08:00\"}', '{\"msg\":\"操作成功\",\"code\":200}', 0, NULL, '2022-09-03 07:31:12');
INSERT INTO `sys_oper_log` VALUES (245, '字典类型', 1, 'com.dragon.web.controller.system.SysDictTypeController.add()', 'POST', 1, 'admin', '/system/dict/type', '116.7.55.209', '广东省 深圳市', '{\"createBy\":\"admin\",\"dictName\":\"轮播图打开方式\",\"dictType\":\"slideshow_open_type\",\"params\":{},\"remark\":\"轮播图点击打开方式\",\"status\":\"0\"}', '{\"msg\":\"操作成功\",\"code\":200}', 0, NULL, '2022-09-03 07:35:59');
INSERT INTO `sys_oper_log` VALUES (246, '字典数据', 1, 'com.dragon.web.controller.system.SysDictDataController.add()', 'POST', 1, 'admin', '/system/dict/data', '116.7.55.209', '广东省 深圳市', '{\"createBy\":\"admin\",\"default\":false,\"dictLabel\":\"当前页面\",\"dictSort\":1,\"dictType\":\"slideshow_open_type\",\"dictValue\":\"0\",\"listClass\":\"default\",\"params\":{},\"remark\":\"当前页面打开\",\"status\":\"0\"}', '{\"msg\":\"操作成功\",\"code\":200}', 0, NULL, '2022-09-03 07:36:31');
INSERT INTO `sys_oper_log` VALUES (247, '字典数据', 1, 'com.dragon.web.controller.system.SysDictDataController.add()', 'POST', 1, 'admin', '/system/dict/data', '116.7.55.209', '广东省 深圳市', '{\"createBy\":\"admin\",\"default\":false,\"dictLabel\":\"新建页面\",\"dictSort\":2,\"dictType\":\"slideshow_open_type\",\"dictValue\":\"1\",\"listClass\":\"default\",\"params\":{},\"remark\":\"新建页面打开\",\"status\":\"0\"}', '{\"msg\":\"操作成功\",\"code\":200}', 0, NULL, '2022-09-03 07:36:56');

-- ----------------------------
-- Table structure for sys_role
-- ----------------------------
DROP TABLE IF EXISTS `sys_role`;
CREATE TABLE `sys_role`  (
  `role_id` bigint(20) NOT NULL AUTO_INCREMENT COMMENT '角色ID',
  `role_name` varchar(30) CHARACTER SET utf8mb4 COLLATE utf8mb4_general_ci NOT NULL COMMENT '角色名称',
  `role_key` varchar(100) CHARACTER SET utf8mb4 COLLATE utf8mb4_general_ci NOT NULL COMMENT '角色权限字符串',
  `role_sort` int(11) NOT NULL COMMENT '显示顺序',
  `menu_check_strictly` tinyint(1) NULL DEFAULT 1 COMMENT '菜单树选择项是否关联显示',
  `status` char(1) CHARACTER SET utf8mb4 COLLATE utf8mb4_general_ci NOT NULL COMMENT '角色状态（0正常 1停用）',
  `del_flag` char(1) CHARACTER SET utf8mb4 COLLATE utf8mb4_general_ci NULL DEFAULT '0' COMMENT '删除标志（0代表存在 2代表删除）',
  `create_by` varchar(64) CHARACTER SET utf8mb4 COLLATE utf8mb4_general_ci NULL DEFAULT '' COMMENT '创建者',
  `create_time` datetime(0) NULL DEFAULT NULL COMMENT '创建时间',
  `update_by` varchar(64) CHARACTER SET utf8mb4 COLLATE utf8mb4_general_ci NULL DEFAULT '' COMMENT '更新者',
  `update_time` datetime(0) NULL DEFAULT NULL COMMENT '更新时间',
  `remark` varchar(500) CHARACTER SET utf8mb4 COLLATE utf8mb4_general_ci NULL DEFAULT NULL COMMENT '备注',
  PRIMARY KEY (`role_id`) USING BTREE
) ENGINE = InnoDB AUTO_INCREMENT = 3 CHARACTER SET = utf8mb4 COLLATE = utf8mb4_general_ci COMMENT = '角色信息表' ROW_FORMAT = Dynamic;

-- ----------------------------
-- Records of sys_role
-- ----------------------------
INSERT INTO `sys_role` VALUES (1, '超级管理员', 'admin', 1, 1, '0', '0', 'admin', '2022-04-10 19:22:50', '', NULL, '超级管理员');
INSERT INTO `sys_role` VALUES (2, '普通角色', 'common', 2, 1, '0', '0', 'admin', '2022-04-10 19:22:50', 'admin', '2022-07-09 13:58:20', '普通角色');

-- ----------------------------
-- Table structure for sys_role_menu
-- ----------------------------
DROP TABLE IF EXISTS `sys_role_menu`;
CREATE TABLE `sys_role_menu`  (
  `role_id` bigint(20) NOT NULL COMMENT '角色ID',
  `menu_id` bigint(20) NOT NULL COMMENT '菜单ID',
  PRIMARY KEY (`role_id`, `menu_id`) USING BTREE
) ENGINE = InnoDB CHARACTER SET = utf8mb4 COLLATE = utf8mb4_general_ci COMMENT = '角色和菜单关联表' ROW_FORMAT = Dynamic;

-- ----------------------------
-- Records of sys_role_menu
-- ----------------------------
INSERT INTO `sys_role_menu` VALUES (2, 1);
INSERT INTO `sys_role_menu` VALUES (2, 2);
INSERT INTO `sys_role_menu` VALUES (2, 3);
INSERT INTO `sys_role_menu` VALUES (2, 4);
INSERT INTO `sys_role_menu` VALUES (2, 100);
INSERT INTO `sys_role_menu` VALUES (2, 101);
INSERT INTO `sys_role_menu` VALUES (2, 102);
INSERT INTO `sys_role_menu` VALUES (2, 105);
INSERT INTO `sys_role_menu` VALUES (2, 106);
INSERT INTO `sys_role_menu` VALUES (2, 107);
INSERT INTO `sys_role_menu` VALUES (2, 108);
INSERT INTO `sys_role_menu` VALUES (2, 109);
INSERT INTO `sys_role_menu` VALUES (2, 110);
INSERT INTO `sys_role_menu` VALUES (2, 111);
INSERT INTO `sys_role_menu` VALUES (2, 112);
INSERT INTO `sys_role_menu` VALUES (2, 113);
INSERT INTO `sys_role_menu` VALUES (2, 114);
INSERT INTO `sys_role_menu` VALUES (2, 115);
INSERT INTO `sys_role_menu` VALUES (2, 116);
INSERT INTO `sys_role_menu` VALUES (2, 500);
INSERT INTO `sys_role_menu` VALUES (2, 501);
INSERT INTO `sys_role_menu` VALUES (2, 1001);
INSERT INTO `sys_role_menu` VALUES (2, 1002);
INSERT INTO `sys_role_menu` VALUES (2, 1003);
INSERT INTO `sys_role_menu` VALUES (2, 1004);
INSERT INTO `sys_role_menu` VALUES (2, 1005);
INSERT INTO `sys_role_menu` VALUES (2, 1006);
INSERT INTO `sys_role_menu` VALUES (2, 1007);
INSERT INTO `sys_role_menu` VALUES (2, 1008);
INSERT INTO `sys_role_menu` VALUES (2, 1009);
INSERT INTO `sys_role_menu` VALUES (2, 1010);
INSERT INTO `sys_role_menu` VALUES (2, 1011);
INSERT INTO `sys_role_menu` VALUES (2, 1012);
INSERT INTO `sys_role_menu` VALUES (2, 1013);
INSERT INTO `sys_role_menu` VALUES (2, 1014);
INSERT INTO `sys_role_menu` VALUES (2, 1015);
INSERT INTO `sys_role_menu` VALUES (2, 1016);
INSERT INTO `sys_role_menu` VALUES (2, 1026);
INSERT INTO `sys_role_menu` VALUES (2, 1027);
INSERT INTO `sys_role_menu` VALUES (2, 1028);
INSERT INTO `sys_role_menu` VALUES (2, 1029);
INSERT INTO `sys_role_menu` VALUES (2, 1030);
INSERT INTO `sys_role_menu` VALUES (2, 1031);
INSERT INTO `sys_role_menu` VALUES (2, 1032);
INSERT INTO `sys_role_menu` VALUES (2, 1033);
INSERT INTO `sys_role_menu` VALUES (2, 1034);
INSERT INTO `sys_role_menu` VALUES (2, 1035);
INSERT INTO `sys_role_menu` VALUES (2, 1036);
INSERT INTO `sys_role_menu` VALUES (2, 1037);
INSERT INTO `sys_role_menu` VALUES (2, 1038);
INSERT INTO `sys_role_menu` VALUES (2, 1039);
INSERT INTO `sys_role_menu` VALUES (2, 1040);
INSERT INTO `sys_role_menu` VALUES (2, 1041);
INSERT INTO `sys_role_menu` VALUES (2, 1042);
INSERT INTO `sys_role_menu` VALUES (2, 1043);
INSERT INTO `sys_role_menu` VALUES (2, 1044);
INSERT INTO `sys_role_menu` VALUES (2, 1045);
INSERT INTO `sys_role_menu` VALUES (2, 1046);
INSERT INTO `sys_role_menu` VALUES (2, 1047);
INSERT INTO `sys_role_menu` VALUES (2, 1048);
INSERT INTO `sys_role_menu` VALUES (2, 1049);
INSERT INTO `sys_role_menu` VALUES (2, 1050);
INSERT INTO `sys_role_menu` VALUES (2, 1051);
INSERT INTO `sys_role_menu` VALUES (2, 1052);
INSERT INTO `sys_role_menu` VALUES (2, 1053);
INSERT INTO `sys_role_menu` VALUES (2, 1054);
INSERT INTO `sys_role_menu` VALUES (2, 1055);
INSERT INTO `sys_role_menu` VALUES (2, 1056);
INSERT INTO `sys_role_menu` VALUES (2, 1057);
INSERT INTO `sys_role_menu` VALUES (2, 1058);
INSERT INTO `sys_role_menu` VALUES (2, 1059);
INSERT INTO `sys_role_menu` VALUES (2, 1060);
INSERT INTO `sys_role_menu` VALUES (2, 2000);
INSERT INTO `sys_role_menu` VALUES (2, 2001);
INSERT INTO `sys_role_menu` VALUES (2, 2002);
INSERT INTO `sys_role_menu` VALUES (2, 2003);
INSERT INTO `sys_role_menu` VALUES (2, 2004);
INSERT INTO `sys_role_menu` VALUES (2, 2005);
INSERT INTO `sys_role_menu` VALUES (2, 2006);
INSERT INTO `sys_role_menu` VALUES (2, 2007);

-- ----------------------------
-- Table structure for sys_user
-- ----------------------------
DROP TABLE IF EXISTS `sys_user`;
CREATE TABLE `sys_user`  (
  `user_id` bigint(20) NOT NULL AUTO_INCREMENT COMMENT '用户ID',
  `user_name` varchar(30) CHARACTER SET utf8mb4 COLLATE utf8mb4_general_ci NOT NULL COMMENT '用户账号',
  `nick_name` varchar(30) CHARACTER SET utf8mb4 COLLATE utf8mb4_general_ci NOT NULL COMMENT '用户昵称',
  `user_type` varchar(2) CHARACTER SET utf8mb4 COLLATE utf8mb4_general_ci NULL DEFAULT '00' COMMENT '用户类型（00系统用户）',
  `email` varchar(50) CHARACTER SET utf8mb4 COLLATE utf8mb4_general_ci NULL DEFAULT '' COMMENT '用户邮箱',
  `phonenumber` varchar(11) CHARACTER SET utf8mb4 COLLATE utf8mb4_general_ci NULL DEFAULT '' COMMENT '手机号码',
  `sex` char(1) CHARACTER SET utf8mb4 COLLATE utf8mb4_general_ci NULL DEFAULT '0' COMMENT '用户性别（0男 1女 2未知）',
  `avatar_id` bigint(20) NULL DEFAULT NULL COMMENT '头像ID',
  `password` varchar(100) CHARACTER SET utf8mb4 COLLATE utf8mb4_general_ci NULL DEFAULT '' COMMENT '密码',
  `status` char(1) CHARACTER SET utf8mb4 COLLATE utf8mb4_general_ci NULL DEFAULT '0' COMMENT '帐号状态（0正常 1停用）',
  `del_flag` char(1) CHARACTER SET utf8mb4 COLLATE utf8mb4_general_ci NULL DEFAULT '0' COMMENT '删除标志（0代表存在 2代表删除）',
  `login_ip` varchar(128) CHARACTER SET utf8mb4 COLLATE utf8mb4_general_ci NULL DEFAULT '' COMMENT '最后登录IP',
  `login_date` datetime(0) NULL DEFAULT NULL COMMENT '最后登录时间',
  `create_by` varchar(64) CHARACTER SET utf8mb4 COLLATE utf8mb4_general_ci NULL DEFAULT '' COMMENT '创建者',
  `create_time` datetime(0) NULL DEFAULT NULL COMMENT '创建时间',
  `update_by` varchar(64) CHARACTER SET utf8mb4 COLLATE utf8mb4_general_ci NULL DEFAULT '' COMMENT '更新者',
  `update_time` datetime(0) NULL DEFAULT NULL COMMENT '更新时间',
  `remark` varchar(500) CHARACTER SET utf8mb4 COLLATE utf8mb4_general_ci NULL DEFAULT NULL COMMENT '备注',
  PRIMARY KEY (`user_id`) USING BTREE
) ENGINE = InnoDB AUTO_INCREMENT = 3 CHARACTER SET = utf8mb4 COLLATE = utf8mb4_general_ci COMMENT = '用户信息表' ROW_FORMAT = Dynamic;

-- ----------------------------
-- Records of sys_user
-- ----------------------------
INSERT INTO `sys_user` VALUES (1, 'admin', '管理员', '00', 'admin@163.com', '15888888888', '1', 34, '$2a$10$7JB720yubVSZvUI0rEqK/.VqGOZTH.ulu33dHOiBE8ByOhJIrdAu2', '0', '0', '113.57.237.91', '2022-10-17 15:20:16', 'admin', '2022-04-10 19:22:50', '', '2022-10-17 07:20:16', '管理员');
INSERT INTO `sys_user` VALUES (2, 'test', '测试', '00', 'test@qq.com', '15666666666', '0', NULL, '$2a$10$7JB720yubVSZvUI0rEqK/.VqGOZTH.ulu33dHOiBE8ByOhJIrdAu2', '0', '0', '127.0.0.1', '2022-04-10 19:22:50', 'admin', '2022-04-10 19:22:50', 'admin', '2022-05-01 15:40:54', '测试员');

-- ----------------------------
-- Table structure for sys_user_role
-- ----------------------------
DROP TABLE IF EXISTS `sys_user_role`;
CREATE TABLE `sys_user_role`  (
  `user_id` bigint(20) NOT NULL COMMENT '用户ID',
  `role_id` bigint(20) NOT NULL COMMENT '角色ID',
  PRIMARY KEY (`user_id`, `role_id`) USING BTREE
) ENGINE = InnoDB CHARACTER SET = utf8mb4 COLLATE = utf8mb4_general_ci COMMENT = '用户和角色关联表' ROW_FORMAT = Dynamic;

-- ----------------------------
-- Records of sys_user_role
-- ----------------------------
INSERT INTO `sys_user_role` VALUES (1, 1);
INSERT INTO `sys_user_role` VALUES (2, 2);

SET FOREIGN_KEY_CHECKS = 1;
